ISO-10303-21;
HEADER;
FILE_DESCRIPTION(('Designed by EasyEDA Pro'),'2;1');
FILE_NAME('Open CASCADE Shape Model','2026-06-09T21:42:05',('Author'),(
    'Open CASCADE'),'Open CASCADE STEP processor 7.8','Open CASCADE 7.8'
  ,'Unknown');
FILE_SCHEMA(('AUTOMOTIVE_DESIGN { 1 0 10303 214 1 1 1 1 }'));
ENDSEC;
DATA;
#1 = APPLICATION_PROTOCOL_DEFINITION('international standard',
  'automotive_design',2000,#2);
#2 = APPLICATION_CONTEXT(
  'core data for automotive mechanical design processes');
#3 = SHAPE_DEFINITION_REPRESENTATION(#4,#10);
#4 = PRODUCT_DEFINITION_SHAPE('','',#5);
#5 = PRODUCT_DEFINITION('design','',#6,#9);
#6 = PRODUCT_DEFINITION_FORMATION('','',#7);
#7 = PRODUCT('EasyEDA PCB Model~n1b3','EasyEDA PCB Model~n1b3','',(#8));
#8 = PRODUCT_CONTEXT('',#2,'mechanical');
#9 = PRODUCT_DEFINITION_CONTEXT('part definition',#2,'design');
#10 = SHAPE_REPRESENTATION('',(#11,#15,#19,#23,#27,#31),#35);
#11 = AXIS2_PLACEMENT_3D('',#12,#13,#14);
#12 = CARTESIAN_POINT('',(0.,0.,0.));
#13 = DIRECTION('',(0.,0.,1.));
#14 = DIRECTION('',(1.,0.,-0.));
#15 = AXIS2_PLACEMENT_3D('',#16,#17,#18);
#16 = CARTESIAN_POINT('',(0.,0.,0.));
#17 = DIRECTION('',(0.,0.,1.));
#18 = DIRECTION('',(1.,0.,-0.));
#19 = AXIS2_PLACEMENT_3D('',#20,#21,#22);
#20 = CARTESIAN_POINT('',(0.,0.,1.610050800102));
#21 = DIRECTION('',(0.,0.,1.));
#22 = DIRECTION('',(1.,0.,-0.));
#23 = AXIS2_PLACEMENT_3D('',#24,#25,#26);
#24 = CARTESIAN_POINT('',(0.,0.,-1.E-02));
#25 = DIRECTION('',(0.,0.,1.));
#26 = DIRECTION('',(1.,0.,-0.));
#27 = AXIS2_PLACEMENT_3D('',#28,#29,#30);
#28 = CARTESIAN_POINT('',(0.,0.,0.));
#29 = DIRECTION('',(0.,0.,1.));
#30 = DIRECTION('',(1.,0.,-0.));
#31 = AXIS2_PLACEMENT_3D('',#32,#33,#34);
#32 = CARTESIAN_POINT('',(0.,0.,0.));
#33 = DIRECTION('',(0.,0.,1.));
#34 = DIRECTION('',(1.,0.,-0.));
#35 = ( GEOMETRIC_REPRESENTATION_CONTEXT(3) 
GLOBAL_UNCERTAINTY_ASSIGNED_CONTEXT((#39)) GLOBAL_UNIT_ASSIGNED_CONTEXT(
(#36,#37,#38)) REPRESENTATION_CONTEXT('Context #1',
  '3D Context with UNIT and UNCERTAINTY') );
#36 = ( LENGTH_UNIT() NAMED_UNIT(*) SI_UNIT(.MILLI.,.METRE.) );
#37 = ( NAMED_UNIT(*) PLANE_ANGLE_UNIT() SI_UNIT($,.RADIAN.) );
#38 = ( NAMED_UNIT(*) SI_UNIT($,.STERADIAN.) SOLID_ANGLE_UNIT() );
#39 = UNCERTAINTY_MEASURE_WITH_UNIT(LENGTH_MEASURE(1.E-07),#36,
  'distance_accuracy_value','confusion accuracy');
#40 = PRODUCT_RELATED_PRODUCT_CATEGORY('part',$,(#7));
#41 = SHAPE_DEFINITION_REPRESENTATION(#42,#48);
#42 = PRODUCT_DEFINITION_SHAPE('','',#43);
#43 = PRODUCT_DEFINITION('design','',#44,#47);
#44 = PRODUCT_DEFINITION_FORMATION('','',#45);
#45 = PRODUCT('Board~n1b3','Board~n1b3','',(#46));
#46 = PRODUCT_CONTEXT('',#2,'mechanical');
#47 = PRODUCT_DEFINITION_CONTEXT('part definition',#2,'design');
#48 = ADVANCED_BREP_SHAPE_REPRESENTATION('',(#11,#49),#5613);
#49 = MANIFOLD_SOLID_BREP('',#50);
#50 = CLOSED_SHELL('',(#51,#93,#117,#159,#183,#225,#249,#291,#315,#357,
    #381,#423,#447,#489,#513,#555,#579,#621,#645,#687,#711,#753,#777,
    #819,#843,#885,#909,#951,#975,#1017,#1041,#1083,#1107,#1149,#1173,
    #1215,#1239,#1281,#1305,#1347,#1371,#1413,#1437,#1479,#1503,#1545,
    #1569,#1611,#1635,#1677,#1701,#1743,#1767,#1809,#1833,#1875,#1899,
    #1941,#1965,#2007,#2031,#2073,#2097,#2139,#2163,#2205,#2229,#2271,
    #2295,#2337,#2361,#2403,#2427,#2469,#2493,#2535,#2559,#2601,#2625,
    #2667,#2691,#2733,#2757,#2799,#2823,#2865,#2889,#2931,#2955,#2997,
    #3021,#3063,#3087,#3129,#3153,#3195,#3219,#3261,#3285,#3327,#3351,
    #3393,#3417,#3459,#3483,#3525,#3549,#3591,#3615,#3657,#3681,#3723,
    #3747,#3789,#3813,#3855,#3879,#3921,#3945,#3987,#4011,#4053,#4077,
    #4119,#4143,#4185,#4209,#4251,#4275,#4317,#4341,#4383,#4407,#4449,
    #4473,#4515,#4539,#4581,#4605,#4647,#4671,#4713,#4737,#4779,#4803,
    #4845,#4869,#4911,#4935,#4977,#5001,#5307));
#51 = ADVANCED_FACE('',(#52),#88,.T.);
#52 = FACE_BOUND('',#53,.T.);
#53 = EDGE_LOOP('',(#54,#64,#73,#81));
#54 = ORIENTED_EDGE('',*,*,#55,.T.);
#55 = EDGE_CURVE('',#56,#58,#60,.T.);
#56 = VERTEX_POINT('',#57);
#57 = CARTESIAN_POINT('',(-49.39039878079,0.254000508001,0.));
#58 = VERTEX_POINT('',#59);
#59 = CARTESIAN_POINT('',(-49.39039878079,0.254000508001,1.600050800102)
  );
#60 = LINE('',#61,#62);
#61 = CARTESIAN_POINT('',(-49.39039878079,0.254000508001,0.));
#62 = VECTOR('',#63,1.);
#63 = DIRECTION('',(0.,0.,1.));
#64 = ORIENTED_EDGE('',*,*,#65,.T.);
#65 = EDGE_CURVE('',#58,#66,#68,.T.);
#66 = VERTEX_POINT('',#67);
#67 = CARTESIAN_POINT('',(49.644399288799,0.254000508001,1.600050800102)
  );
#68 = CIRCLE('',#69,49.517399034798);
#69 = AXIS2_PLACEMENT_3D('',#70,#71,#72);
#70 = CARTESIAN_POINT('',(0.127000254001,0.254000508001,1.600050800102)
  );
#71 = DIRECTION('',(0.,0.,-1.));
#72 = DIRECTION('',(-1.,1.110223024625E-16,0.));
#73 = ORIENTED_EDGE('',*,*,#74,.F.);
#74 = EDGE_CURVE('',#75,#66,#77,.T.);
#75 = VERTEX_POINT('',#76);
#76 = CARTESIAN_POINT('',(49.644399288799,0.254000508001,0.));
#77 = LINE('',#78,#79);
#78 = CARTESIAN_POINT('',(49.644399288799,0.254000508001,0.));
#79 = VECTOR('',#80,1.);
#80 = DIRECTION('',(0.,0.,1.));
#81 = ORIENTED_EDGE('',*,*,#82,.F.);
#82 = EDGE_CURVE('',#56,#75,#83,.T.);
#83 = CIRCLE('',#84,49.517399034798);
#84 = AXIS2_PLACEMENT_3D('',#85,#86,#87);
#85 = CARTESIAN_POINT('',(0.127000254001,0.254000508001,0.));
#86 = DIRECTION('',(0.,0.,-1.));
#87 = DIRECTION('',(-1.,1.110223024625E-16,0.));
#88 = CYLINDRICAL_SURFACE('',#89,49.517399034798);
#89 = AXIS2_PLACEMENT_3D('',#90,#91,#92);
#90 = CARTESIAN_POINT('',(0.127000254001,0.254000508001,0.));
#91 = DIRECTION('',(0.,0.,-1.));
#92 = DIRECTION('',(-1.,1.110223024625E-16,0.));
#93 = ADVANCED_FACE('',(#94),#112,.T.);
#94 = FACE_BOUND('',#95,.T.);
#95 = EDGE_LOOP('',(#96,#97,#104,#105));
#96 = ORIENTED_EDGE('',*,*,#74,.T.);
#97 = ORIENTED_EDGE('',*,*,#98,.T.);
#98 = EDGE_CURVE('',#66,#58,#99,.T.);
#99 = CIRCLE('',#100,49.517399034798);
#100 = AXIS2_PLACEMENT_3D('',#101,#102,#103);
#101 = CARTESIAN_POINT('',(0.127000254001,0.254000508001,1.600050800102)
  );
#102 = DIRECTION('',(-0.,0.,-1.));
#103 = DIRECTION('',(1.,-2.023873360372E-16,-0.));
#104 = ORIENTED_EDGE('',*,*,#55,.F.);
#105 = ORIENTED_EDGE('',*,*,#106,.F.);
#106 = EDGE_CURVE('',#75,#56,#107,.T.);
#107 = CIRCLE('',#108,49.517399034798);
#108 = AXIS2_PLACEMENT_3D('',#109,#110,#111);
#109 = CARTESIAN_POINT('',(0.127000254001,0.254000508001,0.));
#110 = DIRECTION('',(-0.,0.,-1.));
#111 = DIRECTION('',(1.,-2.023873360372E-16,-0.));
#112 = CYLINDRICAL_SURFACE('',#113,49.517399034798);
#113 = AXIS2_PLACEMENT_3D('',#114,#115,#116);
#114 = CARTESIAN_POINT('',(0.127000254001,0.254000508001,0.));
#115 = DIRECTION('',(-0.,0.,-1.));
#116 = DIRECTION('',(1.,-2.023873360372E-16,-0.));
#117 = ADVANCED_FACE('',(#118),#154,.F.);
#118 = FACE_BOUND('',#119,.T.);
#119 = EDGE_LOOP('',(#120,#130,#139,#147));
#120 = ORIENTED_EDGE('',*,*,#121,.T.);
#121 = EDGE_CURVE('',#122,#124,#126,.T.);
#122 = VERTEX_POINT('',#123);
#123 = CARTESIAN_POINT('',(-43.06108712217,-2.032004064008,0.));
#124 = VERTEX_POINT('',#125);
#125 = CARTESIAN_POINT('',(-43.06108712217,-2.032004064008,
    1.600050800102));
#126 = LINE('',#127,#128);
#127 = CARTESIAN_POINT('',(-43.06108712217,-2.032004064008,0.));
#128 = VECTOR('',#129,1.);
#129 = DIRECTION('',(0.,0.,1.));
#130 = ORIENTED_EDGE('',*,*,#131,.T.);
#131 = EDGE_CURVE('',#124,#132,#134,.T.);
#132 = VERTEX_POINT('',#133);
#133 = CARTESIAN_POINT('',(-44.06108712217,-2.032004064008,
    1.600050800102));
#134 = CIRCLE('',#135,0.5);
#135 = AXIS2_PLACEMENT_3D('',#136,#137,#138);
#136 = CARTESIAN_POINT('',(-43.56108712217,-2.032004064008,
    1.600050800102));
#137 = DIRECTION('',(0.,0.,1.));
#138 = DIRECTION('',(1.,1.110223024625E-16,-0.));
#139 = ORIENTED_EDGE('',*,*,#140,.F.);
#140 = EDGE_CURVE('',#141,#132,#143,.T.);
#141 = VERTEX_POINT('',#142);
#142 = CARTESIAN_POINT('',(-44.06108712217,-2.032004064008,0.));
#143 = LINE('',#144,#145);
#144 = CARTESIAN_POINT('',(-44.06108712217,-2.032004064008,0.));
#145 = VECTOR('',#146,1.);
#146 = DIRECTION('',(0.,0.,1.));
#147 = ORIENTED_EDGE('',*,*,#148,.F.);
#148 = EDGE_CURVE('',#122,#141,#149,.T.);
#149 = CIRCLE('',#150,0.5);
#150 = AXIS2_PLACEMENT_3D('',#151,#152,#153);
#151 = CARTESIAN_POINT('',(-43.56108712217,-2.032004064008,0.));
#152 = DIRECTION('',(0.,0.,1.));
#153 = DIRECTION('',(1.,1.110223024625E-16,-0.));
#154 = CYLINDRICAL_SURFACE('',#155,0.5);
#155 = AXIS2_PLACEMENT_3D('',#156,#157,#158);
#156 = CARTESIAN_POINT('',(-43.56108712217,-2.032004064008,0.));
#157 = DIRECTION('',(-0.,-0.,-1.));
#158 = DIRECTION('',(1.,1.110223024625E-16,-0.));
#159 = ADVANCED_FACE('',(#160),#178,.F.);
#160 = FACE_BOUND('',#161,.T.);
#161 = EDGE_LOOP('',(#162,#163,#170,#171));
#162 = ORIENTED_EDGE('',*,*,#140,.T.);
#163 = ORIENTED_EDGE('',*,*,#164,.T.);
#164 = EDGE_CURVE('',#132,#124,#165,.T.);
#165 = CIRCLE('',#166,0.5);
#166 = AXIS2_PLACEMENT_3D('',#167,#168,#169);
#167 = CARTESIAN_POINT('',(-43.56108712217,-2.032004064008,
    1.600050800102));
#168 = DIRECTION('',(0.,0.,1.));
#169 = DIRECTION('',(-1.,-1.110223024625E-16,0.));
#170 = ORIENTED_EDGE('',*,*,#121,.F.);
#171 = ORIENTED_EDGE('',*,*,#172,.F.);
#172 = EDGE_CURVE('',#141,#122,#173,.T.);
#173 = CIRCLE('',#174,0.5);
#174 = AXIS2_PLACEMENT_3D('',#175,#176,#177);
#175 = CARTESIAN_POINT('',(-43.56108712217,-2.032004064008,0.));
#176 = DIRECTION('',(0.,0.,1.));
#177 = DIRECTION('',(-1.,-1.110223024625E-16,0.));
#178 = CYLINDRICAL_SURFACE('',#179,0.5);
#179 = AXIS2_PLACEMENT_3D('',#180,#181,#182);
#180 = CARTESIAN_POINT('',(-43.56108712217,-2.032004064008,0.));
#181 = DIRECTION('',(-0.,-0.,-1.));
#182 = DIRECTION('',(-1.,-1.110223024625E-16,0.));
#183 = ADVANCED_FACE('',(#184),#220,.F.);
#184 = FACE_BOUND('',#185,.T.);
#185 = EDGE_LOOP('',(#186,#196,#205,#213));
#186 = ORIENTED_EDGE('',*,*,#187,.T.);
#187 = EDGE_CURVE('',#188,#190,#192,.T.);
#188 = VERTEX_POINT('',#189);
#189 = CARTESIAN_POINT('',(-40.52108204216,-2.032004064008,0.));
#190 = VERTEX_POINT('',#191);
#191 = CARTESIAN_POINT('',(-40.52108204216,-2.032004064008,
    1.600050800102));
#192 = LINE('',#193,#194);
#193 = CARTESIAN_POINT('',(-40.52108204216,-2.032004064008,0.));
#194 = VECTOR('',#195,1.);
#195 = DIRECTION('',(0.,0.,1.));
#196 = ORIENTED_EDGE('',*,*,#197,.T.);
#197 = EDGE_CURVE('',#190,#198,#200,.T.);
#198 = VERTEX_POINT('',#199);
#199 = CARTESIAN_POINT('',(-41.52108204216,-2.032004064008,
    1.600050800102));
#200 = CIRCLE('',#201,0.5);
#201 = AXIS2_PLACEMENT_3D('',#202,#203,#204);
#202 = CARTESIAN_POINT('',(-41.02108204216,-2.032004064008,
    1.600050800102));
#203 = DIRECTION('',(0.,0.,1.));
#204 = DIRECTION('',(1.,1.110223024625E-16,-0.));
#205 = ORIENTED_EDGE('',*,*,#206,.F.);
#206 = EDGE_CURVE('',#207,#198,#209,.T.);
#207 = VERTEX_POINT('',#208);
#208 = CARTESIAN_POINT('',(-41.52108204216,-2.032004064008,0.));
#209 = LINE('',#210,#211);
#210 = CARTESIAN_POINT('',(-41.52108204216,-2.032004064008,0.));
#211 = VECTOR('',#212,1.);
#212 = DIRECTION('',(0.,0.,1.));
#213 = ORIENTED_EDGE('',*,*,#214,.F.);
#214 = EDGE_CURVE('',#188,#207,#215,.T.);
#215 = CIRCLE('',#216,0.5);
#216 = AXIS2_PLACEMENT_3D('',#217,#218,#219);
#217 = CARTESIAN_POINT('',(-41.02108204216,-2.032004064008,0.));
#218 = DIRECTION('',(0.,0.,1.));
#219 = DIRECTION('',(1.,1.110223024625E-16,-0.));
#220 = CYLINDRICAL_SURFACE('',#221,0.5);
#221 = AXIS2_PLACEMENT_3D('',#222,#223,#224);
#222 = CARTESIAN_POINT('',(-41.02108204216,-2.032004064008,0.));
#223 = DIRECTION('',(-0.,-0.,-1.));
#224 = DIRECTION('',(1.,1.110223024625E-16,-0.));
#225 = ADVANCED_FACE('',(#226),#244,.F.);
#226 = FACE_BOUND('',#227,.T.);
#227 = EDGE_LOOP('',(#228,#229,#236,#237));
#228 = ORIENTED_EDGE('',*,*,#206,.T.);
#229 = ORIENTED_EDGE('',*,*,#230,.T.);
#230 = EDGE_CURVE('',#198,#190,#231,.T.);
#231 = CIRCLE('',#232,0.5);
#232 = AXIS2_PLACEMENT_3D('',#233,#234,#235);
#233 = CARTESIAN_POINT('',(-41.02108204216,-2.032004064008,
    1.600050800102));
#234 = DIRECTION('',(0.,0.,1.));
#235 = DIRECTION('',(-1.,-1.110223024625E-16,0.));
#236 = ORIENTED_EDGE('',*,*,#187,.F.);
#237 = ORIENTED_EDGE('',*,*,#238,.F.);
#238 = EDGE_CURVE('',#207,#188,#239,.T.);
#239 = CIRCLE('',#240,0.5);
#240 = AXIS2_PLACEMENT_3D('',#241,#242,#243);
#241 = CARTESIAN_POINT('',(-41.02108204216,-2.032004064008,0.));
#242 = DIRECTION('',(0.,0.,1.));
#243 = DIRECTION('',(-1.,-1.110223024625E-16,0.));
#244 = CYLINDRICAL_SURFACE('',#245,0.5);
#245 = AXIS2_PLACEMENT_3D('',#246,#247,#248);
#246 = CARTESIAN_POINT('',(-41.02108204216,-2.032004064008,0.));
#247 = DIRECTION('',(-0.,-0.,-1.));
#248 = DIRECTION('',(-1.,-1.110223024625E-16,0.));
#249 = ADVANCED_FACE('',(#250),#286,.F.);
#250 = FACE_BOUND('',#251,.T.);
#251 = EDGE_LOOP('',(#252,#262,#271,#279));
#252 = ORIENTED_EDGE('',*,*,#253,.T.);
#253 = EDGE_CURVE('',#254,#256,#258,.T.);
#254 = VERTEX_POINT('',#255);
#255 = CARTESIAN_POINT('',(-38.74307848615,19.431038862078,0.));
#256 = VERTEX_POINT('',#257);
#257 = CARTESIAN_POINT('',(-38.74307848615,19.431038862078,
    1.600050800102));
#258 = LINE('',#259,#260);
#259 = CARTESIAN_POINT('',(-38.74307848615,19.431038862078,0.));
#260 = VECTOR('',#261,1.);
#261 = DIRECTION('',(0.,0.,1.));
#262 = ORIENTED_EDGE('',*,*,#263,.T.);
#263 = EDGE_CURVE('',#256,#264,#266,.T.);
#264 = VERTEX_POINT('',#265);
#265 = CARTESIAN_POINT('',(-39.74307848615,19.431038862078,
    1.600050800102));
#266 = CIRCLE('',#267,0.5);
#267 = AXIS2_PLACEMENT_3D('',#268,#269,#270);
#268 = CARTESIAN_POINT('',(-39.24307848615,19.431038862078,
    1.600050800102));
#269 = DIRECTION('',(0.,0.,1.));
#270 = DIRECTION('',(1.,1.110223024625E-16,-0.));
#271 = ORIENTED_EDGE('',*,*,#272,.F.);
#272 = EDGE_CURVE('',#273,#264,#275,.T.);
#273 = VERTEX_POINT('',#274);
#274 = CARTESIAN_POINT('',(-39.74307848615,19.431038862078,0.));
#275 = LINE('',#276,#277);
#276 = CARTESIAN_POINT('',(-39.74307848615,19.431038862078,0.));
#277 = VECTOR('',#278,1.);
#278 = DIRECTION('',(0.,0.,1.));
#279 = ORIENTED_EDGE('',*,*,#280,.F.);
#280 = EDGE_CURVE('',#254,#273,#281,.T.);
#281 = CIRCLE('',#282,0.5);
#282 = AXIS2_PLACEMENT_3D('',#283,#284,#285);
#283 = CARTESIAN_POINT('',(-39.24307848615,19.431038862078,0.));
#284 = DIRECTION('',(0.,0.,1.));
#285 = DIRECTION('',(1.,1.110223024625E-16,-0.));
#286 = CYLINDRICAL_SURFACE('',#287,0.5);
#287 = AXIS2_PLACEMENT_3D('',#288,#289,#290);
#288 = CARTESIAN_POINT('',(-39.24307848615,19.431038862078,0.));
#289 = DIRECTION('',(-0.,-0.,-1.));
#290 = DIRECTION('',(1.,1.110223024625E-16,-0.));
#291 = ADVANCED_FACE('',(#292),#310,.F.);
#292 = FACE_BOUND('',#293,.T.);
#293 = EDGE_LOOP('',(#294,#295,#302,#303));
#294 = ORIENTED_EDGE('',*,*,#272,.T.);
#295 = ORIENTED_EDGE('',*,*,#296,.T.);
#296 = EDGE_CURVE('',#264,#256,#297,.T.);
#297 = CIRCLE('',#298,0.5);
#298 = AXIS2_PLACEMENT_3D('',#299,#300,#301);
#299 = CARTESIAN_POINT('',(-39.24307848615,19.431038862078,
    1.600050800102));
#300 = DIRECTION('',(0.,0.,1.));
#301 = DIRECTION('',(-1.,-1.110223024625E-16,0.));
#302 = ORIENTED_EDGE('',*,*,#253,.F.);
#303 = ORIENTED_EDGE('',*,*,#304,.F.);
#304 = EDGE_CURVE('',#273,#254,#305,.T.);
#305 = CIRCLE('',#306,0.5);
#306 = AXIS2_PLACEMENT_3D('',#307,#308,#309);
#307 = CARTESIAN_POINT('',(-39.24307848615,19.431038862078,0.));
#308 = DIRECTION('',(0.,0.,1.));
#309 = DIRECTION('',(-1.,-1.110223024625E-16,0.));
#310 = CYLINDRICAL_SURFACE('',#311,0.5);
#311 = AXIS2_PLACEMENT_3D('',#312,#313,#314);
#312 = CARTESIAN_POINT('',(-39.24307848615,19.431038862078,0.));
#313 = DIRECTION('',(-0.,-0.,-1.));
#314 = DIRECTION('',(-1.,-1.110223024625E-16,0.));
#315 = ADVANCED_FACE('',(#316),#352,.F.);
#316 = FACE_BOUND('',#317,.T.);
#317 = EDGE_LOOP('',(#318,#328,#337,#345));
#318 = ORIENTED_EDGE('',*,*,#319,.T.);
#319 = EDGE_CURVE('',#320,#322,#324,.T.);
#320 = VERTEX_POINT('',#321);
#321 = CARTESIAN_POINT('',(-36.20307340614,19.431038862078,0.));
#322 = VERTEX_POINT('',#323);
#323 = CARTESIAN_POINT('',(-36.20307340614,19.431038862078,
    1.600050800102));
#324 = LINE('',#325,#326);
#325 = CARTESIAN_POINT('',(-36.20307340614,19.431038862078,0.));
#326 = VECTOR('',#327,1.);
#327 = DIRECTION('',(0.,0.,1.));
#328 = ORIENTED_EDGE('',*,*,#329,.T.);
#329 = EDGE_CURVE('',#322,#330,#332,.T.);
#330 = VERTEX_POINT('',#331);
#331 = CARTESIAN_POINT('',(-37.20307340614,19.431038862078,
    1.600050800102));
#332 = CIRCLE('',#333,0.5);
#333 = AXIS2_PLACEMENT_3D('',#334,#335,#336);
#334 = CARTESIAN_POINT('',(-36.70307340614,19.431038862078,
    1.600050800102));
#335 = DIRECTION('',(0.,0.,1.));
#336 = DIRECTION('',(1.,1.110223024625E-16,-0.));
#337 = ORIENTED_EDGE('',*,*,#338,.F.);
#338 = EDGE_CURVE('',#339,#330,#341,.T.);
#339 = VERTEX_POINT('',#340);
#340 = CARTESIAN_POINT('',(-37.20307340614,19.431038862078,0.));
#341 = LINE('',#342,#343);
#342 = CARTESIAN_POINT('',(-37.20307340614,19.431038862078,0.));
#343 = VECTOR('',#344,1.);
#344 = DIRECTION('',(0.,0.,1.));
#345 = ORIENTED_EDGE('',*,*,#346,.F.);
#346 = EDGE_CURVE('',#320,#339,#347,.T.);
#347 = CIRCLE('',#348,0.5);
#348 = AXIS2_PLACEMENT_3D('',#349,#350,#351);
#349 = CARTESIAN_POINT('',(-36.70307340614,19.431038862078,0.));
#350 = DIRECTION('',(0.,0.,1.));
#351 = DIRECTION('',(1.,1.110223024625E-16,-0.));
#352 = CYLINDRICAL_SURFACE('',#353,0.5);
#353 = AXIS2_PLACEMENT_3D('',#354,#355,#356);
#354 = CARTESIAN_POINT('',(-36.70307340614,19.431038862078,0.));
#355 = DIRECTION('',(-0.,-0.,-1.));
#356 = DIRECTION('',(1.,1.110223024625E-16,-0.));
#357 = ADVANCED_FACE('',(#358),#376,.F.);
#358 = FACE_BOUND('',#359,.T.);
#359 = EDGE_LOOP('',(#360,#361,#368,#369));
#360 = ORIENTED_EDGE('',*,*,#338,.T.);
#361 = ORIENTED_EDGE('',*,*,#362,.T.);
#362 = EDGE_CURVE('',#330,#322,#363,.T.);
#363 = CIRCLE('',#364,0.5);
#364 = AXIS2_PLACEMENT_3D('',#365,#366,#367);
#365 = CARTESIAN_POINT('',(-36.70307340614,19.431038862078,
    1.600050800102));
#366 = DIRECTION('',(0.,0.,1.));
#367 = DIRECTION('',(-1.,-1.110223024625E-16,0.));
#368 = ORIENTED_EDGE('',*,*,#319,.F.);
#369 = ORIENTED_EDGE('',*,*,#370,.F.);
#370 = EDGE_CURVE('',#339,#320,#371,.T.);
#371 = CIRCLE('',#372,0.5);
#372 = AXIS2_PLACEMENT_3D('',#373,#374,#375);
#373 = CARTESIAN_POINT('',(-36.70307340614,19.431038862078,0.));
#374 = DIRECTION('',(0.,0.,1.));
#375 = DIRECTION('',(-1.,-1.110223024625E-16,0.));
#376 = CYLINDRICAL_SURFACE('',#377,0.5);
#377 = AXIS2_PLACEMENT_3D('',#378,#379,#380);
#378 = CARTESIAN_POINT('',(-36.70307340614,19.431038862078,0.));
#379 = DIRECTION('',(-0.,-0.,-1.));
#380 = DIRECTION('',(-1.,-1.110223024625E-16,0.));
#381 = ADVANCED_FACE('',(#382),#418,.F.);
#382 = FACE_BOUND('',#383,.T.);
#383 = EDGE_LOOP('',(#384,#394,#403,#411));
#384 = ORIENTED_EDGE('',*,*,#385,.T.);
#385 = EDGE_CURVE('',#386,#388,#390,.T.);
#386 = VERTEX_POINT('',#387);
#387 = CARTESIAN_POINT('',(-34.67907035814,-25.0190500381,0.));
#388 = VERTEX_POINT('',#389);
#389 = CARTESIAN_POINT('',(-34.67907035814,-25.0190500381,1.600050800102
    ));
#390 = LINE('',#391,#392);
#391 = CARTESIAN_POINT('',(-34.67907035814,-25.0190500381,0.));
#392 = VECTOR('',#393,1.);
#393 = DIRECTION('',(0.,0.,1.));
#394 = ORIENTED_EDGE('',*,*,#395,.T.);
#395 = EDGE_CURVE('',#388,#396,#398,.T.);
#396 = VERTEX_POINT('',#397);
#397 = CARTESIAN_POINT('',(-35.67907035814,-25.0190500381,1.600050800102
    ));
#398 = CIRCLE('',#399,0.5);
#399 = AXIS2_PLACEMENT_3D('',#400,#401,#402);
#400 = CARTESIAN_POINT('',(-35.17907035814,-25.0190500381,1.600050800102
    ));
#401 = DIRECTION('',(0.,0.,1.));
#402 = DIRECTION('',(1.,1.110223024625E-16,-0.));
#403 = ORIENTED_EDGE('',*,*,#404,.F.);
#404 = EDGE_CURVE('',#405,#396,#407,.T.);
#405 = VERTEX_POINT('',#406);
#406 = CARTESIAN_POINT('',(-35.67907035814,-25.0190500381,0.));
#407 = LINE('',#408,#409);
#408 = CARTESIAN_POINT('',(-35.67907035814,-25.0190500381,0.));
#409 = VECTOR('',#410,1.);
#410 = DIRECTION('',(0.,0.,1.));
#411 = ORIENTED_EDGE('',*,*,#412,.F.);
#412 = EDGE_CURVE('',#386,#405,#413,.T.);
#413 = CIRCLE('',#414,0.5);
#414 = AXIS2_PLACEMENT_3D('',#415,#416,#417);
#415 = CARTESIAN_POINT('',(-35.17907035814,-25.0190500381,0.));
#416 = DIRECTION('',(0.,0.,1.));
#417 = DIRECTION('',(1.,1.110223024625E-16,-0.));
#418 = CYLINDRICAL_SURFACE('',#419,0.5);
#419 = AXIS2_PLACEMENT_3D('',#420,#421,#422);
#420 = CARTESIAN_POINT('',(-35.17907035814,-25.0190500381,0.));
#421 = DIRECTION('',(-0.,-0.,-1.));
#422 = DIRECTION('',(1.,1.110223024625E-16,-0.));
#423 = ADVANCED_FACE('',(#424),#442,.F.);
#424 = FACE_BOUND('',#425,.T.);
#425 = EDGE_LOOP('',(#426,#427,#434,#435));
#426 = ORIENTED_EDGE('',*,*,#404,.T.);
#427 = ORIENTED_EDGE('',*,*,#428,.T.);
#428 = EDGE_CURVE('',#396,#388,#429,.T.);
#429 = CIRCLE('',#430,0.5);
#430 = AXIS2_PLACEMENT_3D('',#431,#432,#433);
#431 = CARTESIAN_POINT('',(-35.17907035814,-25.0190500381,1.600050800102
    ));
#432 = DIRECTION('',(0.,0.,1.));
#433 = DIRECTION('',(-1.,-1.110223024625E-16,0.));
#434 = ORIENTED_EDGE('',*,*,#385,.F.);
#435 = ORIENTED_EDGE('',*,*,#436,.F.);
#436 = EDGE_CURVE('',#405,#386,#437,.T.);
#437 = CIRCLE('',#438,0.5);
#438 = AXIS2_PLACEMENT_3D('',#439,#440,#441);
#439 = CARTESIAN_POINT('',(-35.17907035814,-25.0190500381,0.));
#440 = DIRECTION('',(0.,0.,1.));
#441 = DIRECTION('',(-1.,-1.110223024625E-16,0.));
#442 = CYLINDRICAL_SURFACE('',#443,0.5);
#443 = AXIS2_PLACEMENT_3D('',#444,#445,#446);
#444 = CARTESIAN_POINT('',(-35.17907035814,-25.0190500381,0.));
#445 = DIRECTION('',(-0.,-0.,-1.));
#446 = DIRECTION('',(-1.,-1.110223024625E-16,0.));
#447 = ADVANCED_FACE('',(#448),#484,.F.);
#448 = FACE_BOUND('',#449,.T.);
#449 = EDGE_LOOP('',(#450,#460,#469,#477));
#450 = ORIENTED_EDGE('',*,*,#451,.T.);
#451 = EDGE_CURVE('',#452,#454,#456,.T.);
#452 = VERTEX_POINT('',#453);
#453 = CARTESIAN_POINT('',(-32.13906527813,-25.0190500381,0.));
#454 = VERTEX_POINT('',#455);
#455 = CARTESIAN_POINT('',(-32.13906527813,-25.0190500381,1.600050800102
    ));
#456 = LINE('',#457,#458);
#457 = CARTESIAN_POINT('',(-32.13906527813,-25.0190500381,0.));
#458 = VECTOR('',#459,1.);
#459 = DIRECTION('',(0.,0.,1.));
#460 = ORIENTED_EDGE('',*,*,#461,.T.);
#461 = EDGE_CURVE('',#454,#462,#464,.T.);
#462 = VERTEX_POINT('',#463);
#463 = CARTESIAN_POINT('',(-33.13906527813,-25.0190500381,1.600050800102
    ));
#464 = CIRCLE('',#465,0.5);
#465 = AXIS2_PLACEMENT_3D('',#466,#467,#468);
#466 = CARTESIAN_POINT('',(-32.63906527813,-25.0190500381,1.600050800102
    ));
#467 = DIRECTION('',(0.,0.,1.));
#468 = DIRECTION('',(1.,1.110223024625E-16,-0.));
#469 = ORIENTED_EDGE('',*,*,#470,.F.);
#470 = EDGE_CURVE('',#471,#462,#473,.T.);
#471 = VERTEX_POINT('',#472);
#472 = CARTESIAN_POINT('',(-33.13906527813,-25.0190500381,0.));
#473 = LINE('',#474,#475);
#474 = CARTESIAN_POINT('',(-33.13906527813,-25.0190500381,0.));
#475 = VECTOR('',#476,1.);
#476 = DIRECTION('',(0.,0.,1.));
#477 = ORIENTED_EDGE('',*,*,#478,.F.);
#478 = EDGE_CURVE('',#452,#471,#479,.T.);
#479 = CIRCLE('',#480,0.5);
#480 = AXIS2_PLACEMENT_3D('',#481,#482,#483);
#481 = CARTESIAN_POINT('',(-32.63906527813,-25.0190500381,0.));
#482 = DIRECTION('',(0.,0.,1.));
#483 = DIRECTION('',(1.,1.110223024625E-16,-0.));
#484 = CYLINDRICAL_SURFACE('',#485,0.5);
#485 = AXIS2_PLACEMENT_3D('',#486,#487,#488);
#486 = CARTESIAN_POINT('',(-32.63906527813,-25.0190500381,0.));
#487 = DIRECTION('',(-0.,-0.,-1.));
#488 = DIRECTION('',(1.,1.110223024625E-16,-0.));
#489 = ADVANCED_FACE('',(#490),#508,.F.);
#490 = FACE_BOUND('',#491,.T.);
#491 = EDGE_LOOP('',(#492,#493,#500,#501));
#492 = ORIENTED_EDGE('',*,*,#470,.T.);
#493 = ORIENTED_EDGE('',*,*,#494,.T.);
#494 = EDGE_CURVE('',#462,#454,#495,.T.);
#495 = CIRCLE('',#496,0.5);
#496 = AXIS2_PLACEMENT_3D('',#497,#498,#499);
#497 = CARTESIAN_POINT('',(-32.63906527813,-25.0190500381,1.600050800102
    ));
#498 = DIRECTION('',(0.,0.,1.));
#499 = DIRECTION('',(-1.,-1.110223024625E-16,0.));
#500 = ORIENTED_EDGE('',*,*,#451,.F.);
#501 = ORIENTED_EDGE('',*,*,#502,.F.);
#502 = EDGE_CURVE('',#471,#452,#503,.T.);
#503 = CIRCLE('',#504,0.5);
#504 = AXIS2_PLACEMENT_3D('',#505,#506,#507);
#505 = CARTESIAN_POINT('',(-32.63906527813,-25.0190500381,0.));
#506 = DIRECTION('',(0.,0.,1.));
#507 = DIRECTION('',(-1.,-1.110223024625E-16,0.));
#508 = CYLINDRICAL_SURFACE('',#509,0.5);
#509 = AXIS2_PLACEMENT_3D('',#510,#511,#512);
#510 = CARTESIAN_POINT('',(-32.63906527813,-25.0190500381,0.));
#511 = DIRECTION('',(-0.,-0.,-1.));
#512 = DIRECTION('',(-1.,-1.110223024625E-16,0.));
#513 = ADVANCED_FACE('',(#514),#550,.F.);
#514 = FACE_BOUND('',#515,.T.);
#515 = EDGE_LOOP('',(#516,#526,#535,#543));
#516 = ORIENTED_EDGE('',*,*,#517,.T.);
#517 = EDGE_CURVE('',#518,#520,#522,.T.);
#518 = VERTEX_POINT('',#519);
#519 = CARTESIAN_POINT('',(-21.26703073406,13.208026416053,0.));
#520 = VERTEX_POINT('',#521);
#521 = CARTESIAN_POINT('',(-21.26703073406,13.208026416053,
    1.600050800102));
#522 = LINE('',#523,#524);
#523 = CARTESIAN_POINT('',(-21.26703073406,13.208026416053,0.));
#524 = VECTOR('',#525,1.);
#525 = DIRECTION('',(0.,0.,1.));
#526 = ORIENTED_EDGE('',*,*,#527,.T.);
#527 = EDGE_CURVE('',#520,#528,#530,.T.);
#528 = VERTEX_POINT('',#529);
#529 = CARTESIAN_POINT('',(-22.16705613411,13.208026416053,
    1.600050800102));
#530 = CIRCLE('',#531,0.450012700025);
#531 = AXIS2_PLACEMENT_3D('',#532,#533,#534);
#532 = CARTESIAN_POINT('',(-21.71704343408,13.208026416053,
    1.600050800102));
#533 = DIRECTION('',(0.,0.,1.));
#534 = DIRECTION('',(1.,1.110223024625E-16,-0.));
#535 = ORIENTED_EDGE('',*,*,#536,.F.);
#536 = EDGE_CURVE('',#537,#528,#539,.T.);
#537 = VERTEX_POINT('',#538);
#538 = CARTESIAN_POINT('',(-22.16705613411,13.208026416053,0.));
#539 = LINE('',#540,#541);
#540 = CARTESIAN_POINT('',(-22.16705613411,13.208026416053,0.));
#541 = VECTOR('',#542,1.);
#542 = DIRECTION('',(0.,0.,1.));
#543 = ORIENTED_EDGE('',*,*,#544,.F.);
#544 = EDGE_CURVE('',#518,#537,#545,.T.);
#545 = CIRCLE('',#546,0.450012700025);
#546 = AXIS2_PLACEMENT_3D('',#547,#548,#549);
#547 = CARTESIAN_POINT('',(-21.71704343408,13.208026416053,0.));
#548 = DIRECTION('',(0.,0.,1.));
#549 = DIRECTION('',(1.,1.110223024625E-16,-0.));
#550 = CYLINDRICAL_SURFACE('',#551,0.450012700025);
#551 = AXIS2_PLACEMENT_3D('',#552,#553,#554);
#552 = CARTESIAN_POINT('',(-21.71704343408,13.208026416053,0.));
#553 = DIRECTION('',(-0.,-0.,-1.));
#554 = DIRECTION('',(1.,1.110223024625E-16,-0.));
#555 = ADVANCED_FACE('',(#556),#574,.F.);
#556 = FACE_BOUND('',#557,.T.);
#557 = EDGE_LOOP('',(#558,#559,#566,#567));
#558 = ORIENTED_EDGE('',*,*,#536,.T.);
#559 = ORIENTED_EDGE('',*,*,#560,.T.);
#560 = EDGE_CURVE('',#528,#520,#561,.T.);
#561 = CIRCLE('',#562,0.450012700025);
#562 = AXIS2_PLACEMENT_3D('',#563,#564,#565);
#563 = CARTESIAN_POINT('',(-21.71704343408,13.208026416053,
    1.600050800102));
#564 = DIRECTION('',(0.,0.,1.));
#565 = DIRECTION('',(-1.,-1.110223024625E-16,0.));
#566 = ORIENTED_EDGE('',*,*,#517,.F.);
#567 = ORIENTED_EDGE('',*,*,#568,.F.);
#568 = EDGE_CURVE('',#537,#518,#569,.T.);
#569 = CIRCLE('',#570,0.450012700025);
#570 = AXIS2_PLACEMENT_3D('',#571,#572,#573);
#571 = CARTESIAN_POINT('',(-21.71704343408,13.208026416053,0.));
#572 = DIRECTION('',(0.,0.,1.));
#573 = DIRECTION('',(-1.,-1.110223024625E-16,0.));
#574 = CYLINDRICAL_SURFACE('',#575,0.450012700025);
#575 = AXIS2_PLACEMENT_3D('',#576,#577,#578);
#576 = CARTESIAN_POINT('',(-21.71704343408,13.208026416053,0.));
#577 = DIRECTION('',(-0.,-0.,-1.));
#578 = DIRECTION('',(-1.,-1.110223024625E-16,0.));
#579 = ADVANCED_FACE('',(#580),#616,.F.);
#580 = FACE_BOUND('',#581,.T.);
#581 = EDGE_LOOP('',(#582,#592,#601,#609));
#582 = ORIENTED_EDGE('',*,*,#583,.T.);
#583 = EDGE_CURVE('',#584,#586,#588,.T.);
#584 = VERTEX_POINT('',#585);
#585 = CARTESIAN_POINT('',(-21.26703073406,10.668021336043,0.));
#586 = VERTEX_POINT('',#587);
#587 = CARTESIAN_POINT('',(-21.26703073406,10.668021336043,
    1.600050800102));
#588 = LINE('',#589,#590);
#589 = CARTESIAN_POINT('',(-21.26703073406,10.668021336043,0.));
#590 = VECTOR('',#591,1.);
#591 = DIRECTION('',(0.,0.,1.));
#592 = ORIENTED_EDGE('',*,*,#593,.T.);
#593 = EDGE_CURVE('',#586,#594,#596,.T.);
#594 = VERTEX_POINT('',#595);
#595 = CARTESIAN_POINT('',(-22.16705613411,10.668021336043,
    1.600050800102));
#596 = CIRCLE('',#597,0.450012700025);
#597 = AXIS2_PLACEMENT_3D('',#598,#599,#600);
#598 = CARTESIAN_POINT('',(-21.71704343408,10.668021336043,
    1.600050800102));
#599 = DIRECTION('',(0.,0.,1.));
#600 = DIRECTION('',(1.,1.110223024625E-16,-0.));
#601 = ORIENTED_EDGE('',*,*,#602,.F.);
#602 = EDGE_CURVE('',#603,#594,#605,.T.);
#603 = VERTEX_POINT('',#604);
#604 = CARTESIAN_POINT('',(-22.16705613411,10.668021336043,0.));
#605 = LINE('',#606,#607);
#606 = CARTESIAN_POINT('',(-22.16705613411,10.668021336043,0.));
#607 = VECTOR('',#608,1.);
#608 = DIRECTION('',(0.,0.,1.));
#609 = ORIENTED_EDGE('',*,*,#610,.F.);
#610 = EDGE_CURVE('',#584,#603,#611,.T.);
#611 = CIRCLE('',#612,0.450012700025);
#612 = AXIS2_PLACEMENT_3D('',#613,#614,#615);
#613 = CARTESIAN_POINT('',(-21.71704343408,10.668021336043,0.));
#614 = DIRECTION('',(0.,0.,1.));
#615 = DIRECTION('',(1.,1.110223024625E-16,-0.));
#616 = CYLINDRICAL_SURFACE('',#617,0.450012700025);
#617 = AXIS2_PLACEMENT_3D('',#618,#619,#620);
#618 = CARTESIAN_POINT('',(-21.71704343408,10.668021336043,0.));
#619 = DIRECTION('',(-0.,-0.,-1.));
#620 = DIRECTION('',(1.,1.110223024625E-16,-0.));
#621 = ADVANCED_FACE('',(#622),#640,.F.);
#622 = FACE_BOUND('',#623,.T.);
#623 = EDGE_LOOP('',(#624,#625,#632,#633));
#624 = ORIENTED_EDGE('',*,*,#602,.T.);
#625 = ORIENTED_EDGE('',*,*,#626,.T.);
#626 = EDGE_CURVE('',#594,#586,#627,.T.);
#627 = CIRCLE('',#628,0.450012700025);
#628 = AXIS2_PLACEMENT_3D('',#629,#630,#631);
#629 = CARTESIAN_POINT('',(-21.71704343408,10.668021336043,
    1.600050800102));
#630 = DIRECTION('',(0.,0.,1.));
#631 = DIRECTION('',(-1.,-1.110223024625E-16,0.));
#632 = ORIENTED_EDGE('',*,*,#583,.F.);
#633 = ORIENTED_EDGE('',*,*,#634,.F.);
#634 = EDGE_CURVE('',#603,#584,#635,.T.);
#635 = CIRCLE('',#636,0.450012700025);
#636 = AXIS2_PLACEMENT_3D('',#637,#638,#639);
#637 = CARTESIAN_POINT('',(-21.71704343408,10.668021336043,0.));
#638 = DIRECTION('',(0.,0.,1.));
#639 = DIRECTION('',(-1.,-1.110223024625E-16,0.));
#640 = CYLINDRICAL_SURFACE('',#641,0.450012700025);
#641 = AXIS2_PLACEMENT_3D('',#642,#643,#644);
#642 = CARTESIAN_POINT('',(-21.71704343408,10.668021336043,0.));
#643 = DIRECTION('',(-0.,-0.,-1.));
#644 = DIRECTION('',(-1.,-1.110223024625E-16,0.));
#645 = ADVANCED_FACE('',(#646),#682,.F.);
#646 = FACE_BOUND('',#647,.T.);
#647 = EDGE_LOOP('',(#648,#658,#667,#675));
#648 = ORIENTED_EDGE('',*,*,#649,.T.);
#649 = EDGE_CURVE('',#650,#652,#654,.T.);
#650 = VERTEX_POINT('',#651);
#651 = CARTESIAN_POINT('',(-21.26703073406,8.128016256033,0.));
#652 = VERTEX_POINT('',#653);
#653 = CARTESIAN_POINT('',(-21.26703073406,8.128016256033,1.600050800102
    ));
#654 = LINE('',#655,#656);
#655 = CARTESIAN_POINT('',(-21.26703073406,8.128016256033,0.));
#656 = VECTOR('',#657,1.);
#657 = DIRECTION('',(0.,0.,1.));
#658 = ORIENTED_EDGE('',*,*,#659,.T.);
#659 = EDGE_CURVE('',#652,#660,#662,.T.);
#660 = VERTEX_POINT('',#661);
#661 = CARTESIAN_POINT('',(-22.16705613411,8.128016256033,1.600050800102
    ));
#662 = CIRCLE('',#663,0.450012700025);
#663 = AXIS2_PLACEMENT_3D('',#664,#665,#666);
#664 = CARTESIAN_POINT('',(-21.71704343408,8.128016256033,1.600050800102
    ));
#665 = DIRECTION('',(0.,0.,1.));
#666 = DIRECTION('',(1.,1.110223024625E-16,-0.));
#667 = ORIENTED_EDGE('',*,*,#668,.F.);
#668 = EDGE_CURVE('',#669,#660,#671,.T.);
#669 = VERTEX_POINT('',#670);
#670 = CARTESIAN_POINT('',(-22.16705613411,8.128016256033,0.));
#671 = LINE('',#672,#673);
#672 = CARTESIAN_POINT('',(-22.16705613411,8.128016256033,0.));
#673 = VECTOR('',#674,1.);
#674 = DIRECTION('',(0.,0.,1.));
#675 = ORIENTED_EDGE('',*,*,#676,.F.);
#676 = EDGE_CURVE('',#650,#669,#677,.T.);
#677 = CIRCLE('',#678,0.450012700025);
#678 = AXIS2_PLACEMENT_3D('',#679,#680,#681);
#679 = CARTESIAN_POINT('',(-21.71704343408,8.128016256033,0.));
#680 = DIRECTION('',(0.,0.,1.));
#681 = DIRECTION('',(1.,1.110223024625E-16,-0.));
#682 = CYLINDRICAL_SURFACE('',#683,0.450012700025);
#683 = AXIS2_PLACEMENT_3D('',#684,#685,#686);
#684 = CARTESIAN_POINT('',(-21.71704343408,8.128016256033,0.));
#685 = DIRECTION('',(-0.,-0.,-1.));
#686 = DIRECTION('',(1.,1.110223024625E-16,-0.));
#687 = ADVANCED_FACE('',(#688),#706,.F.);
#688 = FACE_BOUND('',#689,.T.);
#689 = EDGE_LOOP('',(#690,#691,#698,#699));
#690 = ORIENTED_EDGE('',*,*,#668,.T.);
#691 = ORIENTED_EDGE('',*,*,#692,.T.);
#692 = EDGE_CURVE('',#660,#652,#693,.T.);
#693 = CIRCLE('',#694,0.450012700025);
#694 = AXIS2_PLACEMENT_3D('',#695,#696,#697);
#695 = CARTESIAN_POINT('',(-21.71704343408,8.128016256033,1.600050800102
    ));
#696 = DIRECTION('',(0.,0.,1.));
#697 = DIRECTION('',(-1.,-1.110223024625E-16,0.));
#698 = ORIENTED_EDGE('',*,*,#649,.F.);
#699 = ORIENTED_EDGE('',*,*,#700,.F.);
#700 = EDGE_CURVE('',#669,#650,#701,.T.);
#701 = CIRCLE('',#702,0.450012700025);
#702 = AXIS2_PLACEMENT_3D('',#703,#704,#705);
#703 = CARTESIAN_POINT('',(-21.71704343408,8.128016256033,0.));
#704 = DIRECTION('',(0.,0.,1.));
#705 = DIRECTION('',(-1.,-1.110223024625E-16,0.));
#706 = CYLINDRICAL_SURFACE('',#707,0.450012700025);
#707 = AXIS2_PLACEMENT_3D('',#708,#709,#710);
#708 = CARTESIAN_POINT('',(-21.71704343408,8.128016256033,0.));
#709 = DIRECTION('',(-0.,-0.,-1.));
#710 = DIRECTION('',(-1.,-1.110223024625E-16,0.));
#711 = ADVANCED_FACE('',(#712),#748,.F.);
#712 = FACE_BOUND('',#713,.T.);
#713 = EDGE_LOOP('',(#714,#724,#733,#741));
#714 = ORIENTED_EDGE('',*,*,#715,.T.);
#715 = EDGE_CURVE('',#716,#718,#720,.T.);
#716 = VERTEX_POINT('',#717);
#717 = CARTESIAN_POINT('',(-21.26703073406,5.588011176022,0.));
#718 = VERTEX_POINT('',#719);
#719 = CARTESIAN_POINT('',(-21.26703073406,5.588011176022,1.600050800102
    ));
#720 = LINE('',#721,#722);
#721 = CARTESIAN_POINT('',(-21.26703073406,5.588011176022,0.));
#722 = VECTOR('',#723,1.);
#723 = DIRECTION('',(0.,0.,1.));
#724 = ORIENTED_EDGE('',*,*,#725,.T.);
#725 = EDGE_CURVE('',#718,#726,#728,.T.);
#726 = VERTEX_POINT('',#727);
#727 = CARTESIAN_POINT('',(-22.16705613411,5.588011176022,1.600050800102
    ));
#728 = CIRCLE('',#729,0.450012700025);
#729 = AXIS2_PLACEMENT_3D('',#730,#731,#732);
#730 = CARTESIAN_POINT('',(-21.71704343408,5.588011176022,1.600050800102
    ));
#731 = DIRECTION('',(0.,0.,1.));
#732 = DIRECTION('',(1.,1.110223024625E-16,-0.));
#733 = ORIENTED_EDGE('',*,*,#734,.F.);
#734 = EDGE_CURVE('',#735,#726,#737,.T.);
#735 = VERTEX_POINT('',#736);
#736 = CARTESIAN_POINT('',(-22.16705613411,5.588011176022,0.));
#737 = LINE('',#738,#739);
#738 = CARTESIAN_POINT('',(-22.16705613411,5.588011176022,0.));
#739 = VECTOR('',#740,1.);
#740 = DIRECTION('',(0.,0.,1.));
#741 = ORIENTED_EDGE('',*,*,#742,.F.);
#742 = EDGE_CURVE('',#716,#735,#743,.T.);
#743 = CIRCLE('',#744,0.450012700025);
#744 = AXIS2_PLACEMENT_3D('',#745,#746,#747);
#745 = CARTESIAN_POINT('',(-21.71704343408,5.588011176022,0.));
#746 = DIRECTION('',(0.,0.,1.));
#747 = DIRECTION('',(1.,1.110223024625E-16,-0.));
#748 = CYLINDRICAL_SURFACE('',#749,0.450012700025);
#749 = AXIS2_PLACEMENT_3D('',#750,#751,#752);
#750 = CARTESIAN_POINT('',(-21.71704343408,5.588011176022,0.));
#751 = DIRECTION('',(-0.,-0.,-1.));
#752 = DIRECTION('',(1.,1.110223024625E-16,-0.));
#753 = ADVANCED_FACE('',(#754),#772,.F.);
#754 = FACE_BOUND('',#755,.T.);
#755 = EDGE_LOOP('',(#756,#757,#764,#765));
#756 = ORIENTED_EDGE('',*,*,#734,.T.);
#757 = ORIENTED_EDGE('',*,*,#758,.T.);
#758 = EDGE_CURVE('',#726,#718,#759,.T.);
#759 = CIRCLE('',#760,0.450012700025);
#760 = AXIS2_PLACEMENT_3D('',#761,#762,#763);
#761 = CARTESIAN_POINT('',(-21.71704343408,5.588011176022,1.600050800102
    ));
#762 = DIRECTION('',(0.,0.,1.));
#763 = DIRECTION('',(-1.,-1.110223024625E-16,0.));
#764 = ORIENTED_EDGE('',*,*,#715,.F.);
#765 = ORIENTED_EDGE('',*,*,#766,.F.);
#766 = EDGE_CURVE('',#735,#716,#767,.T.);
#767 = CIRCLE('',#768,0.450012700025);
#768 = AXIS2_PLACEMENT_3D('',#769,#770,#771);
#769 = CARTESIAN_POINT('',(-21.71704343408,5.588011176022,0.));
#770 = DIRECTION('',(0.,0.,1.));
#771 = DIRECTION('',(-1.,-1.110223024625E-16,0.));
#772 = CYLINDRICAL_SURFACE('',#773,0.450012700025);
#773 = AXIS2_PLACEMENT_3D('',#774,#775,#776);
#774 = CARTESIAN_POINT('',(-21.71704343408,5.588011176022,0.));
#775 = DIRECTION('',(-0.,-0.,-1.));
#776 = DIRECTION('',(-1.,-1.110223024625E-16,0.));
#777 = ADVANCED_FACE('',(#778),#814,.F.);
#778 = FACE_BOUND('',#779,.T.);
#779 = EDGE_LOOP('',(#780,#790,#799,#807));
#780 = ORIENTED_EDGE('',*,*,#781,.T.);
#781 = EDGE_CURVE('',#782,#784,#786,.T.);
#782 = VERTEX_POINT('',#783);
#783 = CARTESIAN_POINT('',(-20.16754127508,-6.731013462027,0.));
#784 = VERTEX_POINT('',#785);
#785 = CARTESIAN_POINT('',(-20.16754127508,-6.731013462027,
    1.600050800102));
#786 = LINE('',#787,#788);
#787 = CARTESIAN_POINT('',(-20.16754127508,-6.731013462027,0.));
#788 = VECTOR('',#789,1.);
#789 = DIRECTION('',(0.,0.,1.));
#790 = ORIENTED_EDGE('',*,*,#791,.T.);
#791 = EDGE_CURVE('',#784,#792,#794,.T.);
#792 = VERTEX_POINT('',#793);
#793 = CARTESIAN_POINT('',(-20.47254000508,-6.731013462027,
    1.600050800102));
#794 = CIRCLE('',#795,0.152499364999);
#795 = AXIS2_PLACEMENT_3D('',#796,#797,#798);
#796 = CARTESIAN_POINT('',(-20.32004064008,-6.731013462027,
    1.600050800102));
#797 = DIRECTION('',(0.,0.,1.));
#798 = DIRECTION('',(1.,1.110223024625E-16,-0.));
#799 = ORIENTED_EDGE('',*,*,#800,.F.);
#800 = EDGE_CURVE('',#801,#792,#803,.T.);
#801 = VERTEX_POINT('',#802);
#802 = CARTESIAN_POINT('',(-20.47254000508,-6.731013462027,0.));
#803 = LINE('',#804,#805);
#804 = CARTESIAN_POINT('',(-20.47254000508,-6.731013462027,0.));
#805 = VECTOR('',#806,1.);
#806 = DIRECTION('',(0.,0.,1.));
#807 = ORIENTED_EDGE('',*,*,#808,.F.);
#808 = EDGE_CURVE('',#782,#801,#809,.T.);
#809 = CIRCLE('',#810,0.152499364999);
#810 = AXIS2_PLACEMENT_3D('',#811,#812,#813);
#811 = CARTESIAN_POINT('',(-20.32004064008,-6.731013462027,0.));
#812 = DIRECTION('',(0.,0.,1.));
#813 = DIRECTION('',(1.,1.110223024625E-16,-0.));
#814 = CYLINDRICAL_SURFACE('',#815,0.152499364999);
#815 = AXIS2_PLACEMENT_3D('',#816,#817,#818);
#816 = CARTESIAN_POINT('',(-20.32004064008,-6.731013462027,0.));
#817 = DIRECTION('',(-0.,-0.,-1.));
#818 = DIRECTION('',(1.,1.110223024625E-16,-0.));
#819 = ADVANCED_FACE('',(#820),#838,.F.);
#820 = FACE_BOUND('',#821,.T.);
#821 = EDGE_LOOP('',(#822,#823,#830,#831));
#822 = ORIENTED_EDGE('',*,*,#800,.T.);
#823 = ORIENTED_EDGE('',*,*,#824,.T.);
#824 = EDGE_CURVE('',#792,#784,#825,.T.);
#825 = CIRCLE('',#826,0.152499364999);
#826 = AXIS2_PLACEMENT_3D('',#827,#828,#829);
#827 = CARTESIAN_POINT('',(-20.32004064008,-6.731013462027,
    1.600050800102));
#828 = DIRECTION('',(0.,0.,1.));
#829 = DIRECTION('',(-1.,-1.110223024625E-16,0.));
#830 = ORIENTED_EDGE('',*,*,#781,.F.);
#831 = ORIENTED_EDGE('',*,*,#832,.F.);
#832 = EDGE_CURVE('',#801,#782,#833,.T.);
#833 = CIRCLE('',#834,0.152499364999);
#834 = AXIS2_PLACEMENT_3D('',#835,#836,#837);
#835 = CARTESIAN_POINT('',(-20.32004064008,-6.731013462027,0.));
#836 = DIRECTION('',(0.,0.,1.));
#837 = DIRECTION('',(-1.,-1.110223024625E-16,0.));
#838 = CYLINDRICAL_SURFACE('',#839,0.152499364999);
#839 = AXIS2_PLACEMENT_3D('',#840,#841,#842);
#840 = CARTESIAN_POINT('',(-20.32004064008,-6.731013462027,0.));
#841 = DIRECTION('',(-0.,-0.,-1.));
#842 = DIRECTION('',(-1.,-1.110223024625E-16,0.));
#843 = ADVANCED_FACE('',(#844),#880,.F.);
#844 = FACE_BOUND('',#845,.T.);
#845 = EDGE_LOOP('',(#846,#856,#865,#873));
#846 = ORIENTED_EDGE('',*,*,#847,.T.);
#847 = EDGE_CURVE('',#848,#850,#852,.T.);
#848 = VERTEX_POINT('',#849);
#849 = CARTESIAN_POINT('',(-19.31203962407,37.084074168148,0.));
#850 = VERTEX_POINT('',#851);
#851 = CARTESIAN_POINT('',(-19.31203962407,37.084074168148,
    1.600050800102));
#852 = LINE('',#853,#854);
#853 = CARTESIAN_POINT('',(-19.31203962407,37.084074168148,0.));
#854 = VECTOR('',#855,1.);
#855 = DIRECTION('',(0.,0.,1.));
#856 = ORIENTED_EDGE('',*,*,#857,.T.);
#857 = EDGE_CURVE('',#850,#858,#860,.T.);
#858 = VERTEX_POINT('',#859);
#859 = CARTESIAN_POINT('',(-20.31203962407,37.084074168148,
    1.600050800102));
#860 = CIRCLE('',#861,0.5);
#861 = AXIS2_PLACEMENT_3D('',#862,#863,#864);
#862 = CARTESIAN_POINT('',(-19.81203962407,37.084074168148,
    1.600050800102));
#863 = DIRECTION('',(0.,0.,1.));
#864 = DIRECTION('',(1.,1.110223024625E-16,-0.));
#865 = ORIENTED_EDGE('',*,*,#866,.F.);
#866 = EDGE_CURVE('',#867,#858,#869,.T.);
#867 = VERTEX_POINT('',#868);
#868 = CARTESIAN_POINT('',(-20.31203962407,37.084074168148,0.));
#869 = LINE('',#870,#871);
#870 = CARTESIAN_POINT('',(-20.31203962407,37.084074168148,0.));
#871 = VECTOR('',#872,1.);
#872 = DIRECTION('',(0.,0.,1.));
#873 = ORIENTED_EDGE('',*,*,#874,.F.);
#874 = EDGE_CURVE('',#848,#867,#875,.T.);
#875 = CIRCLE('',#876,0.5);
#876 = AXIS2_PLACEMENT_3D('',#877,#878,#879);
#877 = CARTESIAN_POINT('',(-19.81203962407,37.084074168148,0.));
#878 = DIRECTION('',(0.,0.,1.));
#879 = DIRECTION('',(1.,1.110223024625E-16,-0.));
#880 = CYLINDRICAL_SURFACE('',#881,0.5);
#881 = AXIS2_PLACEMENT_3D('',#882,#883,#884);
#882 = CARTESIAN_POINT('',(-19.81203962407,37.084074168148,0.));
#883 = DIRECTION('',(-0.,-0.,-1.));
#884 = DIRECTION('',(1.,1.110223024625E-16,-0.));
#885 = ADVANCED_FACE('',(#886),#904,.F.);
#886 = FACE_BOUND('',#887,.T.);
#887 = EDGE_LOOP('',(#888,#889,#896,#897));
#888 = ORIENTED_EDGE('',*,*,#866,.T.);
#889 = ORIENTED_EDGE('',*,*,#890,.T.);
#890 = EDGE_CURVE('',#858,#850,#891,.T.);
#891 = CIRCLE('',#892,0.5);
#892 = AXIS2_PLACEMENT_3D('',#893,#894,#895);
#893 = CARTESIAN_POINT('',(-19.81203962407,37.084074168148,
    1.600050800102));
#894 = DIRECTION('',(0.,0.,1.));
#895 = DIRECTION('',(-1.,-1.110223024625E-16,0.));
#896 = ORIENTED_EDGE('',*,*,#847,.F.);
#897 = ORIENTED_EDGE('',*,*,#898,.F.);
#898 = EDGE_CURVE('',#867,#848,#899,.T.);
#899 = CIRCLE('',#900,0.5);
#900 = AXIS2_PLACEMENT_3D('',#901,#902,#903);
#901 = CARTESIAN_POINT('',(-19.81203962407,37.084074168148,0.));
#902 = DIRECTION('',(0.,0.,1.));
#903 = DIRECTION('',(-1.,-1.110223024625E-16,0.));
#904 = CYLINDRICAL_SURFACE('',#905,0.5);
#905 = AXIS2_PLACEMENT_3D('',#906,#907,#908);
#906 = CARTESIAN_POINT('',(-19.81203962407,37.084074168148,0.));
#907 = DIRECTION('',(-0.,-0.,-1.));
#908 = DIRECTION('',(-1.,-1.110223024625E-16,0.));
#909 = ADVANCED_FACE('',(#910),#946,.F.);
#910 = FACE_BOUND('',#911,.T.);
#911 = EDGE_LOOP('',(#912,#922,#931,#939));
#912 = ORIENTED_EDGE('',*,*,#913,.T.);
#913 = EDGE_CURVE('',#914,#916,#918,.T.);
#914 = VERTEX_POINT('',#915);
#915 = CARTESIAN_POINT('',(-18.13553721107,-6.223012446025,0.));
#916 = VERTEX_POINT('',#917);
#917 = CARTESIAN_POINT('',(-18.13553721107,-6.223012446025,
    1.600050800102));
#918 = LINE('',#919,#920);
#919 = CARTESIAN_POINT('',(-18.13553721107,-6.223012446025,0.));
#920 = VECTOR('',#921,1.);
#921 = DIRECTION('',(0.,0.,1.));
#922 = ORIENTED_EDGE('',*,*,#923,.T.);
#923 = EDGE_CURVE('',#916,#924,#926,.T.);
#924 = VERTEX_POINT('',#925);
#925 = CARTESIAN_POINT('',(-18.44053594107,-6.223012446025,
    1.600050800102));
#926 = CIRCLE('',#927,0.152499364999);
#927 = AXIS2_PLACEMENT_3D('',#928,#929,#930);
#928 = CARTESIAN_POINT('',(-18.28803657607,-6.223012446025,
    1.600050800102));
#929 = DIRECTION('',(0.,0.,1.));
#930 = DIRECTION('',(1.,1.110223024625E-16,-0.));
#931 = ORIENTED_EDGE('',*,*,#932,.F.);
#932 = EDGE_CURVE('',#933,#924,#935,.T.);
#933 = VERTEX_POINT('',#934);
#934 = CARTESIAN_POINT('',(-18.44053594107,-6.223012446025,0.));
#935 = LINE('',#936,#937);
#936 = CARTESIAN_POINT('',(-18.44053594107,-6.223012446025,0.));
#937 = VECTOR('',#938,1.);
#938 = DIRECTION('',(0.,0.,1.));
#939 = ORIENTED_EDGE('',*,*,#940,.F.);
#940 = EDGE_CURVE('',#914,#933,#941,.T.);
#941 = CIRCLE('',#942,0.152499364999);
#942 = AXIS2_PLACEMENT_3D('',#943,#944,#945);
#943 = CARTESIAN_POINT('',(-18.28803657607,-6.223012446025,0.));
#944 = DIRECTION('',(0.,0.,1.));
#945 = DIRECTION('',(1.,1.110223024625E-16,-0.));
#946 = CYLINDRICAL_SURFACE('',#947,0.152499364999);
#947 = AXIS2_PLACEMENT_3D('',#948,#949,#950);
#948 = CARTESIAN_POINT('',(-18.28803657607,-6.223012446025,0.));
#949 = DIRECTION('',(-0.,-0.,-1.));
#950 = DIRECTION('',(1.,1.110223024625E-16,-0.));
#951 = ADVANCED_FACE('',(#952),#970,.F.);
#952 = FACE_BOUND('',#953,.T.);
#953 = EDGE_LOOP('',(#954,#955,#962,#963));
#954 = ORIENTED_EDGE('',*,*,#932,.T.);
#955 = ORIENTED_EDGE('',*,*,#956,.T.);
#956 = EDGE_CURVE('',#924,#916,#957,.T.);
#957 = CIRCLE('',#958,0.152499364999);
#958 = AXIS2_PLACEMENT_3D('',#959,#960,#961);
#959 = CARTESIAN_POINT('',(-18.28803657607,-6.223012446025,
    1.600050800102));
#960 = DIRECTION('',(0.,0.,1.));
#961 = DIRECTION('',(-1.,-1.110223024625E-16,0.));
#962 = ORIENTED_EDGE('',*,*,#913,.F.);
#963 = ORIENTED_EDGE('',*,*,#964,.F.);
#964 = EDGE_CURVE('',#933,#914,#965,.T.);
#965 = CIRCLE('',#966,0.152499364999);
#966 = AXIS2_PLACEMENT_3D('',#967,#968,#969);
#967 = CARTESIAN_POINT('',(-18.28803657607,-6.223012446025,0.));
#968 = DIRECTION('',(0.,0.,1.));
#969 = DIRECTION('',(-1.,-1.110223024625E-16,0.));
#970 = CYLINDRICAL_SURFACE('',#971,0.152499364999);
#971 = AXIS2_PLACEMENT_3D('',#972,#973,#974);
#972 = CARTESIAN_POINT('',(-18.28803657607,-6.223012446025,0.));
#973 = DIRECTION('',(-0.,-0.,-1.));
#974 = DIRECTION('',(-1.,-1.110223024625E-16,0.));
#975 = ADVANCED_FACE('',(#976),#1012,.F.);
#976 = FACE_BOUND('',#977,.T.);
#977 = EDGE_LOOP('',(#978,#988,#997,#1005));
#978 = ORIENTED_EDGE('',*,*,#979,.T.);
#979 = EDGE_CURVE('',#980,#982,#984,.T.);
#980 = VERTEX_POINT('',#981);
#981 = CARTESIAN_POINT('',(-16.77203454406,37.084074168148,0.));
#982 = VERTEX_POINT('',#983);
#983 = CARTESIAN_POINT('',(-16.77203454406,37.084074168148,
    1.600050800102));
#984 = LINE('',#985,#986);
#985 = CARTESIAN_POINT('',(-16.77203454406,37.084074168148,0.));
#986 = VECTOR('',#987,1.);
#987 = DIRECTION('',(0.,0.,1.));
#988 = ORIENTED_EDGE('',*,*,#989,.T.);
#989 = EDGE_CURVE('',#982,#990,#992,.T.);
#990 = VERTEX_POINT('',#991);
#991 = CARTESIAN_POINT('',(-17.77203454406,37.084074168148,
    1.600050800102));
#992 = CIRCLE('',#993,0.5);
#993 = AXIS2_PLACEMENT_3D('',#994,#995,#996);
#994 = CARTESIAN_POINT('',(-17.27203454406,37.084074168148,
    1.600050800102));
#995 = DIRECTION('',(0.,0.,1.));
#996 = DIRECTION('',(1.,1.110223024625E-16,-0.));
#997 = ORIENTED_EDGE('',*,*,#998,.F.);
#998 = EDGE_CURVE('',#999,#990,#1001,.T.);
#999 = VERTEX_POINT('',#1000);
#1000 = CARTESIAN_POINT('',(-17.77203454406,37.084074168148,0.));
#1001 = LINE('',#1002,#1003);
#1002 = CARTESIAN_POINT('',(-17.77203454406,37.084074168148,0.));
#1003 = VECTOR('',#1004,1.);
#1004 = DIRECTION('',(0.,0.,1.));
#1005 = ORIENTED_EDGE('',*,*,#1006,.F.);
#1006 = EDGE_CURVE('',#980,#999,#1007,.T.);
#1007 = CIRCLE('',#1008,0.5);
#1008 = AXIS2_PLACEMENT_3D('',#1009,#1010,#1011);
#1009 = CARTESIAN_POINT('',(-17.27203454406,37.084074168148,0.));
#1010 = DIRECTION('',(0.,0.,1.));
#1011 = DIRECTION('',(1.,1.110223024625E-16,-0.));
#1012 = CYLINDRICAL_SURFACE('',#1013,0.5);
#1013 = AXIS2_PLACEMENT_3D('',#1014,#1015,#1016);
#1014 = CARTESIAN_POINT('',(-17.27203454406,37.084074168148,0.));
#1015 = DIRECTION('',(-0.,-0.,-1.));
#1016 = DIRECTION('',(1.,1.110223024625E-16,-0.));
#1017 = ADVANCED_FACE('',(#1018),#1036,.F.);
#1018 = FACE_BOUND('',#1019,.T.);
#1019 = EDGE_LOOP('',(#1020,#1021,#1028,#1029));
#1020 = ORIENTED_EDGE('',*,*,#998,.T.);
#1021 = ORIENTED_EDGE('',*,*,#1022,.T.);
#1022 = EDGE_CURVE('',#990,#982,#1023,.T.);
#1023 = CIRCLE('',#1024,0.5);
#1024 = AXIS2_PLACEMENT_3D('',#1025,#1026,#1027);
#1025 = CARTESIAN_POINT('',(-17.27203454406,37.084074168148,
    1.600050800102));
#1026 = DIRECTION('',(0.,0.,1.));
#1027 = DIRECTION('',(-1.,-1.110223024625E-16,0.));
#1028 = ORIENTED_EDGE('',*,*,#979,.F.);
#1029 = ORIENTED_EDGE('',*,*,#1030,.F.);
#1030 = EDGE_CURVE('',#999,#980,#1031,.T.);
#1031 = CIRCLE('',#1032,0.5);
#1032 = AXIS2_PLACEMENT_3D('',#1033,#1034,#1035);
#1033 = CARTESIAN_POINT('',(-17.27203454406,37.084074168148,0.));
#1034 = DIRECTION('',(0.,0.,1.));
#1035 = DIRECTION('',(-1.,-1.110223024625E-16,0.));
#1036 = CYLINDRICAL_SURFACE('',#1037,0.5);
#1037 = AXIS2_PLACEMENT_3D('',#1038,#1039,#1040);
#1038 = CARTESIAN_POINT('',(-17.27203454406,37.084074168148,0.));
#1039 = DIRECTION('',(-0.,-0.,-1.));
#1040 = DIRECTION('',(-1.,-1.110223024625E-16,0.));
#1041 = ADVANCED_FACE('',(#1042),#1078,.F.);
#1042 = FACE_BOUND('',#1043,.T.);
#1043 = EDGE_LOOP('',(#1044,#1054,#1063,#1071));
#1044 = ORIENTED_EDGE('',*,*,#1045,.T.);
#1045 = EDGE_CURVE('',#1046,#1048,#1050,.T.);
#1046 = VERTEX_POINT('',#1047);
#1047 = CARTESIAN_POINT('',(-16.72903225806,-12.31902463804,0.));
#1048 = VERTEX_POINT('',#1049);
#1049 = CARTESIAN_POINT('',(-16.72903225806,-12.31902463804,
    1.600050800102));
#1050 = LINE('',#1051,#1052);
#1051 = CARTESIAN_POINT('',(-16.72903225806,-12.31902463804,0.));
#1052 = VECTOR('',#1053,1.);
#1053 = DIRECTION('',(0.,0.,1.));
#1054 = ORIENTED_EDGE('',*,*,#1055,.T.);
#1055 = EDGE_CURVE('',#1048,#1056,#1058,.T.);
#1056 = VERTEX_POINT('',#1057);
#1057 = CARTESIAN_POINT('',(-17.52903225806,-12.31902463804,
    1.600050800102));
#1058 = CIRCLE('',#1059,0.4);
#1059 = AXIS2_PLACEMENT_3D('',#1060,#1061,#1062);
#1060 = CARTESIAN_POINT('',(-17.12903225806,-12.31902463804,
    1.600050800102));
#1061 = DIRECTION('',(0.,0.,1.));
#1062 = DIRECTION('',(1.,1.110223024625E-16,-0.));
#1063 = ORIENTED_EDGE('',*,*,#1064,.F.);
#1064 = EDGE_CURVE('',#1065,#1056,#1067,.T.);
#1065 = VERTEX_POINT('',#1066);
#1066 = CARTESIAN_POINT('',(-17.52903225806,-12.31902463804,0.));
#1067 = LINE('',#1068,#1069);
#1068 = CARTESIAN_POINT('',(-17.52903225806,-12.31902463804,0.));
#1069 = VECTOR('',#1070,1.);
#1070 = DIRECTION('',(0.,0.,1.));
#1071 = ORIENTED_EDGE('',*,*,#1072,.F.);
#1072 = EDGE_CURVE('',#1046,#1065,#1073,.T.);
#1073 = CIRCLE('',#1074,0.4);
#1074 = AXIS2_PLACEMENT_3D('',#1075,#1076,#1077);
#1075 = CARTESIAN_POINT('',(-17.12903225806,-12.31902463804,0.));
#1076 = DIRECTION('',(0.,0.,1.));
#1077 = DIRECTION('',(1.,1.110223024625E-16,-0.));
#1078 = CYLINDRICAL_SURFACE('',#1079,0.4);
#1079 = AXIS2_PLACEMENT_3D('',#1080,#1081,#1082);
#1080 = CARTESIAN_POINT('',(-17.12903225806,-12.31902463804,0.));
#1081 = DIRECTION('',(-0.,-0.,-1.));
#1082 = DIRECTION('',(1.,1.110223024625E-16,-0.));
#1083 = ADVANCED_FACE('',(#1084),#1102,.F.);
#1084 = FACE_BOUND('',#1085,.T.);
#1085 = EDGE_LOOP('',(#1086,#1087,#1094,#1095));
#1086 = ORIENTED_EDGE('',*,*,#1064,.T.);
#1087 = ORIENTED_EDGE('',*,*,#1088,.T.);
#1088 = EDGE_CURVE('',#1056,#1048,#1089,.T.);
#1089 = CIRCLE('',#1090,0.4);
#1090 = AXIS2_PLACEMENT_3D('',#1091,#1092,#1093);
#1091 = CARTESIAN_POINT('',(-17.12903225806,-12.31902463804,
    1.600050800102));
#1092 = DIRECTION('',(0.,0.,1.));
#1093 = DIRECTION('',(-1.,-1.110223024625E-16,0.));
#1094 = ORIENTED_EDGE('',*,*,#1045,.F.);
#1095 = ORIENTED_EDGE('',*,*,#1096,.F.);
#1096 = EDGE_CURVE('',#1065,#1046,#1097,.T.);
#1097 = CIRCLE('',#1098,0.4);
#1098 = AXIS2_PLACEMENT_3D('',#1099,#1100,#1101);
#1099 = CARTESIAN_POINT('',(-17.12903225806,-12.31902463804,0.));
#1100 = DIRECTION('',(0.,0.,1.));
#1101 = DIRECTION('',(-1.,-1.110223024625E-16,0.));
#1102 = CYLINDRICAL_SURFACE('',#1103,0.4);
#1103 = AXIS2_PLACEMENT_3D('',#1104,#1105,#1106);
#1104 = CARTESIAN_POINT('',(-17.12903225806,-12.31902463804,0.));
#1105 = DIRECTION('',(-0.,-0.,-1.));
#1106 = DIRECTION('',(-1.,-1.110223024625E-16,0.));
#1107 = ADVANCED_FACE('',(#1108),#1144,.F.);
#1108 = FACE_BOUND('',#1109,.T.);
#1109 = EDGE_LOOP('',(#1110,#1120,#1129,#1137));
#1110 = ORIENTED_EDGE('',*,*,#1111,.T.);
#1111 = EDGE_CURVE('',#1112,#1114,#1116,.T.);
#1112 = VERTEX_POINT('',#1113);
#1113 = CARTESIAN_POINT('',(-15.37503175006,-39.37007874015,0.));
#1114 = VERTEX_POINT('',#1115);
#1115 = CARTESIAN_POINT('',(-15.37503175006,-39.37007874015,
    1.600050800102));
#1116 = LINE('',#1117,#1118);
#1117 = CARTESIAN_POINT('',(-15.37503175006,-39.37007874015,0.));
#1118 = VECTOR('',#1119,1.);
#1119 = DIRECTION('',(0.,0.,1.));
#1120 = ORIENTED_EDGE('',*,*,#1121,.T.);
#1121 = EDGE_CURVE('',#1114,#1122,#1124,.T.);
#1122 = VERTEX_POINT('',#1123);
#1123 = CARTESIAN_POINT('',(-16.37503175006,-39.37007874015,
    1.600050800102));
#1124 = CIRCLE('',#1125,0.5);
#1125 = AXIS2_PLACEMENT_3D('',#1126,#1127,#1128);
#1126 = CARTESIAN_POINT('',(-15.87503175006,-39.37007874015,
    1.600050800102));
#1127 = DIRECTION('',(0.,0.,1.));
#1128 = DIRECTION('',(1.,1.110223024625E-16,-0.));
#1129 = ORIENTED_EDGE('',*,*,#1130,.F.);
#1130 = EDGE_CURVE('',#1131,#1122,#1133,.T.);
#1131 = VERTEX_POINT('',#1132);
#1132 = CARTESIAN_POINT('',(-16.37503175006,-39.37007874015,0.));
#1133 = LINE('',#1134,#1135);
#1134 = CARTESIAN_POINT('',(-16.37503175006,-39.37007874015,0.));
#1135 = VECTOR('',#1136,1.);
#1136 = DIRECTION('',(0.,0.,1.));
#1137 = ORIENTED_EDGE('',*,*,#1138,.F.);
#1138 = EDGE_CURVE('',#1112,#1131,#1139,.T.);
#1139 = CIRCLE('',#1140,0.5);
#1140 = AXIS2_PLACEMENT_3D('',#1141,#1142,#1143);
#1141 = CARTESIAN_POINT('',(-15.87503175006,-39.37007874015,0.));
#1142 = DIRECTION('',(0.,0.,1.));
#1143 = DIRECTION('',(1.,1.110223024625E-16,-0.));
#1144 = CYLINDRICAL_SURFACE('',#1145,0.5);
#1145 = AXIS2_PLACEMENT_3D('',#1146,#1147,#1148);
#1146 = CARTESIAN_POINT('',(-15.87503175006,-39.37007874015,0.));
#1147 = DIRECTION('',(-0.,-0.,-1.));
#1148 = DIRECTION('',(1.,1.110223024625E-16,-0.));
#1149 = ADVANCED_FACE('',(#1150),#1168,.F.);
#1150 = FACE_BOUND('',#1151,.T.);
#1151 = EDGE_LOOP('',(#1152,#1153,#1160,#1161));
#1152 = ORIENTED_EDGE('',*,*,#1130,.T.);
#1153 = ORIENTED_EDGE('',*,*,#1154,.T.);
#1154 = EDGE_CURVE('',#1122,#1114,#1155,.T.);
#1155 = CIRCLE('',#1156,0.5);
#1156 = AXIS2_PLACEMENT_3D('',#1157,#1158,#1159);
#1157 = CARTESIAN_POINT('',(-15.87503175006,-39.37007874015,
    1.600050800102));
#1158 = DIRECTION('',(0.,0.,1.));
#1159 = DIRECTION('',(-1.,-1.110223024625E-16,0.));
#1160 = ORIENTED_EDGE('',*,*,#1111,.F.);
#1161 = ORIENTED_EDGE('',*,*,#1162,.F.);
#1162 = EDGE_CURVE('',#1131,#1112,#1163,.T.);
#1163 = CIRCLE('',#1164,0.5);
#1164 = AXIS2_PLACEMENT_3D('',#1165,#1166,#1167);
#1165 = CARTESIAN_POINT('',(-15.87503175006,-39.37007874015,0.));
#1166 = DIRECTION('',(0.,0.,1.));
#1167 = DIRECTION('',(-1.,-1.110223024625E-16,0.));
#1168 = CYLINDRICAL_SURFACE('',#1169,0.5);
#1169 = AXIS2_PLACEMENT_3D('',#1170,#1171,#1172);
#1170 = CARTESIAN_POINT('',(-15.87503175006,-39.37007874015,0.));
#1171 = DIRECTION('',(-0.,-0.,-1.));
#1172 = DIRECTION('',(-1.,-1.110223024625E-16,0.));
#1173 = ADVANCED_FACE('',(#1174),#1210,.F.);
#1174 = FACE_BOUND('',#1175,.T.);
#1175 = EDGE_LOOP('',(#1176,#1186,#1195,#1203));
#1176 = ORIENTED_EDGE('',*,*,#1177,.T.);
#1177 = EDGE_CURVE('',#1178,#1180,#1182,.T.);
#1178 = VERTEX_POINT('',#1179);
#1179 = CARTESIAN_POINT('',(-14.72903225806,-12.31902463804,0.));
#1180 = VERTEX_POINT('',#1181);
#1181 = CARTESIAN_POINT('',(-14.72903225806,-12.31902463804,
    1.600050800102));
#1182 = LINE('',#1183,#1184);
#1183 = CARTESIAN_POINT('',(-14.72903225806,-12.31902463804,0.));
#1184 = VECTOR('',#1185,1.);
#1185 = DIRECTION('',(0.,0.,1.));
#1186 = ORIENTED_EDGE('',*,*,#1187,.T.);
#1187 = EDGE_CURVE('',#1180,#1188,#1190,.T.);
#1188 = VERTEX_POINT('',#1189);
#1189 = CARTESIAN_POINT('',(-15.52903225806,-12.31902463804,
    1.600050800102));
#1190 = CIRCLE('',#1191,0.4);
#1191 = AXIS2_PLACEMENT_3D('',#1192,#1193,#1194);
#1192 = CARTESIAN_POINT('',(-15.12903225806,-12.31902463804,
    1.600050800102));
#1193 = DIRECTION('',(0.,0.,1.));
#1194 = DIRECTION('',(1.,1.110223024625E-16,-0.));
#1195 = ORIENTED_EDGE('',*,*,#1196,.F.);
#1196 = EDGE_CURVE('',#1197,#1188,#1199,.T.);
#1197 = VERTEX_POINT('',#1198);
#1198 = CARTESIAN_POINT('',(-15.52903225806,-12.31902463804,0.));
#1199 = LINE('',#1200,#1201);
#1200 = CARTESIAN_POINT('',(-15.52903225806,-12.31902463804,0.));
#1201 = VECTOR('',#1202,1.);
#1202 = DIRECTION('',(0.,0.,1.));
#1203 = ORIENTED_EDGE('',*,*,#1204,.F.);
#1204 = EDGE_CURVE('',#1178,#1197,#1205,.T.);
#1205 = CIRCLE('',#1206,0.4);
#1206 = AXIS2_PLACEMENT_3D('',#1207,#1208,#1209);
#1207 = CARTESIAN_POINT('',(-15.12903225806,-12.31902463804,0.));
#1208 = DIRECTION('',(0.,0.,1.));
#1209 = DIRECTION('',(1.,1.110223024625E-16,-0.));
#1210 = CYLINDRICAL_SURFACE('',#1211,0.4);
#1211 = AXIS2_PLACEMENT_3D('',#1212,#1213,#1214);
#1212 = CARTESIAN_POINT('',(-15.12903225806,-12.31902463804,0.));
#1213 = DIRECTION('',(-0.,-0.,-1.));
#1214 = DIRECTION('',(1.,1.110223024625E-16,-0.));
#1215 = ADVANCED_FACE('',(#1216),#1234,.F.);
#1216 = FACE_BOUND('',#1217,.T.);
#1217 = EDGE_LOOP('',(#1218,#1219,#1226,#1227));
#1218 = ORIENTED_EDGE('',*,*,#1196,.T.);
#1219 = ORIENTED_EDGE('',*,*,#1220,.T.);
#1220 = EDGE_CURVE('',#1188,#1180,#1221,.T.);
#1221 = CIRCLE('',#1222,0.4);
#1222 = AXIS2_PLACEMENT_3D('',#1223,#1224,#1225);
#1223 = CARTESIAN_POINT('',(-15.12903225806,-12.31902463804,
    1.600050800102));
#1224 = DIRECTION('',(0.,0.,1.));
#1225 = DIRECTION('',(-1.,-1.110223024625E-16,0.));
#1226 = ORIENTED_EDGE('',*,*,#1177,.F.);
#1227 = ORIENTED_EDGE('',*,*,#1228,.F.);
#1228 = EDGE_CURVE('',#1197,#1178,#1229,.T.);
#1229 = CIRCLE('',#1230,0.4);
#1230 = AXIS2_PLACEMENT_3D('',#1231,#1232,#1233);
#1231 = CARTESIAN_POINT('',(-15.12903225806,-12.31902463804,0.));
#1232 = DIRECTION('',(0.,0.,1.));
#1233 = DIRECTION('',(-1.,-1.110223024625E-16,0.));
#1234 = CYLINDRICAL_SURFACE('',#1235,0.4);
#1235 = AXIS2_PLACEMENT_3D('',#1236,#1237,#1238);
#1236 = CARTESIAN_POINT('',(-15.12903225806,-12.31902463804,0.));
#1237 = DIRECTION('',(-0.,-0.,-1.));
#1238 = DIRECTION('',(-1.,-1.110223024625E-16,0.));
#1239 = ADVANCED_FACE('',(#1240),#1276,.F.);
#1240 = FACE_BOUND('',#1241,.T.);
#1241 = EDGE_LOOP('',(#1242,#1252,#1261,#1269));
#1242 = ORIENTED_EDGE('',*,*,#1243,.T.);
#1243 = EDGE_CURVE('',#1244,#1246,#1248,.T.);
#1244 = VERTEX_POINT('',#1245);
#1245 = CARTESIAN_POINT('',(-13.64701549403,13.208026416053,0.));
#1246 = VERTEX_POINT('',#1247);
#1247 = CARTESIAN_POINT('',(-13.64701549403,13.208026416053,
    1.600050800102));
#1248 = LINE('',#1249,#1250);
#1249 = CARTESIAN_POINT('',(-13.64701549403,13.208026416053,0.));
#1250 = VECTOR('',#1251,1.);
#1251 = DIRECTION('',(0.,0.,1.));
#1252 = ORIENTED_EDGE('',*,*,#1253,.T.);
#1253 = EDGE_CURVE('',#1246,#1254,#1256,.T.);
#1254 = VERTEX_POINT('',#1255);
#1255 = CARTESIAN_POINT('',(-14.54704089408,13.208026416053,
    1.600050800102));
#1256 = CIRCLE('',#1257,0.450012700025);
#1257 = AXIS2_PLACEMENT_3D('',#1258,#1259,#1260);
#1258 = CARTESIAN_POINT('',(-14.09702819405,13.208026416053,
    1.600050800102));
#1259 = DIRECTION('',(0.,0.,1.));
#1260 = DIRECTION('',(1.,1.110223024625E-16,-0.));
#1261 = ORIENTED_EDGE('',*,*,#1262,.F.);
#1262 = EDGE_CURVE('',#1263,#1254,#1265,.T.);
#1263 = VERTEX_POINT('',#1264);
#1264 = CARTESIAN_POINT('',(-14.54704089408,13.208026416053,0.));
#1265 = LINE('',#1266,#1267);
#1266 = CARTESIAN_POINT('',(-14.54704089408,13.208026416053,0.));
#1267 = VECTOR('',#1268,1.);
#1268 = DIRECTION('',(0.,0.,1.));
#1269 = ORIENTED_EDGE('',*,*,#1270,.F.);
#1270 = EDGE_CURVE('',#1244,#1263,#1271,.T.);
#1271 = CIRCLE('',#1272,0.450012700025);
#1272 = AXIS2_PLACEMENT_3D('',#1273,#1274,#1275);
#1273 = CARTESIAN_POINT('',(-14.09702819405,13.208026416053,0.));
#1274 = DIRECTION('',(0.,0.,1.));
#1275 = DIRECTION('',(1.,1.110223024625E-16,-0.));
#1276 = CYLINDRICAL_SURFACE('',#1277,0.450012700025);
#1277 = AXIS2_PLACEMENT_3D('',#1278,#1279,#1280);
#1278 = CARTESIAN_POINT('',(-14.09702819405,13.208026416053,0.));
#1279 = DIRECTION('',(-0.,-0.,-1.));
#1280 = DIRECTION('',(1.,1.110223024625E-16,-0.));
#1281 = ADVANCED_FACE('',(#1282),#1300,.F.);
#1282 = FACE_BOUND('',#1283,.T.);
#1283 = EDGE_LOOP('',(#1284,#1285,#1292,#1293));
#1284 = ORIENTED_EDGE('',*,*,#1262,.T.);
#1285 = ORIENTED_EDGE('',*,*,#1286,.T.);
#1286 = EDGE_CURVE('',#1254,#1246,#1287,.T.);
#1287 = CIRCLE('',#1288,0.450012700025);
#1288 = AXIS2_PLACEMENT_3D('',#1289,#1290,#1291);
#1289 = CARTESIAN_POINT('',(-14.09702819405,13.208026416053,
    1.600050800102));
#1290 = DIRECTION('',(0.,0.,1.));
#1291 = DIRECTION('',(-1.,-1.110223024625E-16,0.));
#1292 = ORIENTED_EDGE('',*,*,#1243,.F.);
#1293 = ORIENTED_EDGE('',*,*,#1294,.F.);
#1294 = EDGE_CURVE('',#1263,#1244,#1295,.T.);
#1295 = CIRCLE('',#1296,0.450012700025);
#1296 = AXIS2_PLACEMENT_3D('',#1297,#1298,#1299);
#1297 = CARTESIAN_POINT('',(-14.09702819405,13.208026416053,0.));
#1298 = DIRECTION('',(0.,0.,1.));
#1299 = DIRECTION('',(-1.,-1.110223024625E-16,0.));
#1300 = CYLINDRICAL_SURFACE('',#1301,0.450012700025);
#1301 = AXIS2_PLACEMENT_3D('',#1302,#1303,#1304);
#1302 = CARTESIAN_POINT('',(-14.09702819405,13.208026416053,0.));
#1303 = DIRECTION('',(-0.,-0.,-1.));
#1304 = DIRECTION('',(-1.,-1.110223024625E-16,0.));
#1305 = ADVANCED_FACE('',(#1306),#1342,.F.);
#1306 = FACE_BOUND('',#1307,.T.);
#1307 = EDGE_LOOP('',(#1308,#1318,#1327,#1335));
#1308 = ORIENTED_EDGE('',*,*,#1309,.T.);
#1309 = EDGE_CURVE('',#1310,#1312,#1314,.T.);
#1310 = VERTEX_POINT('',#1311);
#1311 = CARTESIAN_POINT('',(-13.64701549403,10.668021336043,0.));
#1312 = VERTEX_POINT('',#1313);
#1313 = CARTESIAN_POINT('',(-13.64701549403,10.668021336043,
    1.600050800102));
#1314 = LINE('',#1315,#1316);
#1315 = CARTESIAN_POINT('',(-13.64701549403,10.668021336043,0.));
#1316 = VECTOR('',#1317,1.);
#1317 = DIRECTION('',(0.,0.,1.));
#1318 = ORIENTED_EDGE('',*,*,#1319,.T.);
#1319 = EDGE_CURVE('',#1312,#1320,#1322,.T.);
#1320 = VERTEX_POINT('',#1321);
#1321 = CARTESIAN_POINT('',(-14.54704089408,10.668021336043,
    1.600050800102));
#1322 = CIRCLE('',#1323,0.450012700025);
#1323 = AXIS2_PLACEMENT_3D('',#1324,#1325,#1326);
#1324 = CARTESIAN_POINT('',(-14.09702819405,10.668021336043,
    1.600050800102));
#1325 = DIRECTION('',(0.,0.,1.));
#1326 = DIRECTION('',(1.,1.110223024625E-16,-0.));
#1327 = ORIENTED_EDGE('',*,*,#1328,.F.);
#1328 = EDGE_CURVE('',#1329,#1320,#1331,.T.);
#1329 = VERTEX_POINT('',#1330);
#1330 = CARTESIAN_POINT('',(-14.54704089408,10.668021336043,0.));
#1331 = LINE('',#1332,#1333);
#1332 = CARTESIAN_POINT('',(-14.54704089408,10.668021336043,0.));
#1333 = VECTOR('',#1334,1.);
#1334 = DIRECTION('',(0.,0.,1.));
#1335 = ORIENTED_EDGE('',*,*,#1336,.F.);
#1336 = EDGE_CURVE('',#1310,#1329,#1337,.T.);
#1337 = CIRCLE('',#1338,0.450012700025);
#1338 = AXIS2_PLACEMENT_3D('',#1339,#1340,#1341);
#1339 = CARTESIAN_POINT('',(-14.09702819405,10.668021336043,0.));
#1340 = DIRECTION('',(0.,0.,1.));
#1341 = DIRECTION('',(1.,1.110223024625E-16,-0.));
#1342 = CYLINDRICAL_SURFACE('',#1343,0.450012700025);
#1343 = AXIS2_PLACEMENT_3D('',#1344,#1345,#1346);
#1344 = CARTESIAN_POINT('',(-14.09702819405,10.668021336043,0.));
#1345 = DIRECTION('',(-0.,-0.,-1.));
#1346 = DIRECTION('',(1.,1.110223024625E-16,-0.));
#1347 = ADVANCED_FACE('',(#1348),#1366,.F.);
#1348 = FACE_BOUND('',#1349,.T.);
#1349 = EDGE_LOOP('',(#1350,#1351,#1358,#1359));
#1350 = ORIENTED_EDGE('',*,*,#1328,.T.);
#1351 = ORIENTED_EDGE('',*,*,#1352,.T.);
#1352 = EDGE_CURVE('',#1320,#1312,#1353,.T.);
#1353 = CIRCLE('',#1354,0.450012700025);
#1354 = AXIS2_PLACEMENT_3D('',#1355,#1356,#1357);
#1355 = CARTESIAN_POINT('',(-14.09702819405,10.668021336043,
    1.600050800102));
#1356 = DIRECTION('',(0.,0.,1.));
#1357 = DIRECTION('',(-1.,-1.110223024625E-16,0.));
#1358 = ORIENTED_EDGE('',*,*,#1309,.F.);
#1359 = ORIENTED_EDGE('',*,*,#1360,.F.);
#1360 = EDGE_CURVE('',#1329,#1310,#1361,.T.);
#1361 = CIRCLE('',#1362,0.450012700025);
#1362 = AXIS2_PLACEMENT_3D('',#1363,#1364,#1365);
#1363 = CARTESIAN_POINT('',(-14.09702819405,10.668021336043,0.));
#1364 = DIRECTION('',(0.,0.,1.));
#1365 = DIRECTION('',(-1.,-1.110223024625E-16,0.));
#1366 = CYLINDRICAL_SURFACE('',#1367,0.450012700025);
#1367 = AXIS2_PLACEMENT_3D('',#1368,#1369,#1370);
#1368 = CARTESIAN_POINT('',(-14.09702819405,10.668021336043,0.));
#1369 = DIRECTION('',(-0.,-0.,-1.));
#1370 = DIRECTION('',(-1.,-1.110223024625E-16,0.));
#1371 = ADVANCED_FACE('',(#1372),#1408,.F.);
#1372 = FACE_BOUND('',#1373,.T.);
#1373 = EDGE_LOOP('',(#1374,#1384,#1393,#1401));
#1374 = ORIENTED_EDGE('',*,*,#1375,.T.);
#1375 = EDGE_CURVE('',#1376,#1378,#1380,.T.);
#1376 = VERTEX_POINT('',#1377);
#1377 = CARTESIAN_POINT('',(-13.64701549403,8.128016256033,0.));
#1378 = VERTEX_POINT('',#1379);
#1379 = CARTESIAN_POINT('',(-13.64701549403,8.128016256033,
    1.600050800102));
#1380 = LINE('',#1381,#1382);
#1381 = CARTESIAN_POINT('',(-13.64701549403,8.128016256033,0.));
#1382 = VECTOR('',#1383,1.);
#1383 = DIRECTION('',(0.,0.,1.));
#1384 = ORIENTED_EDGE('',*,*,#1385,.T.);
#1385 = EDGE_CURVE('',#1378,#1386,#1388,.T.);
#1386 = VERTEX_POINT('',#1387);
#1387 = CARTESIAN_POINT('',(-14.54704089408,8.128016256033,
    1.600050800102));
#1388 = CIRCLE('',#1389,0.450012700025);
#1389 = AXIS2_PLACEMENT_3D('',#1390,#1391,#1392);
#1390 = CARTESIAN_POINT('',(-14.09702819405,8.128016256033,
    1.600050800102));
#1391 = DIRECTION('',(0.,0.,1.));
#1392 = DIRECTION('',(1.,1.110223024625E-16,-0.));
#1393 = ORIENTED_EDGE('',*,*,#1394,.F.);
#1394 = EDGE_CURVE('',#1395,#1386,#1397,.T.);
#1395 = VERTEX_POINT('',#1396);
#1396 = CARTESIAN_POINT('',(-14.54704089408,8.128016256033,0.));
#1397 = LINE('',#1398,#1399);
#1398 = CARTESIAN_POINT('',(-14.54704089408,8.128016256033,0.));
#1399 = VECTOR('',#1400,1.);
#1400 = DIRECTION('',(0.,0.,1.));
#1401 = ORIENTED_EDGE('',*,*,#1402,.F.);
#1402 = EDGE_CURVE('',#1376,#1395,#1403,.T.);
#1403 = CIRCLE('',#1404,0.450012700025);
#1404 = AXIS2_PLACEMENT_3D('',#1405,#1406,#1407);
#1405 = CARTESIAN_POINT('',(-14.09702819405,8.128016256033,0.));
#1406 = DIRECTION('',(0.,0.,1.));
#1407 = DIRECTION('',(1.,1.110223024625E-16,-0.));
#1408 = CYLINDRICAL_SURFACE('',#1409,0.450012700025);
#1409 = AXIS2_PLACEMENT_3D('',#1410,#1411,#1412);
#1410 = CARTESIAN_POINT('',(-14.09702819405,8.128016256033,0.));
#1411 = DIRECTION('',(-0.,-0.,-1.));
#1412 = DIRECTION('',(1.,1.110223024625E-16,-0.));
#1413 = ADVANCED_FACE('',(#1414),#1432,.F.);
#1414 = FACE_BOUND('',#1415,.T.);
#1415 = EDGE_LOOP('',(#1416,#1417,#1424,#1425));
#1416 = ORIENTED_EDGE('',*,*,#1394,.T.);
#1417 = ORIENTED_EDGE('',*,*,#1418,.T.);
#1418 = EDGE_CURVE('',#1386,#1378,#1419,.T.);
#1419 = CIRCLE('',#1420,0.450012700025);
#1420 = AXIS2_PLACEMENT_3D('',#1421,#1422,#1423);
#1421 = CARTESIAN_POINT('',(-14.09702819405,8.128016256033,
    1.600050800102));
#1422 = DIRECTION('',(0.,0.,1.));
#1423 = DIRECTION('',(-1.,-1.110223024625E-16,0.));
#1424 = ORIENTED_EDGE('',*,*,#1375,.F.);
#1425 = ORIENTED_EDGE('',*,*,#1426,.F.);
#1426 = EDGE_CURVE('',#1395,#1376,#1427,.T.);
#1427 = CIRCLE('',#1428,0.450012700025);
#1428 = AXIS2_PLACEMENT_3D('',#1429,#1430,#1431);
#1429 = CARTESIAN_POINT('',(-14.09702819405,8.128016256033,0.));
#1430 = DIRECTION('',(0.,0.,1.));
#1431 = DIRECTION('',(-1.,-1.110223024625E-16,0.));
#1432 = CYLINDRICAL_SURFACE('',#1433,0.450012700025);
#1433 = AXIS2_PLACEMENT_3D('',#1434,#1435,#1436);
#1434 = CARTESIAN_POINT('',(-14.09702819405,8.128016256033,0.));
#1435 = DIRECTION('',(-0.,-0.,-1.));
#1436 = DIRECTION('',(-1.,-1.110223024625E-16,0.));
#1437 = ADVANCED_FACE('',(#1438),#1474,.F.);
#1438 = FACE_BOUND('',#1439,.T.);
#1439 = EDGE_LOOP('',(#1440,#1450,#1459,#1467));
#1440 = ORIENTED_EDGE('',*,*,#1441,.T.);
#1441 = EDGE_CURVE('',#1442,#1444,#1446,.T.);
#1442 = VERTEX_POINT('',#1443);
#1443 = CARTESIAN_POINT('',(-13.64701549403,5.588011176022,0.));
#1444 = VERTEX_POINT('',#1445);
#1445 = CARTESIAN_POINT('',(-13.64701549403,5.588011176022,
    1.600050800102));
#1446 = LINE('',#1447,#1448);
#1447 = CARTESIAN_POINT('',(-13.64701549403,5.588011176022,0.));
#1448 = VECTOR('',#1449,1.);
#1449 = DIRECTION('',(0.,0.,1.));
#1450 = ORIENTED_EDGE('',*,*,#1451,.T.);
#1451 = EDGE_CURVE('',#1444,#1452,#1454,.T.);
#1452 = VERTEX_POINT('',#1453);
#1453 = CARTESIAN_POINT('',(-14.54704089408,5.588011176022,
    1.600050800102));
#1454 = CIRCLE('',#1455,0.450012700025);
#1455 = AXIS2_PLACEMENT_3D('',#1456,#1457,#1458);
#1456 = CARTESIAN_POINT('',(-14.09702819405,5.588011176022,
    1.600050800102));
#1457 = DIRECTION('',(0.,0.,1.));
#1458 = DIRECTION('',(1.,1.110223024625E-16,-0.));
#1459 = ORIENTED_EDGE('',*,*,#1460,.F.);
#1460 = EDGE_CURVE('',#1461,#1452,#1463,.T.);
#1461 = VERTEX_POINT('',#1462);
#1462 = CARTESIAN_POINT('',(-14.54704089408,5.588011176022,0.));
#1463 = LINE('',#1464,#1465);
#1464 = CARTESIAN_POINT('',(-14.54704089408,5.588011176022,0.));
#1465 = VECTOR('',#1466,1.);
#1466 = DIRECTION('',(0.,0.,1.));
#1467 = ORIENTED_EDGE('',*,*,#1468,.F.);
#1468 = EDGE_CURVE('',#1442,#1461,#1469,.T.);
#1469 = CIRCLE('',#1470,0.450012700025);
#1470 = AXIS2_PLACEMENT_3D('',#1471,#1472,#1473);
#1471 = CARTESIAN_POINT('',(-14.09702819405,5.588011176022,0.));
#1472 = DIRECTION('',(0.,0.,1.));
#1473 = DIRECTION('',(1.,1.110223024625E-16,-0.));
#1474 = CYLINDRICAL_SURFACE('',#1475,0.450012700025);
#1475 = AXIS2_PLACEMENT_3D('',#1476,#1477,#1478);
#1476 = CARTESIAN_POINT('',(-14.09702819405,5.588011176022,0.));
#1477 = DIRECTION('',(-0.,-0.,-1.));
#1478 = DIRECTION('',(1.,1.110223024625E-16,-0.));
#1479 = ADVANCED_FACE('',(#1480),#1498,.F.);
#1480 = FACE_BOUND('',#1481,.T.);
#1481 = EDGE_LOOP('',(#1482,#1483,#1490,#1491));
#1482 = ORIENTED_EDGE('',*,*,#1460,.T.);
#1483 = ORIENTED_EDGE('',*,*,#1484,.T.);
#1484 = EDGE_CURVE('',#1452,#1444,#1485,.T.);
#1485 = CIRCLE('',#1486,0.450012700025);
#1486 = AXIS2_PLACEMENT_3D('',#1487,#1488,#1489);
#1487 = CARTESIAN_POINT('',(-14.09702819405,5.588011176022,
    1.600050800102));
#1488 = DIRECTION('',(0.,0.,1.));
#1489 = DIRECTION('',(-1.,-1.110223024625E-16,0.));
#1490 = ORIENTED_EDGE('',*,*,#1441,.F.);
#1491 = ORIENTED_EDGE('',*,*,#1492,.F.);
#1492 = EDGE_CURVE('',#1461,#1442,#1493,.T.);
#1493 = CIRCLE('',#1494,0.450012700025);
#1494 = AXIS2_PLACEMENT_3D('',#1495,#1496,#1497);
#1495 = CARTESIAN_POINT('',(-14.09702819405,5.588011176022,0.));
#1496 = DIRECTION('',(0.,0.,1.));
#1497 = DIRECTION('',(-1.,-1.110223024625E-16,0.));
#1498 = CYLINDRICAL_SURFACE('',#1499,0.450012700025);
#1499 = AXIS2_PLACEMENT_3D('',#1500,#1501,#1502);
#1500 = CARTESIAN_POINT('',(-14.09702819405,5.588011176022,0.));
#1501 = DIRECTION('',(-0.,-0.,-1.));
#1502 = DIRECTION('',(-1.,-1.110223024625E-16,0.));
#1503 = ADVANCED_FACE('',(#1504),#1540,.F.);
#1504 = FACE_BOUND('',#1505,.T.);
#1505 = EDGE_LOOP('',(#1506,#1516,#1525,#1533));
#1506 = ORIENTED_EDGE('',*,*,#1507,.T.);
#1507 = EDGE_CURVE('',#1508,#1510,#1512,.T.);
#1508 = VERTEX_POINT('',#1509);
#1509 = CARTESIAN_POINT('',(-12.83502667005,-39.37007874015,0.));
#1510 = VERTEX_POINT('',#1511);
#1511 = CARTESIAN_POINT('',(-12.83502667005,-39.37007874015,
    1.600050800102));
#1512 = LINE('',#1513,#1514);
#1513 = CARTESIAN_POINT('',(-12.83502667005,-39.37007874015,0.));
#1514 = VECTOR('',#1515,1.);
#1515 = DIRECTION('',(0.,0.,1.));
#1516 = ORIENTED_EDGE('',*,*,#1517,.T.);
#1517 = EDGE_CURVE('',#1510,#1518,#1520,.T.);
#1518 = VERTEX_POINT('',#1519);
#1519 = CARTESIAN_POINT('',(-13.83502667005,-39.37007874015,
    1.600050800102));
#1520 = CIRCLE('',#1521,0.5);
#1521 = AXIS2_PLACEMENT_3D('',#1522,#1523,#1524);
#1522 = CARTESIAN_POINT('',(-13.33502667005,-39.37007874015,
    1.600050800102));
#1523 = DIRECTION('',(0.,0.,1.));
#1524 = DIRECTION('',(1.,1.110223024625E-16,-0.));
#1525 = ORIENTED_EDGE('',*,*,#1526,.F.);
#1526 = EDGE_CURVE('',#1527,#1518,#1529,.T.);
#1527 = VERTEX_POINT('',#1528);
#1528 = CARTESIAN_POINT('',(-13.83502667005,-39.37007874015,0.));
#1529 = LINE('',#1530,#1531);
#1530 = CARTESIAN_POINT('',(-13.83502667005,-39.37007874015,0.));
#1531 = VECTOR('',#1532,1.);
#1532 = DIRECTION('',(0.,0.,1.));
#1533 = ORIENTED_EDGE('',*,*,#1534,.F.);
#1534 = EDGE_CURVE('',#1508,#1527,#1535,.T.);
#1535 = CIRCLE('',#1536,0.5);
#1536 = AXIS2_PLACEMENT_3D('',#1537,#1538,#1539);
#1537 = CARTESIAN_POINT('',(-13.33502667005,-39.37007874015,0.));
#1538 = DIRECTION('',(0.,0.,1.));
#1539 = DIRECTION('',(1.,1.110223024625E-16,-0.));
#1540 = CYLINDRICAL_SURFACE('',#1541,0.5);
#1541 = AXIS2_PLACEMENT_3D('',#1542,#1543,#1544);
#1542 = CARTESIAN_POINT('',(-13.33502667005,-39.37007874015,0.));
#1543 = DIRECTION('',(-0.,-0.,-1.));
#1544 = DIRECTION('',(1.,1.110223024625E-16,-0.));
#1545 = ADVANCED_FACE('',(#1546),#1564,.F.);
#1546 = FACE_BOUND('',#1547,.T.);
#1547 = EDGE_LOOP('',(#1548,#1549,#1556,#1557));
#1548 = ORIENTED_EDGE('',*,*,#1526,.T.);
#1549 = ORIENTED_EDGE('',*,*,#1550,.T.);
#1550 = EDGE_CURVE('',#1518,#1510,#1551,.T.);
#1551 = CIRCLE('',#1552,0.5);
#1552 = AXIS2_PLACEMENT_3D('',#1553,#1554,#1555);
#1553 = CARTESIAN_POINT('',(-13.33502667005,-39.37007874015,
    1.600050800102));
#1554 = DIRECTION('',(0.,0.,1.));
#1555 = DIRECTION('',(-1.,-1.110223024625E-16,0.));
#1556 = ORIENTED_EDGE('',*,*,#1507,.F.);
#1557 = ORIENTED_EDGE('',*,*,#1558,.F.);
#1558 = EDGE_CURVE('',#1527,#1508,#1559,.T.);
#1559 = CIRCLE('',#1560,0.5);
#1560 = AXIS2_PLACEMENT_3D('',#1561,#1562,#1563);
#1561 = CARTESIAN_POINT('',(-13.33502667005,-39.37007874015,0.));
#1562 = DIRECTION('',(0.,0.,1.));
#1563 = DIRECTION('',(-1.,-1.110223024625E-16,0.));
#1564 = CYLINDRICAL_SURFACE('',#1565,0.5);
#1565 = AXIS2_PLACEMENT_3D('',#1566,#1567,#1568);
#1566 = CARTESIAN_POINT('',(-13.33502667005,-39.37007874015,0.));
#1567 = DIRECTION('',(-0.,-0.,-1.));
#1568 = DIRECTION('',(-1.,-1.110223024625E-16,0.));
#1569 = ADVANCED_FACE('',(#1570),#1606,.F.);
#1570 = FACE_BOUND('',#1571,.T.);
#1571 = EDGE_LOOP('',(#1572,#1582,#1591,#1599));
#1572 = ORIENTED_EDGE('',*,*,#1573,.T.);
#1573 = EDGE_CURVE('',#1574,#1576,#1578,.T.);
#1574 = VERTEX_POINT('',#1575);
#1575 = CARTESIAN_POINT('',(-10.76952247904,-11.04902209804,0.));
#1576 = VERTEX_POINT('',#1577);
#1577 = CARTESIAN_POINT('',(-10.76952247904,-11.04902209804,
    1.600050800102));
#1578 = LINE('',#1579,#1580);
#1579 = CARTESIAN_POINT('',(-10.76952247904,-11.04902209804,0.));
#1580 = VECTOR('',#1581,1.);
#1581 = DIRECTION('',(0.,0.,1.));
#1582 = ORIENTED_EDGE('',*,*,#1583,.T.);
#1583 = EDGE_CURVE('',#1576,#1584,#1586,.T.);
#1584 = VERTEX_POINT('',#1585);
#1585 = CARTESIAN_POINT('',(-11.07452120904,-11.04902209804,
    1.600050800102));
#1586 = CIRCLE('',#1587,0.152499364999);
#1587 = AXIS2_PLACEMENT_3D('',#1588,#1589,#1590);
#1588 = CARTESIAN_POINT('',(-10.92202184404,-11.04902209804,
    1.600050800102));
#1589 = DIRECTION('',(0.,0.,1.));
#1590 = DIRECTION('',(1.,1.110223024625E-16,-0.));
#1591 = ORIENTED_EDGE('',*,*,#1592,.F.);
#1592 = EDGE_CURVE('',#1593,#1584,#1595,.T.);
#1593 = VERTEX_POINT('',#1594);
#1594 = CARTESIAN_POINT('',(-11.07452120904,-11.04902209804,0.));
#1595 = LINE('',#1596,#1597);
#1596 = CARTESIAN_POINT('',(-11.07452120904,-11.04902209804,0.));
#1597 = VECTOR('',#1598,1.);
#1598 = DIRECTION('',(0.,0.,1.));
#1599 = ORIENTED_EDGE('',*,*,#1600,.F.);
#1600 = EDGE_CURVE('',#1574,#1593,#1601,.T.);
#1601 = CIRCLE('',#1602,0.152499364999);
#1602 = AXIS2_PLACEMENT_3D('',#1603,#1604,#1605);
#1603 = CARTESIAN_POINT('',(-10.92202184404,-11.04902209804,0.));
#1604 = DIRECTION('',(0.,0.,1.));
#1605 = DIRECTION('',(1.,1.110223024625E-16,-0.));
#1606 = CYLINDRICAL_SURFACE('',#1607,0.152499364999);
#1607 = AXIS2_PLACEMENT_3D('',#1608,#1609,#1610);
#1608 = CARTESIAN_POINT('',(-10.92202184404,-11.04902209804,0.));
#1609 = DIRECTION('',(-0.,-0.,-1.));
#1610 = DIRECTION('',(1.,1.110223024625E-16,-0.));
#1611 = ADVANCED_FACE('',(#1612),#1630,.F.);
#1612 = FACE_BOUND('',#1613,.T.);
#1613 = EDGE_LOOP('',(#1614,#1615,#1622,#1623));
#1614 = ORIENTED_EDGE('',*,*,#1592,.T.);
#1615 = ORIENTED_EDGE('',*,*,#1616,.T.);
#1616 = EDGE_CURVE('',#1584,#1576,#1617,.T.);
#1617 = CIRCLE('',#1618,0.152499364999);
#1618 = AXIS2_PLACEMENT_3D('',#1619,#1620,#1621);
#1619 = CARTESIAN_POINT('',(-10.92202184404,-11.04902209804,
    1.600050800102));
#1620 = DIRECTION('',(0.,0.,1.));
#1621 = DIRECTION('',(-1.,-1.110223024625E-16,0.));
#1622 = ORIENTED_EDGE('',*,*,#1573,.F.);
#1623 = ORIENTED_EDGE('',*,*,#1624,.F.);
#1624 = EDGE_CURVE('',#1593,#1574,#1625,.T.);
#1625 = CIRCLE('',#1626,0.152499364999);
#1626 = AXIS2_PLACEMENT_3D('',#1627,#1628,#1629);
#1627 = CARTESIAN_POINT('',(-10.92202184404,-11.04902209804,0.));
#1628 = DIRECTION('',(0.,0.,1.));
#1629 = DIRECTION('',(-1.,-1.110223024625E-16,0.));
#1630 = CYLINDRICAL_SURFACE('',#1631,0.152499364999);
#1631 = AXIS2_PLACEMENT_3D('',#1632,#1633,#1634);
#1632 = CARTESIAN_POINT('',(-10.92202184404,-11.04902209804,0.));
#1633 = DIRECTION('',(-0.,-0.,-1.));
#1634 = DIRECTION('',(-1.,-1.110223024625E-16,0.));
#1635 = ADVANCED_FACE('',(#1636),#1672,.F.);
#1636 = FACE_BOUND('',#1637,.T.);
#1637 = EDGE_LOOP('',(#1638,#1648,#1657,#1665));
#1638 = ORIENTED_EDGE('',*,*,#1639,.T.);
#1639 = EDGE_CURVE('',#1640,#1642,#1644,.T.);
#1640 = VERTEX_POINT('',#1641);
#1641 = CARTESIAN_POINT('',(-9.372519685039,-8.128016256033,0.));
#1642 = VERTEX_POINT('',#1643);
#1643 = CARTESIAN_POINT('',(-9.372519685039,-8.128016256033,
    1.600050800102));
#1644 = LINE('',#1645,#1646);
#1645 = CARTESIAN_POINT('',(-9.372519685039,-8.128016256033,0.));
#1646 = VECTOR('',#1647,1.);
#1647 = DIRECTION('',(0.,0.,1.));
#1648 = ORIENTED_EDGE('',*,*,#1649,.T.);
#1649 = EDGE_CURVE('',#1642,#1650,#1652,.T.);
#1650 = VERTEX_POINT('',#1651);
#1651 = CARTESIAN_POINT('',(-9.677518415037,-8.128016256033,
    1.600050800102));
#1652 = CIRCLE('',#1653,0.152499364999);
#1653 = AXIS2_PLACEMENT_3D('',#1654,#1655,#1656);
#1654 = CARTESIAN_POINT('',(-9.525019050038,-8.128016256033,
    1.600050800102));
#1655 = DIRECTION('',(0.,0.,1.));
#1656 = DIRECTION('',(1.,1.110223024625E-16,-0.));
#1657 = ORIENTED_EDGE('',*,*,#1658,.F.);
#1658 = EDGE_CURVE('',#1659,#1650,#1661,.T.);
#1659 = VERTEX_POINT('',#1660);
#1660 = CARTESIAN_POINT('',(-9.677518415037,-8.128016256033,0.));
#1661 = LINE('',#1662,#1663);
#1662 = CARTESIAN_POINT('',(-9.677518415037,-8.128016256033,0.));
#1663 = VECTOR('',#1664,1.);
#1664 = DIRECTION('',(0.,0.,1.));
#1665 = ORIENTED_EDGE('',*,*,#1666,.F.);
#1666 = EDGE_CURVE('',#1640,#1659,#1667,.T.);
#1667 = CIRCLE('',#1668,0.152499364999);
#1668 = AXIS2_PLACEMENT_3D('',#1669,#1670,#1671);
#1669 = CARTESIAN_POINT('',(-9.525019050038,-8.128016256033,0.));
#1670 = DIRECTION('',(0.,0.,1.));
#1671 = DIRECTION('',(1.,1.110223024625E-16,-0.));
#1672 = CYLINDRICAL_SURFACE('',#1673,0.152499364999);
#1673 = AXIS2_PLACEMENT_3D('',#1674,#1675,#1676);
#1674 = CARTESIAN_POINT('',(-9.525019050038,-8.128016256033,0.));
#1675 = DIRECTION('',(-0.,-0.,-1.));
#1676 = DIRECTION('',(1.,1.110223024625E-16,-0.));
#1677 = ADVANCED_FACE('',(#1678),#1696,.F.);
#1678 = FACE_BOUND('',#1679,.T.);
#1679 = EDGE_LOOP('',(#1680,#1681,#1688,#1689));
#1680 = ORIENTED_EDGE('',*,*,#1658,.T.);
#1681 = ORIENTED_EDGE('',*,*,#1682,.T.);
#1682 = EDGE_CURVE('',#1650,#1642,#1683,.T.);
#1683 = CIRCLE('',#1684,0.152499364999);
#1684 = AXIS2_PLACEMENT_3D('',#1685,#1686,#1687);
#1685 = CARTESIAN_POINT('',(-9.525019050038,-8.128016256033,
    1.600050800102));
#1686 = DIRECTION('',(0.,0.,1.));
#1687 = DIRECTION('',(-1.,-1.110223024625E-16,0.));
#1688 = ORIENTED_EDGE('',*,*,#1639,.F.);
#1689 = ORIENTED_EDGE('',*,*,#1690,.F.);
#1690 = EDGE_CURVE('',#1659,#1640,#1691,.T.);
#1691 = CIRCLE('',#1692,0.152499364999);
#1692 = AXIS2_PLACEMENT_3D('',#1693,#1694,#1695);
#1693 = CARTESIAN_POINT('',(-9.525019050038,-8.128016256033,0.));
#1694 = DIRECTION('',(0.,0.,1.));
#1695 = DIRECTION('',(-1.,-1.110223024625E-16,0.));
#1696 = CYLINDRICAL_SURFACE('',#1697,0.152499364999);
#1697 = AXIS2_PLACEMENT_3D('',#1698,#1699,#1700);
#1698 = CARTESIAN_POINT('',(-9.525019050038,-8.128016256033,0.));
#1699 = DIRECTION('',(-0.,-0.,-1.));
#1700 = DIRECTION('',(-1.,-1.110223024625E-16,0.));
#1701 = ADVANCED_FACE('',(#1702),#1738,.F.);
#1702 = FACE_BOUND('',#1703,.T.);
#1703 = EDGE_LOOP('',(#1704,#1714,#1723,#1731));
#1704 = ORIENTED_EDGE('',*,*,#1705,.T.);
#1705 = EDGE_CURVE('',#1706,#1708,#1710,.T.);
#1706 = VERTEX_POINT('',#1707);
#1707 = CARTESIAN_POINT('',(-7.978646177292,-3.973347726695,0.));
#1708 = VERTEX_POINT('',#1709);
#1709 = CARTESIAN_POINT('',(-7.978646177292,-3.973347726695,
    1.600050800102));
#1710 = LINE('',#1711,#1712);
#1711 = CARTESIAN_POINT('',(-7.978646177292,-3.973347726695,0.));
#1712 = VECTOR('',#1713,1.);
#1713 = DIRECTION('',(0.,0.,1.));
#1714 = ORIENTED_EDGE('',*,*,#1715,.T.);
#1715 = EDGE_CURVE('',#1708,#1716,#1718,.T.);
#1716 = VERTEX_POINT('',#1717);
#1717 = CARTESIAN_POINT('',(-8.778646177292,-3.973347726695,
    1.600050800102));
#1718 = CIRCLE('',#1719,0.4);
#1719 = AXIS2_PLACEMENT_3D('',#1720,#1721,#1722);
#1720 = CARTESIAN_POINT('',(-8.378646177292,-3.973347726695,
    1.600050800102));
#1721 = DIRECTION('',(0.,0.,1.));
#1722 = DIRECTION('',(1.,1.110223024625E-16,-0.));
#1723 = ORIENTED_EDGE('',*,*,#1724,.F.);
#1724 = EDGE_CURVE('',#1725,#1716,#1727,.T.);
#1725 = VERTEX_POINT('',#1726);
#1726 = CARTESIAN_POINT('',(-8.778646177292,-3.973347726695,0.));
#1727 = LINE('',#1728,#1729);
#1728 = CARTESIAN_POINT('',(-8.778646177292,-3.973347726695,0.));
#1729 = VECTOR('',#1730,1.);
#1730 = DIRECTION('',(0.,0.,1.));
#1731 = ORIENTED_EDGE('',*,*,#1732,.F.);
#1732 = EDGE_CURVE('',#1706,#1725,#1733,.T.);
#1733 = CIRCLE('',#1734,0.4);
#1734 = AXIS2_PLACEMENT_3D('',#1735,#1736,#1737);
#1735 = CARTESIAN_POINT('',(-8.378646177292,-3.973347726695,0.));
#1736 = DIRECTION('',(0.,0.,1.));
#1737 = DIRECTION('',(1.,1.110223024625E-16,-0.));
#1738 = CYLINDRICAL_SURFACE('',#1739,0.4);
#1739 = AXIS2_PLACEMENT_3D('',#1740,#1741,#1742);
#1740 = CARTESIAN_POINT('',(-8.378646177292,-3.973347726695,0.));
#1741 = DIRECTION('',(-0.,-0.,-1.));
#1742 = DIRECTION('',(1.,1.110223024625E-16,-0.));
#1743 = ADVANCED_FACE('',(#1744),#1762,.F.);
#1744 = FACE_BOUND('',#1745,.T.);
#1745 = EDGE_LOOP('',(#1746,#1747,#1754,#1755));
#1746 = ORIENTED_EDGE('',*,*,#1724,.T.);
#1747 = ORIENTED_EDGE('',*,*,#1748,.T.);
#1748 = EDGE_CURVE('',#1716,#1708,#1749,.T.);
#1749 = CIRCLE('',#1750,0.4);
#1750 = AXIS2_PLACEMENT_3D('',#1751,#1752,#1753);
#1751 = CARTESIAN_POINT('',(-8.378646177292,-3.973347726695,
    1.600050800102));
#1752 = DIRECTION('',(0.,0.,1.));
#1753 = DIRECTION('',(-1.,-1.110223024625E-16,0.));
#1754 = ORIENTED_EDGE('',*,*,#1705,.F.);
#1755 = ORIENTED_EDGE('',*,*,#1756,.F.);
#1756 = EDGE_CURVE('',#1725,#1706,#1757,.T.);
#1757 = CIRCLE('',#1758,0.4);
#1758 = AXIS2_PLACEMENT_3D('',#1759,#1760,#1761);
#1759 = CARTESIAN_POINT('',(-8.378646177292,-3.973347726695,0.));
#1760 = DIRECTION('',(0.,0.,1.));
#1761 = DIRECTION('',(-1.,-1.110223024625E-16,0.));
#1762 = CYLINDRICAL_SURFACE('',#1763,0.4);
#1763 = AXIS2_PLACEMENT_3D('',#1764,#1765,#1766);
#1764 = CARTESIAN_POINT('',(-8.378646177292,-3.973347726695,0.));
#1765 = DIRECTION('',(-0.,-0.,-1.));
#1766 = DIRECTION('',(-1.,-1.110223024625E-16,0.));
#1767 = ADVANCED_FACE('',(#1768),#1804,.F.);
#1768 = FACE_BOUND('',#1769,.T.);
#1769 = EDGE_LOOP('',(#1770,#1780,#1789,#1797));
#1770 = ORIENTED_EDGE('',*,*,#1771,.T.);
#1771 = EDGE_CURVE('',#1772,#1774,#1776,.T.);
#1772 = VERTEX_POINT('',#1773);
#1773 = CARTESIAN_POINT('',(-7.978646177292,3.966657353315,0.));
#1774 = VERTEX_POINT('',#1775);
#1775 = CARTESIAN_POINT('',(-7.978646177292,3.966657353315,
    1.600050800102));
#1776 = LINE('',#1777,#1778);
#1777 = CARTESIAN_POINT('',(-7.978646177292,3.966657353315,0.));
#1778 = VECTOR('',#1779,1.);
#1779 = DIRECTION('',(0.,0.,1.));
#1780 = ORIENTED_EDGE('',*,*,#1781,.T.);
#1781 = EDGE_CURVE('',#1774,#1782,#1784,.T.);
#1782 = VERTEX_POINT('',#1783);
#1783 = CARTESIAN_POINT('',(-8.778646177292,3.966657353315,
    1.600050800102));
#1784 = CIRCLE('',#1785,0.4);
#1785 = AXIS2_PLACEMENT_3D('',#1786,#1787,#1788);
#1786 = CARTESIAN_POINT('',(-8.378646177292,3.966657353315,
    1.600050800102));
#1787 = DIRECTION('',(0.,0.,1.));
#1788 = DIRECTION('',(1.,1.110223024625E-16,-0.));
#1789 = ORIENTED_EDGE('',*,*,#1790,.F.);
#1790 = EDGE_CURVE('',#1791,#1782,#1793,.T.);
#1791 = VERTEX_POINT('',#1792);
#1792 = CARTESIAN_POINT('',(-8.778646177292,3.966657353315,0.));
#1793 = LINE('',#1794,#1795);
#1794 = CARTESIAN_POINT('',(-8.778646177292,3.966657353315,0.));
#1795 = VECTOR('',#1796,1.);
#1796 = DIRECTION('',(0.,0.,1.));
#1797 = ORIENTED_EDGE('',*,*,#1798,.F.);
#1798 = EDGE_CURVE('',#1772,#1791,#1799,.T.);
#1799 = CIRCLE('',#1800,0.4);
#1800 = AXIS2_PLACEMENT_3D('',#1801,#1802,#1803);
#1801 = CARTESIAN_POINT('',(-8.378646177292,3.966657353315,0.));
#1802 = DIRECTION('',(0.,0.,1.));
#1803 = DIRECTION('',(1.,1.110223024625E-16,-0.));
#1804 = CYLINDRICAL_SURFACE('',#1805,0.4);
#1805 = AXIS2_PLACEMENT_3D('',#1806,#1807,#1808);
#1806 = CARTESIAN_POINT('',(-8.378646177292,3.966657353315,0.));
#1807 = DIRECTION('',(-0.,-0.,-1.));
#1808 = DIRECTION('',(1.,1.110223024625E-16,-0.));
#1809 = ADVANCED_FACE('',(#1810),#1828,.F.);
#1810 = FACE_BOUND('',#1811,.T.);
#1811 = EDGE_LOOP('',(#1812,#1813,#1820,#1821));
#1812 = ORIENTED_EDGE('',*,*,#1790,.T.);
#1813 = ORIENTED_EDGE('',*,*,#1814,.T.);
#1814 = EDGE_CURVE('',#1782,#1774,#1815,.T.);
#1815 = CIRCLE('',#1816,0.4);
#1816 = AXIS2_PLACEMENT_3D('',#1817,#1818,#1819);
#1817 = CARTESIAN_POINT('',(-8.378646177292,3.966657353315,
    1.600050800102));
#1818 = DIRECTION('',(0.,0.,1.));
#1819 = DIRECTION('',(-1.,-1.110223024625E-16,0.));
#1820 = ORIENTED_EDGE('',*,*,#1771,.F.);
#1821 = ORIENTED_EDGE('',*,*,#1822,.F.);
#1822 = EDGE_CURVE('',#1791,#1772,#1823,.T.);
#1823 = CIRCLE('',#1824,0.4);
#1824 = AXIS2_PLACEMENT_3D('',#1825,#1826,#1827);
#1825 = CARTESIAN_POINT('',(-8.378646177292,3.966657353315,0.));
#1826 = DIRECTION('',(0.,0.,1.));
#1827 = DIRECTION('',(-1.,-1.110223024625E-16,0.));
#1828 = CYLINDRICAL_SURFACE('',#1829,0.4);
#1829 = AXIS2_PLACEMENT_3D('',#1830,#1831,#1832);
#1830 = CARTESIAN_POINT('',(-8.378646177292,3.966657353315,0.));
#1831 = DIRECTION('',(-0.,-0.,-1.));
#1832 = DIRECTION('',(-1.,-1.110223024625E-16,0.));
#1833 = ADVANCED_FACE('',(#1834),#1870,.F.);
#1834 = FACE_BOUND('',#1835,.T.);
#1835 = EDGE_LOOP('',(#1836,#1846,#1855,#1863));
#1836 = ORIENTED_EDGE('',*,*,#1837,.T.);
#1837 = EDGE_CURVE('',#1838,#1840,#1842,.T.);
#1838 = VERTEX_POINT('',#1839);
#1839 = CARTESIAN_POINT('',(-8.356517653035,9.779019558039,0.));
#1840 = VERTEX_POINT('',#1841);
#1841 = CARTESIAN_POINT('',(-8.356517653035,9.779019558039,
    1.600050800102));
#1842 = LINE('',#1843,#1844);
#1843 = CARTESIAN_POINT('',(-8.356517653035,9.779019558039,0.));
#1844 = VECTOR('',#1845,1.);
#1845 = DIRECTION('',(0.,0.,1.));
#1846 = ORIENTED_EDGE('',*,*,#1847,.T.);
#1847 = EDGE_CURVE('',#1840,#1848,#1850,.T.);
#1848 = VERTEX_POINT('',#1849);
#1849 = CARTESIAN_POINT('',(-8.661516383033,9.779019558039,
    1.600050800102));
#1850 = CIRCLE('',#1851,0.152499364999);
#1851 = AXIS2_PLACEMENT_3D('',#1852,#1853,#1854);
#1852 = CARTESIAN_POINT('',(-8.509017018034,9.779019558039,
    1.600050800102));
#1853 = DIRECTION('',(0.,0.,1.));
#1854 = DIRECTION('',(1.,1.110223024625E-16,-0.));
#1855 = ORIENTED_EDGE('',*,*,#1856,.F.);
#1856 = EDGE_CURVE('',#1857,#1848,#1859,.T.);
#1857 = VERTEX_POINT('',#1858);
#1858 = CARTESIAN_POINT('',(-8.661516383033,9.779019558039,0.));
#1859 = LINE('',#1860,#1861);
#1860 = CARTESIAN_POINT('',(-8.661516383033,9.779019558039,0.));
#1861 = VECTOR('',#1862,1.);
#1862 = DIRECTION('',(0.,0.,1.));
#1863 = ORIENTED_EDGE('',*,*,#1864,.F.);
#1864 = EDGE_CURVE('',#1838,#1857,#1865,.T.);
#1865 = CIRCLE('',#1866,0.152499364999);
#1866 = AXIS2_PLACEMENT_3D('',#1867,#1868,#1869);
#1867 = CARTESIAN_POINT('',(-8.509017018034,9.779019558039,0.));
#1868 = DIRECTION('',(0.,0.,1.));
#1869 = DIRECTION('',(1.,1.110223024625E-16,-0.));
#1870 = CYLINDRICAL_SURFACE('',#1871,0.152499364999);
#1871 = AXIS2_PLACEMENT_3D('',#1872,#1873,#1874);
#1872 = CARTESIAN_POINT('',(-8.509017018034,9.779019558039,0.));
#1873 = DIRECTION('',(-0.,-0.,-1.));
#1874 = DIRECTION('',(1.,1.110223024625E-16,-0.));
#1875 = ADVANCED_FACE('',(#1876),#1894,.F.);
#1876 = FACE_BOUND('',#1877,.T.);
#1877 = EDGE_LOOP('',(#1878,#1879,#1886,#1887));
#1878 = ORIENTED_EDGE('',*,*,#1856,.T.);
#1879 = ORIENTED_EDGE('',*,*,#1880,.T.);
#1880 = EDGE_CURVE('',#1848,#1840,#1881,.T.);
#1881 = CIRCLE('',#1882,0.152499364999);
#1882 = AXIS2_PLACEMENT_3D('',#1883,#1884,#1885);
#1883 = CARTESIAN_POINT('',(-8.509017018034,9.779019558039,
    1.600050800102));
#1884 = DIRECTION('',(0.,0.,1.));
#1885 = DIRECTION('',(-1.,-1.110223024625E-16,0.));
#1886 = ORIENTED_EDGE('',*,*,#1837,.F.);
#1887 = ORIENTED_EDGE('',*,*,#1888,.F.);
#1888 = EDGE_CURVE('',#1857,#1838,#1889,.T.);
#1889 = CIRCLE('',#1890,0.152499364999);
#1890 = AXIS2_PLACEMENT_3D('',#1891,#1892,#1893);
#1891 = CARTESIAN_POINT('',(-8.509017018034,9.779019558039,0.));
#1892 = DIRECTION('',(0.,0.,1.));
#1893 = DIRECTION('',(-1.,-1.110223024625E-16,0.));
#1894 = CYLINDRICAL_SURFACE('',#1895,0.152499364999);
#1895 = AXIS2_PLACEMENT_3D('',#1896,#1897,#1898);
#1896 = CARTESIAN_POINT('',(-8.509017018034,9.779019558039,0.));
#1897 = DIRECTION('',(-0.,-0.,-1.));
#1898 = DIRECTION('',(-1.,-1.110223024625E-16,0.));
#1899 = ADVANCED_FACE('',(#1900),#1936,.F.);
#1900 = FACE_BOUND('',#1901,.T.);
#1901 = EDGE_LOOP('',(#1902,#1912,#1921,#1929));
#1902 = ORIENTED_EDGE('',*,*,#1903,.T.);
#1903 = EDGE_CURVE('',#1904,#1906,#1908,.T.);
#1904 = VERTEX_POINT('',#1905);
#1905 = CARTESIAN_POINT('',(-6.89301498603,-20.32004064008,0.));
#1906 = VERTEX_POINT('',#1907);
#1907 = CARTESIAN_POINT('',(-6.89301498603,-20.32004064008,
    1.600050800102));
#1908 = LINE('',#1909,#1910);
#1909 = CARTESIAN_POINT('',(-6.89301498603,-20.32004064008,0.));
#1910 = VECTOR('',#1911,1.);
#1911 = DIRECTION('',(0.,0.,1.));
#1912 = ORIENTED_EDGE('',*,*,#1913,.T.);
#1913 = EDGE_CURVE('',#1906,#1914,#1916,.T.);
#1914 = VERTEX_POINT('',#1915);
#1915 = CARTESIAN_POINT('',(-8.09301498603,-20.32004064008,
    1.600050800102));
#1916 = CIRCLE('',#1917,0.6);
#1917 = AXIS2_PLACEMENT_3D('',#1918,#1919,#1920);
#1918 = CARTESIAN_POINT('',(-7.49301498603,-20.32004064008,
    1.600050800102));
#1919 = DIRECTION('',(0.,0.,1.));
#1920 = DIRECTION('',(1.,1.110223024625E-16,-0.));
#1921 = ORIENTED_EDGE('',*,*,#1922,.F.);
#1922 = EDGE_CURVE('',#1923,#1914,#1925,.T.);
#1923 = VERTEX_POINT('',#1924);
#1924 = CARTESIAN_POINT('',(-8.09301498603,-20.32004064008,0.));
#1925 = LINE('',#1926,#1927);
#1926 = CARTESIAN_POINT('',(-8.09301498603,-20.32004064008,0.));
#1927 = VECTOR('',#1928,1.);
#1928 = DIRECTION('',(0.,0.,1.));
#1929 = ORIENTED_EDGE('',*,*,#1930,.F.);
#1930 = EDGE_CURVE('',#1904,#1923,#1931,.T.);
#1931 = CIRCLE('',#1932,0.6);
#1932 = AXIS2_PLACEMENT_3D('',#1933,#1934,#1935);
#1933 = CARTESIAN_POINT('',(-7.49301498603,-20.32004064008,0.));
#1934 = DIRECTION('',(0.,0.,1.));
#1935 = DIRECTION('',(1.,1.110223024625E-16,-0.));
#1936 = CYLINDRICAL_SURFACE('',#1937,0.6);
#1937 = AXIS2_PLACEMENT_3D('',#1938,#1939,#1940);
#1938 = CARTESIAN_POINT('',(-7.49301498603,-20.32004064008,0.));
#1939 = DIRECTION('',(-0.,-0.,-1.));
#1940 = DIRECTION('',(1.,1.110223024625E-16,-0.));
#1941 = ADVANCED_FACE('',(#1942),#1960,.F.);
#1942 = FACE_BOUND('',#1943,.T.);
#1943 = EDGE_LOOP('',(#1944,#1945,#1952,#1953));
#1944 = ORIENTED_EDGE('',*,*,#1922,.T.);
#1945 = ORIENTED_EDGE('',*,*,#1946,.T.);
#1946 = EDGE_CURVE('',#1914,#1906,#1947,.T.);
#1947 = CIRCLE('',#1948,0.6);
#1948 = AXIS2_PLACEMENT_3D('',#1949,#1950,#1951);
#1949 = CARTESIAN_POINT('',(-7.49301498603,-20.32004064008,
    1.600050800102));
#1950 = DIRECTION('',(0.,0.,1.));
#1951 = DIRECTION('',(-1.,-1.110223024625E-16,0.));
#1952 = ORIENTED_EDGE('',*,*,#1903,.F.);
#1953 = ORIENTED_EDGE('',*,*,#1954,.F.);
#1954 = EDGE_CURVE('',#1923,#1904,#1955,.T.);
#1955 = CIRCLE('',#1956,0.6);
#1956 = AXIS2_PLACEMENT_3D('',#1957,#1958,#1959);
#1957 = CARTESIAN_POINT('',(-7.49301498603,-20.32004064008,0.));
#1958 = DIRECTION('',(0.,0.,1.));
#1959 = DIRECTION('',(-1.,-1.110223024625E-16,0.));
#1960 = CYLINDRICAL_SURFACE('',#1961,0.6);
#1961 = AXIS2_PLACEMENT_3D('',#1962,#1963,#1964);
#1962 = CARTESIAN_POINT('',(-7.49301498603,-20.32004064008,0.));
#1963 = DIRECTION('',(-0.,-0.,-1.));
#1964 = DIRECTION('',(-1.,-1.110223024625E-16,0.));
#1965 = ADVANCED_FACE('',(#1966),#2002,.F.);
#1966 = FACE_BOUND('',#1967,.T.);
#1967 = EDGE_LOOP('',(#1968,#1978,#1987,#1995));
#1968 = ORIENTED_EDGE('',*,*,#1969,.T.);
#1969 = EDGE_CURVE('',#1970,#1972,#1974,.T.);
#1970 = VERTEX_POINT('',#1971);
#1971 = CARTESIAN_POINT('',(-7.340515621031,-15.36703073406,0.));
#1972 = VERTEX_POINT('',#1973);
#1973 = CARTESIAN_POINT('',(-7.340515621031,-15.36703073406,
    1.600050800102));
#1974 = LINE('',#1975,#1976);
#1975 = CARTESIAN_POINT('',(-7.340515621031,-15.36703073406,0.));
#1976 = VECTOR('',#1977,1.);
#1977 = DIRECTION('',(0.,0.,1.));
#1978 = ORIENTED_EDGE('',*,*,#1979,.T.);
#1979 = EDGE_CURVE('',#1972,#1980,#1982,.T.);
#1980 = VERTEX_POINT('',#1981);
#1981 = CARTESIAN_POINT('',(-7.645514351029,-15.36703073406,
    1.600050800102));
#1982 = CIRCLE('',#1983,0.152499364999);
#1983 = AXIS2_PLACEMENT_3D('',#1984,#1985,#1986);
#1984 = CARTESIAN_POINT('',(-7.49301498603,-15.36703073406,
    1.600050800102));
#1985 = DIRECTION('',(0.,0.,1.));
#1986 = DIRECTION('',(1.,1.110223024625E-16,-0.));
#1987 = ORIENTED_EDGE('',*,*,#1988,.F.);
#1988 = EDGE_CURVE('',#1989,#1980,#1991,.T.);
#1989 = VERTEX_POINT('',#1990);
#1990 = CARTESIAN_POINT('',(-7.645514351029,-15.36703073406,0.));
#1991 = LINE('',#1992,#1993);
#1992 = CARTESIAN_POINT('',(-7.645514351029,-15.36703073406,0.));
#1993 = VECTOR('',#1994,1.);
#1994 = DIRECTION('',(0.,0.,1.));
#1995 = ORIENTED_EDGE('',*,*,#1996,.F.);
#1996 = EDGE_CURVE('',#1970,#1989,#1997,.T.);
#1997 = CIRCLE('',#1998,0.152499364999);
#1998 = AXIS2_PLACEMENT_3D('',#1999,#2000,#2001);
#1999 = CARTESIAN_POINT('',(-7.49301498603,-15.36703073406,0.));
#2000 = DIRECTION('',(0.,0.,1.));
#2001 = DIRECTION('',(1.,1.110223024625E-16,-0.));
#2002 = CYLINDRICAL_SURFACE('',#2003,0.152499364999);
#2003 = AXIS2_PLACEMENT_3D('',#2004,#2005,#2006);
#2004 = CARTESIAN_POINT('',(-7.49301498603,-15.36703073406,0.));
#2005 = DIRECTION('',(-0.,-0.,-1.));
#2006 = DIRECTION('',(1.,1.110223024625E-16,-0.));
#2007 = ADVANCED_FACE('',(#2008),#2026,.F.);
#2008 = FACE_BOUND('',#2009,.T.);
#2009 = EDGE_LOOP('',(#2010,#2011,#2018,#2019));
#2010 = ORIENTED_EDGE('',*,*,#1988,.T.);
#2011 = ORIENTED_EDGE('',*,*,#2012,.T.);
#2012 = EDGE_CURVE('',#1980,#1972,#2013,.T.);
#2013 = CIRCLE('',#2014,0.152499364999);
#2014 = AXIS2_PLACEMENT_3D('',#2015,#2016,#2017);
#2015 = CARTESIAN_POINT('',(-7.49301498603,-15.36703073406,
    1.600050800102));
#2016 = DIRECTION('',(0.,0.,1.));
#2017 = DIRECTION('',(-1.,-1.110223024625E-16,0.));
#2018 = ORIENTED_EDGE('',*,*,#1969,.F.);
#2019 = ORIENTED_EDGE('',*,*,#2020,.F.);
#2020 = EDGE_CURVE('',#1989,#1970,#2021,.T.);
#2021 = CIRCLE('',#2022,0.152499364999);
#2022 = AXIS2_PLACEMENT_3D('',#2023,#2024,#2025);
#2023 = CARTESIAN_POINT('',(-7.49301498603,-15.36703073406,0.));
#2024 = DIRECTION('',(0.,0.,1.));
#2025 = DIRECTION('',(-1.,-1.110223024625E-16,0.));
#2026 = CYLINDRICAL_SURFACE('',#2027,0.152499364999);
#2027 = AXIS2_PLACEMENT_3D('',#2028,#2029,#2030);
#2028 = CARTESIAN_POINT('',(-7.49301498603,-15.36703073406,0.));
#2029 = DIRECTION('',(-0.,-0.,-1.));
#2030 = DIRECTION('',(-1.,-1.110223024625E-16,0.));
#2031 = ADVANCED_FACE('',(#2032),#2068,.F.);
#2032 = FACE_BOUND('',#2033,.T.);
#2033 = EDGE_LOOP('',(#2034,#2044,#2053,#2061));
#2034 = ORIENTED_EDGE('',*,*,#2035,.T.);
#2035 = EDGE_CURVE('',#2036,#2038,#2040,.T.);
#2036 = VERTEX_POINT('',#2037);
#2037 = CARTESIAN_POINT('',(-5.438641097282,-3.973347726695,0.));
#2038 = VERTEX_POINT('',#2039);
#2039 = CARTESIAN_POINT('',(-5.438641097282,-3.973347726695,
    1.600050800102));
#2040 = LINE('',#2041,#2042);
#2041 = CARTESIAN_POINT('',(-5.438641097282,-3.973347726695,0.));
#2042 = VECTOR('',#2043,1.);
#2043 = DIRECTION('',(0.,0.,1.));
#2044 = ORIENTED_EDGE('',*,*,#2045,.T.);
#2045 = EDGE_CURVE('',#2038,#2046,#2048,.T.);
#2046 = VERTEX_POINT('',#2047);
#2047 = CARTESIAN_POINT('',(-6.238641097282,-3.973347726695,
    1.600050800102));
#2048 = CIRCLE('',#2049,0.4);
#2049 = AXIS2_PLACEMENT_3D('',#2050,#2051,#2052);
#2050 = CARTESIAN_POINT('',(-5.838641097282,-3.973347726695,
    1.600050800102));
#2051 = DIRECTION('',(0.,0.,1.));
#2052 = DIRECTION('',(1.,1.110223024625E-16,-0.));
#2053 = ORIENTED_EDGE('',*,*,#2054,.F.);
#2054 = EDGE_CURVE('',#2055,#2046,#2057,.T.);
#2055 = VERTEX_POINT('',#2056);
#2056 = CARTESIAN_POINT('',(-6.238641097282,-3.973347726695,0.));
#2057 = LINE('',#2058,#2059);
#2058 = CARTESIAN_POINT('',(-6.238641097282,-3.973347726695,0.));
#2059 = VECTOR('',#2060,1.);
#2060 = DIRECTION('',(0.,0.,1.));
#2061 = ORIENTED_EDGE('',*,*,#2062,.F.);
#2062 = EDGE_CURVE('',#2036,#2055,#2063,.T.);
#2063 = CIRCLE('',#2064,0.4);
#2064 = AXIS2_PLACEMENT_3D('',#2065,#2066,#2067);
#2065 = CARTESIAN_POINT('',(-5.838641097282,-3.973347726695,0.));
#2066 = DIRECTION('',(0.,0.,1.));
#2067 = DIRECTION('',(1.,1.110223024625E-16,-0.));
#2068 = CYLINDRICAL_SURFACE('',#2069,0.4);
#2069 = AXIS2_PLACEMENT_3D('',#2070,#2071,#2072);
#2070 = CARTESIAN_POINT('',(-5.838641097282,-3.973347726695,0.));
#2071 = DIRECTION('',(-0.,-0.,-1.));
#2072 = DIRECTION('',(1.,1.110223024625E-16,-0.));
#2073 = ADVANCED_FACE('',(#2074),#2092,.F.);
#2074 = FACE_BOUND('',#2075,.T.);
#2075 = EDGE_LOOP('',(#2076,#2077,#2084,#2085));
#2076 = ORIENTED_EDGE('',*,*,#2054,.T.);
#2077 = ORIENTED_EDGE('',*,*,#2078,.T.);
#2078 = EDGE_CURVE('',#2046,#2038,#2079,.T.);
#2079 = CIRCLE('',#2080,0.4);
#2080 = AXIS2_PLACEMENT_3D('',#2081,#2082,#2083);
#2081 = CARTESIAN_POINT('',(-5.838641097282,-3.973347726695,
    1.600050800102));
#2082 = DIRECTION('',(0.,0.,1.));
#2083 = DIRECTION('',(-1.,-1.110223024625E-16,0.));
#2084 = ORIENTED_EDGE('',*,*,#2035,.F.);
#2085 = ORIENTED_EDGE('',*,*,#2086,.F.);
#2086 = EDGE_CURVE('',#2055,#2036,#2087,.T.);
#2087 = CIRCLE('',#2088,0.4);
#2088 = AXIS2_PLACEMENT_3D('',#2089,#2090,#2091);
#2089 = CARTESIAN_POINT('',(-5.838641097282,-3.973347726695,0.));
#2090 = DIRECTION('',(0.,0.,1.));
#2091 = DIRECTION('',(-1.,-1.110223024625E-16,0.));
#2092 = CYLINDRICAL_SURFACE('',#2093,0.4);
#2093 = AXIS2_PLACEMENT_3D('',#2094,#2095,#2096);
#2094 = CARTESIAN_POINT('',(-5.838641097282,-3.973347726695,0.));
#2095 = DIRECTION('',(-0.,-0.,-1.));
#2096 = DIRECTION('',(-1.,-1.110223024625E-16,0.));
#2097 = ADVANCED_FACE('',(#2098),#2134,.F.);
#2098 = FACE_BOUND('',#2099,.T.);
#2099 = EDGE_LOOP('',(#2100,#2110,#2119,#2127));
#2100 = ORIENTED_EDGE('',*,*,#2101,.T.);
#2101 = EDGE_CURVE('',#2102,#2104,#2106,.T.);
#2102 = VERTEX_POINT('',#2103);
#2103 = CARTESIAN_POINT('',(-5.438641097282,3.966657353315,0.));
#2104 = VERTEX_POINT('',#2105);
#2105 = CARTESIAN_POINT('',(-5.438641097282,3.966657353315,
    1.600050800102));
#2106 = LINE('',#2107,#2108);
#2107 = CARTESIAN_POINT('',(-5.438641097282,3.966657353315,0.));
#2108 = VECTOR('',#2109,1.);
#2109 = DIRECTION('',(0.,0.,1.));
#2110 = ORIENTED_EDGE('',*,*,#2111,.T.);
#2111 = EDGE_CURVE('',#2104,#2112,#2114,.T.);
#2112 = VERTEX_POINT('',#2113);
#2113 = CARTESIAN_POINT('',(-6.238641097282,3.966657353315,
    1.600050800102));
#2114 = CIRCLE('',#2115,0.4);
#2115 = AXIS2_PLACEMENT_3D('',#2116,#2117,#2118);
#2116 = CARTESIAN_POINT('',(-5.838641097282,3.966657353315,
    1.600050800102));
#2117 = DIRECTION('',(0.,0.,1.));
#2118 = DIRECTION('',(1.,1.110223024625E-16,-0.));
#2119 = ORIENTED_EDGE('',*,*,#2120,.F.);
#2120 = EDGE_CURVE('',#2121,#2112,#2123,.T.);
#2121 = VERTEX_POINT('',#2122);
#2122 = CARTESIAN_POINT('',(-6.238641097282,3.966657353315,0.));
#2123 = LINE('',#2124,#2125);
#2124 = CARTESIAN_POINT('',(-6.238641097282,3.966657353315,0.));
#2125 = VECTOR('',#2126,1.);
#2126 = DIRECTION('',(0.,0.,1.));
#2127 = ORIENTED_EDGE('',*,*,#2128,.F.);
#2128 = EDGE_CURVE('',#2102,#2121,#2129,.T.);
#2129 = CIRCLE('',#2130,0.4);
#2130 = AXIS2_PLACEMENT_3D('',#2131,#2132,#2133);
#2131 = CARTESIAN_POINT('',(-5.838641097282,3.966657353315,0.));
#2132 = DIRECTION('',(0.,0.,1.));
#2133 = DIRECTION('',(1.,1.110223024625E-16,-0.));
#2134 = CYLINDRICAL_SURFACE('',#2135,0.4);
#2135 = AXIS2_PLACEMENT_3D('',#2136,#2137,#2138);
#2136 = CARTESIAN_POINT('',(-5.838641097282,3.966657353315,0.));
#2137 = DIRECTION('',(-0.,-0.,-1.));
#2138 = DIRECTION('',(1.,1.110223024625E-16,-0.));
#2139 = ADVANCED_FACE('',(#2140),#2158,.F.);
#2140 = FACE_BOUND('',#2141,.T.);
#2141 = EDGE_LOOP('',(#2142,#2143,#2150,#2151));
#2142 = ORIENTED_EDGE('',*,*,#2120,.T.);
#2143 = ORIENTED_EDGE('',*,*,#2144,.T.);
#2144 = EDGE_CURVE('',#2112,#2104,#2145,.T.);
#2145 = CIRCLE('',#2146,0.4);
#2146 = AXIS2_PLACEMENT_3D('',#2147,#2148,#2149);
#2147 = CARTESIAN_POINT('',(-5.838641097282,3.966657353315,
    1.600050800102));
#2148 = DIRECTION('',(0.,0.,1.));
#2149 = DIRECTION('',(-1.,-1.110223024625E-16,0.));
#2150 = ORIENTED_EDGE('',*,*,#2101,.F.);
#2151 = ORIENTED_EDGE('',*,*,#2152,.F.);
#2152 = EDGE_CURVE('',#2121,#2102,#2153,.T.);
#2153 = CIRCLE('',#2154,0.4);
#2154 = AXIS2_PLACEMENT_3D('',#2155,#2156,#2157);
#2155 = CARTESIAN_POINT('',(-5.838641097282,3.966657353315,0.));
#2156 = DIRECTION('',(0.,0.,1.));
#2157 = DIRECTION('',(-1.,-1.110223024625E-16,0.));
#2158 = CYLINDRICAL_SURFACE('',#2159,0.4);
#2159 = AXIS2_PLACEMENT_3D('',#2160,#2161,#2162);
#2160 = CARTESIAN_POINT('',(-5.838641097282,3.966657353315,0.));
#2161 = DIRECTION('',(-0.,-0.,-1.));
#2162 = DIRECTION('',(-1.,-1.110223024625E-16,0.));
#2163 = ADVANCED_FACE('',(#2164),#2200,.F.);
#2164 = FACE_BOUND('',#2165,.T.);
#2165 = EDGE_LOOP('',(#2166,#2176,#2185,#2193));
#2166 = ORIENTED_EDGE('',*,*,#2167,.T.);
#2167 = EDGE_CURVE('',#2168,#2170,#2172,.T.);
#2168 = VERTEX_POINT('',#2169);
#2169 = CARTESIAN_POINT('',(-5.689512319025,-8.128016256033,0.));
#2170 = VERTEX_POINT('',#2171);
#2171 = CARTESIAN_POINT('',(-5.689512319025,-8.128016256033,
    1.600050800102));
#2172 = LINE('',#2173,#2174);
#2173 = CARTESIAN_POINT('',(-5.689512319025,-8.128016256033,0.));
#2174 = VECTOR('',#2175,1.);
#2175 = DIRECTION('',(0.,0.,1.));
#2176 = ORIENTED_EDGE('',*,*,#2177,.T.);
#2177 = EDGE_CURVE('',#2170,#2178,#2180,.T.);
#2178 = VERTEX_POINT('',#2179);
#2179 = CARTESIAN_POINT('',(-5.994511049022,-8.128016256033,
    1.600050800102));
#2180 = CIRCLE('',#2181,0.152499364999);
#2181 = AXIS2_PLACEMENT_3D('',#2182,#2183,#2184);
#2182 = CARTESIAN_POINT('',(-5.842011684023,-8.128016256033,
    1.600050800102));
#2183 = DIRECTION('',(0.,0.,1.));
#2184 = DIRECTION('',(1.,1.110223024625E-16,-0.));
#2185 = ORIENTED_EDGE('',*,*,#2186,.F.);
#2186 = EDGE_CURVE('',#2187,#2178,#2189,.T.);
#2187 = VERTEX_POINT('',#2188);
#2188 = CARTESIAN_POINT('',(-5.994511049022,-8.128016256033,0.));
#2189 = LINE('',#2190,#2191);
#2190 = CARTESIAN_POINT('',(-5.994511049022,-8.128016256033,0.));
#2191 = VECTOR('',#2192,1.);
#2192 = DIRECTION('',(0.,0.,1.));
#2193 = ORIENTED_EDGE('',*,*,#2194,.F.);
#2194 = EDGE_CURVE('',#2168,#2187,#2195,.T.);
#2195 = CIRCLE('',#2196,0.152499364999);
#2196 = AXIS2_PLACEMENT_3D('',#2197,#2198,#2199);
#2197 = CARTESIAN_POINT('',(-5.842011684023,-8.128016256033,0.));
#2198 = DIRECTION('',(0.,0.,1.));
#2199 = DIRECTION('',(1.,1.110223024625E-16,-0.));
#2200 = CYLINDRICAL_SURFACE('',#2201,0.152499364999);
#2201 = AXIS2_PLACEMENT_3D('',#2202,#2203,#2204);
#2202 = CARTESIAN_POINT('',(-5.842011684023,-8.128016256033,0.));
#2203 = DIRECTION('',(-0.,-0.,-1.));
#2204 = DIRECTION('',(1.,1.110223024625E-16,-0.));
#2205 = ADVANCED_FACE('',(#2206),#2224,.F.);
#2206 = FACE_BOUND('',#2207,.T.);
#2207 = EDGE_LOOP('',(#2208,#2209,#2216,#2217));
#2208 = ORIENTED_EDGE('',*,*,#2186,.T.);
#2209 = ORIENTED_EDGE('',*,*,#2210,.T.);
#2210 = EDGE_CURVE('',#2178,#2170,#2211,.T.);
#2211 = CIRCLE('',#2212,0.152499364999);
#2212 = AXIS2_PLACEMENT_3D('',#2213,#2214,#2215);
#2213 = CARTESIAN_POINT('',(-5.842011684023,-8.128016256033,
    1.600050800102));
#2214 = DIRECTION('',(0.,0.,1.));
#2215 = DIRECTION('',(-1.,-1.110223024625E-16,0.));
#2216 = ORIENTED_EDGE('',*,*,#2167,.F.);
#2217 = ORIENTED_EDGE('',*,*,#2218,.F.);
#2218 = EDGE_CURVE('',#2187,#2168,#2219,.T.);
#2219 = CIRCLE('',#2220,0.152499364999);
#2220 = AXIS2_PLACEMENT_3D('',#2221,#2222,#2223);
#2221 = CARTESIAN_POINT('',(-5.842011684023,-8.128016256033,0.));
#2222 = DIRECTION('',(0.,0.,1.));
#2223 = DIRECTION('',(-1.,-1.110223024625E-16,0.));
#2224 = CYLINDRICAL_SURFACE('',#2225,0.152499364999);
#2225 = AXIS2_PLACEMENT_3D('',#2226,#2227,#2228);
#2226 = CARTESIAN_POINT('',(-5.842011684023,-8.128016256033,0.));
#2227 = DIRECTION('',(-0.,-0.,-1.));
#2228 = DIRECTION('',(-1.,-1.110223024625E-16,0.));
#2229 = ADVANCED_FACE('',(#2230),#2266,.F.);
#2230 = FACE_BOUND('',#2231,.T.);
#2231 = EDGE_LOOP('',(#2232,#2242,#2251,#2259));
#2232 = ORIENTED_EDGE('',*,*,#2233,.T.);
#2233 = EDGE_CURVE('',#2234,#2236,#2238,.T.);
#2234 = VERTEX_POINT('',#2235);
#2235 = CARTESIAN_POINT('',(-5.689512319025,9.779019558039,0.));
#2236 = VERTEX_POINT('',#2237);
#2237 = CARTESIAN_POINT('',(-5.689512319025,9.779019558039,
    1.600050800102));
#2238 = LINE('',#2239,#2240);
#2239 = CARTESIAN_POINT('',(-5.689512319025,9.779019558039,0.));
#2240 = VECTOR('',#2241,1.);
#2241 = DIRECTION('',(0.,0.,1.));
#2242 = ORIENTED_EDGE('',*,*,#2243,.T.);
#2243 = EDGE_CURVE('',#2236,#2244,#2246,.T.);
#2244 = VERTEX_POINT('',#2245);
#2245 = CARTESIAN_POINT('',(-5.994511049022,9.779019558039,
    1.600050800102));
#2246 = CIRCLE('',#2247,0.152499364999);
#2247 = AXIS2_PLACEMENT_3D('',#2248,#2249,#2250);
#2248 = CARTESIAN_POINT('',(-5.842011684023,9.779019558039,
    1.600050800102));
#2249 = DIRECTION('',(0.,0.,1.));
#2250 = DIRECTION('',(1.,1.110223024625E-16,-0.));
#2251 = ORIENTED_EDGE('',*,*,#2252,.F.);
#2252 = EDGE_CURVE('',#2253,#2244,#2255,.T.);
#2253 = VERTEX_POINT('',#2254);
#2254 = CARTESIAN_POINT('',(-5.994511049022,9.779019558039,0.));
#2255 = LINE('',#2256,#2257);
#2256 = CARTESIAN_POINT('',(-5.994511049022,9.779019558039,0.));
#2257 = VECTOR('',#2258,1.);
#2258 = DIRECTION('',(0.,0.,1.));
#2259 = ORIENTED_EDGE('',*,*,#2260,.F.);
#2260 = EDGE_CURVE('',#2234,#2253,#2261,.T.);
#2261 = CIRCLE('',#2262,0.152499364999);
#2262 = AXIS2_PLACEMENT_3D('',#2263,#2264,#2265);
#2263 = CARTESIAN_POINT('',(-5.842011684023,9.779019558039,0.));
#2264 = DIRECTION('',(0.,0.,1.));
#2265 = DIRECTION('',(1.,1.110223024625E-16,-0.));
#2266 = CYLINDRICAL_SURFACE('',#2267,0.152499364999);
#2267 = AXIS2_PLACEMENT_3D('',#2268,#2269,#2270);
#2268 = CARTESIAN_POINT('',(-5.842011684023,9.779019558039,0.));
#2269 = DIRECTION('',(-0.,-0.,-1.));
#2270 = DIRECTION('',(1.,1.110223024625E-16,-0.));
#2271 = ADVANCED_FACE('',(#2272),#2290,.F.);
#2272 = FACE_BOUND('',#2273,.T.);
#2273 = EDGE_LOOP('',(#2274,#2275,#2282,#2283));
#2274 = ORIENTED_EDGE('',*,*,#2252,.T.);
#2275 = ORIENTED_EDGE('',*,*,#2276,.T.);
#2276 = EDGE_CURVE('',#2244,#2236,#2277,.T.);
#2277 = CIRCLE('',#2278,0.152499364999);
#2278 = AXIS2_PLACEMENT_3D('',#2279,#2280,#2281);
#2279 = CARTESIAN_POINT('',(-5.842011684023,9.779019558039,
    1.600050800102));
#2280 = DIRECTION('',(0.,0.,1.));
#2281 = DIRECTION('',(-1.,-1.110223024625E-16,0.));
#2282 = ORIENTED_EDGE('',*,*,#2233,.F.);
#2283 = ORIENTED_EDGE('',*,*,#2284,.F.);
#2284 = EDGE_CURVE('',#2253,#2234,#2285,.T.);
#2285 = CIRCLE('',#2286,0.152499364999);
#2286 = AXIS2_PLACEMENT_3D('',#2287,#2288,#2289);
#2287 = CARTESIAN_POINT('',(-5.842011684023,9.779019558039,0.));
#2288 = DIRECTION('',(0.,0.,1.));
#2289 = DIRECTION('',(-1.,-1.110223024625E-16,0.));
#2290 = CYLINDRICAL_SURFACE('',#2291,0.152499364999);
#2291 = AXIS2_PLACEMENT_3D('',#2292,#2293,#2294);
#2292 = CARTESIAN_POINT('',(-5.842011684023,9.779019558039,0.));
#2293 = DIRECTION('',(-0.,-0.,-1.));
#2294 = DIRECTION('',(-1.,-1.110223024625E-16,0.));
#2295 = ADVANCED_FACE('',(#2296),#2332,.F.);
#2296 = FACE_BOUND('',#2297,.T.);
#2297 = EDGE_LOOP('',(#2298,#2308,#2317,#2325));
#2298 = ORIENTED_EDGE('',*,*,#2299,.T.);
#2299 = EDGE_CURVE('',#2300,#2302,#2304,.T.);
#2300 = VERTEX_POINT('',#2301);
#2301 = CARTESIAN_POINT('',(-4.35300990602,-20.32004064008,0.));
#2302 = VERTEX_POINT('',#2303);
#2303 = CARTESIAN_POINT('',(-4.35300990602,-20.32004064008,
    1.600050800102));
#2304 = LINE('',#2305,#2306);
#2305 = CARTESIAN_POINT('',(-4.35300990602,-20.32004064008,0.));
#2306 = VECTOR('',#2307,1.);
#2307 = DIRECTION('',(0.,0.,1.));
#2308 = ORIENTED_EDGE('',*,*,#2309,.T.);
#2309 = EDGE_CURVE('',#2302,#2310,#2312,.T.);
#2310 = VERTEX_POINT('',#2311);
#2311 = CARTESIAN_POINT('',(-5.55300990602,-20.32004064008,
    1.600050800102));
#2312 = CIRCLE('',#2313,0.6);
#2313 = AXIS2_PLACEMENT_3D('',#2314,#2315,#2316);
#2314 = CARTESIAN_POINT('',(-4.95300990602,-20.32004064008,
    1.600050800102));
#2315 = DIRECTION('',(0.,0.,1.));
#2316 = DIRECTION('',(1.,1.110223024625E-16,-0.));
#2317 = ORIENTED_EDGE('',*,*,#2318,.F.);
#2318 = EDGE_CURVE('',#2319,#2310,#2321,.T.);
#2319 = VERTEX_POINT('',#2320);
#2320 = CARTESIAN_POINT('',(-5.55300990602,-20.32004064008,0.));
#2321 = LINE('',#2322,#2323);
#2322 = CARTESIAN_POINT('',(-5.55300990602,-20.32004064008,0.));
#2323 = VECTOR('',#2324,1.);
#2324 = DIRECTION('',(0.,0.,1.));
#2325 = ORIENTED_EDGE('',*,*,#2326,.F.);
#2326 = EDGE_CURVE('',#2300,#2319,#2327,.T.);
#2327 = CIRCLE('',#2328,0.6);
#2328 = AXIS2_PLACEMENT_3D('',#2329,#2330,#2331);
#2329 = CARTESIAN_POINT('',(-4.95300990602,-20.32004064008,0.));
#2330 = DIRECTION('',(0.,0.,1.));
#2331 = DIRECTION('',(1.,1.110223024625E-16,-0.));
#2332 = CYLINDRICAL_SURFACE('',#2333,0.6);
#2333 = AXIS2_PLACEMENT_3D('',#2334,#2335,#2336);
#2334 = CARTESIAN_POINT('',(-4.95300990602,-20.32004064008,0.));
#2335 = DIRECTION('',(-0.,-0.,-1.));
#2336 = DIRECTION('',(1.,1.110223024625E-16,-0.));
#2337 = ADVANCED_FACE('',(#2338),#2356,.F.);
#2338 = FACE_BOUND('',#2339,.T.);
#2339 = EDGE_LOOP('',(#2340,#2341,#2348,#2349));
#2340 = ORIENTED_EDGE('',*,*,#2318,.T.);
#2341 = ORIENTED_EDGE('',*,*,#2342,.T.);
#2342 = EDGE_CURVE('',#2310,#2302,#2343,.T.);
#2343 = CIRCLE('',#2344,0.6);
#2344 = AXIS2_PLACEMENT_3D('',#2345,#2346,#2347);
#2345 = CARTESIAN_POINT('',(-4.95300990602,-20.32004064008,
    1.600050800102));
#2346 = DIRECTION('',(0.,0.,1.));
#2347 = DIRECTION('',(-1.,-1.110223024625E-16,0.));
#2348 = ORIENTED_EDGE('',*,*,#2299,.F.);
#2349 = ORIENTED_EDGE('',*,*,#2350,.F.);
#2350 = EDGE_CURVE('',#2319,#2300,#2351,.T.);
#2351 = CIRCLE('',#2352,0.6);
#2352 = AXIS2_PLACEMENT_3D('',#2353,#2354,#2355);
#2353 = CARTESIAN_POINT('',(-4.95300990602,-20.32004064008,0.));
#2354 = DIRECTION('',(0.,0.,1.));
#2355 = DIRECTION('',(-1.,-1.110223024625E-16,0.));
#2356 = CYLINDRICAL_SURFACE('',#2357,0.6);
#2357 = AXIS2_PLACEMENT_3D('',#2358,#2359,#2360);
#2358 = CARTESIAN_POINT('',(-4.95300990602,-20.32004064008,0.));
#2359 = DIRECTION('',(-0.,-0.,-1.));
#2360 = DIRECTION('',(-1.,-1.110223024625E-16,0.));
#2361 = ADVANCED_FACE('',(#2362),#2398,.F.);
#2362 = FACE_BOUND('',#2363,.T.);
#2363 = EDGE_LOOP('',(#2364,#2374,#2383,#2391));
#2364 = ORIENTED_EDGE('',*,*,#2365,.T.);
#2365 = EDGE_CURVE('',#2366,#2368,#2370,.T.);
#2366 = VERTEX_POINT('',#2367);
#2367 = CARTESIAN_POINT('',(-2.898661417323,-3.973347726695,0.));
#2368 = VERTEX_POINT('',#2369);
#2369 = CARTESIAN_POINT('',(-2.898661417323,-3.973347726695,
    1.600050800102));
#2370 = LINE('',#2371,#2372);
#2371 = CARTESIAN_POINT('',(-2.898661417323,-3.973347726695,0.));
#2372 = VECTOR('',#2373,1.);
#2373 = DIRECTION('',(0.,0.,1.));
#2374 = ORIENTED_EDGE('',*,*,#2375,.T.);
#2375 = EDGE_CURVE('',#2368,#2376,#2378,.T.);
#2376 = VERTEX_POINT('',#2377);
#2377 = CARTESIAN_POINT('',(-3.698661417323,-3.973347726695,
    1.600050800102));
#2378 = CIRCLE('',#2379,0.4);
#2379 = AXIS2_PLACEMENT_3D('',#2380,#2381,#2382);
#2380 = CARTESIAN_POINT('',(-3.298661417323,-3.973347726695,
    1.600050800102));
#2381 = DIRECTION('',(0.,0.,1.));
#2382 = DIRECTION('',(1.,1.110223024625E-16,-0.));
#2383 = ORIENTED_EDGE('',*,*,#2384,.F.);
#2384 = EDGE_CURVE('',#2385,#2376,#2387,.T.);
#2385 = VERTEX_POINT('',#2386);
#2386 = CARTESIAN_POINT('',(-3.698661417323,-3.973347726695,0.));
#2387 = LINE('',#2388,#2389);
#2388 = CARTESIAN_POINT('',(-3.698661417323,-3.973347726695,0.));
#2389 = VECTOR('',#2390,1.);
#2390 = DIRECTION('',(0.,0.,1.));
#2391 = ORIENTED_EDGE('',*,*,#2392,.F.);
#2392 = EDGE_CURVE('',#2366,#2385,#2393,.T.);
#2393 = CIRCLE('',#2394,0.4);
#2394 = AXIS2_PLACEMENT_3D('',#2395,#2396,#2397);
#2395 = CARTESIAN_POINT('',(-3.298661417323,-3.973347726695,0.));
#2396 = DIRECTION('',(0.,0.,1.));
#2397 = DIRECTION('',(1.,1.110223024625E-16,-0.));
#2398 = CYLINDRICAL_SURFACE('',#2399,0.4);
#2399 = AXIS2_PLACEMENT_3D('',#2400,#2401,#2402);
#2400 = CARTESIAN_POINT('',(-3.298661417323,-3.973347726695,0.));
#2401 = DIRECTION('',(-0.,-0.,-1.));
#2402 = DIRECTION('',(1.,1.110223024625E-16,-0.));
#2403 = ADVANCED_FACE('',(#2404),#2422,.F.);
#2404 = FACE_BOUND('',#2405,.T.);
#2405 = EDGE_LOOP('',(#2406,#2407,#2414,#2415));
#2406 = ORIENTED_EDGE('',*,*,#2384,.T.);
#2407 = ORIENTED_EDGE('',*,*,#2408,.T.);
#2408 = EDGE_CURVE('',#2376,#2368,#2409,.T.);
#2409 = CIRCLE('',#2410,0.4);
#2410 = AXIS2_PLACEMENT_3D('',#2411,#2412,#2413);
#2411 = CARTESIAN_POINT('',(-3.298661417323,-3.973347726695,
    1.600050800102));
#2412 = DIRECTION('',(0.,0.,1.));
#2413 = DIRECTION('',(-1.,-1.110223024625E-16,0.));
#2414 = ORIENTED_EDGE('',*,*,#2365,.F.);
#2415 = ORIENTED_EDGE('',*,*,#2416,.F.);
#2416 = EDGE_CURVE('',#2385,#2366,#2417,.T.);
#2417 = CIRCLE('',#2418,0.4);
#2418 = AXIS2_PLACEMENT_3D('',#2419,#2420,#2421);
#2419 = CARTESIAN_POINT('',(-3.298661417323,-3.973347726695,0.));
#2420 = DIRECTION('',(0.,0.,1.));
#2421 = DIRECTION('',(-1.,-1.110223024625E-16,0.));
#2422 = CYLINDRICAL_SURFACE('',#2423,0.4);
#2423 = AXIS2_PLACEMENT_3D('',#2424,#2425,#2426);
#2424 = CARTESIAN_POINT('',(-3.298661417323,-3.973347726695,0.));
#2425 = DIRECTION('',(-0.,-0.,-1.));
#2426 = DIRECTION('',(-1.,-1.110223024625E-16,0.));
#2427 = ADVANCED_FACE('',(#2428),#2464,.F.);
#2428 = FACE_BOUND('',#2429,.T.);
#2429 = EDGE_LOOP('',(#2430,#2440,#2449,#2457));
#2430 = ORIENTED_EDGE('',*,*,#2431,.T.);
#2431 = EDGE_CURVE('',#2432,#2434,#2436,.T.);
#2432 = VERTEX_POINT('',#2433);
#2433 = CARTESIAN_POINT('',(-2.898661417323,3.966657353315,0.));
#2434 = VERTEX_POINT('',#2435);
#2435 = CARTESIAN_POINT('',(-2.898661417323,3.966657353315,
    1.600050800102));
#2436 = LINE('',#2437,#2438);
#2437 = CARTESIAN_POINT('',(-2.898661417323,3.966657353315,0.));
#2438 = VECTOR('',#2439,1.);
#2439 = DIRECTION('',(0.,0.,1.));
#2440 = ORIENTED_EDGE('',*,*,#2441,.T.);
#2441 = EDGE_CURVE('',#2434,#2442,#2444,.T.);
#2442 = VERTEX_POINT('',#2443);
#2443 = CARTESIAN_POINT('',(-3.698661417323,3.966657353315,
    1.600050800102));
#2444 = CIRCLE('',#2445,0.4);
#2445 = AXIS2_PLACEMENT_3D('',#2446,#2447,#2448);
#2446 = CARTESIAN_POINT('',(-3.298661417323,3.966657353315,
    1.600050800102));
#2447 = DIRECTION('',(0.,0.,1.));
#2448 = DIRECTION('',(1.,1.110223024625E-16,-0.));
#2449 = ORIENTED_EDGE('',*,*,#2450,.F.);
#2450 = EDGE_CURVE('',#2451,#2442,#2453,.T.);
#2451 = VERTEX_POINT('',#2452);
#2452 = CARTESIAN_POINT('',(-3.698661417323,3.966657353315,0.));
#2453 = LINE('',#2454,#2455);
#2454 = CARTESIAN_POINT('',(-3.698661417323,3.966657353315,0.));
#2455 = VECTOR('',#2456,1.);
#2456 = DIRECTION('',(0.,0.,1.));
#2457 = ORIENTED_EDGE('',*,*,#2458,.F.);
#2458 = EDGE_CURVE('',#2432,#2451,#2459,.T.);
#2459 = CIRCLE('',#2460,0.4);
#2460 = AXIS2_PLACEMENT_3D('',#2461,#2462,#2463);
#2461 = CARTESIAN_POINT('',(-3.298661417323,3.966657353315,0.));
#2462 = DIRECTION('',(0.,0.,1.));
#2463 = DIRECTION('',(1.,1.110223024625E-16,-0.));
#2464 = CYLINDRICAL_SURFACE('',#2465,0.4);
#2465 = AXIS2_PLACEMENT_3D('',#2466,#2467,#2468);
#2466 = CARTESIAN_POINT('',(-3.298661417323,3.966657353315,0.));
#2467 = DIRECTION('',(-0.,-0.,-1.));
#2468 = DIRECTION('',(1.,1.110223024625E-16,-0.));
#2469 = ADVANCED_FACE('',(#2470),#2488,.F.);
#2470 = FACE_BOUND('',#2471,.T.);
#2471 = EDGE_LOOP('',(#2472,#2473,#2480,#2481));
#2472 = ORIENTED_EDGE('',*,*,#2450,.T.);
#2473 = ORIENTED_EDGE('',*,*,#2474,.T.);
#2474 = EDGE_CURVE('',#2442,#2434,#2475,.T.);
#2475 = CIRCLE('',#2476,0.4);
#2476 = AXIS2_PLACEMENT_3D('',#2477,#2478,#2479);
#2477 = CARTESIAN_POINT('',(-3.298661417323,3.966657353315,
    1.600050800102));
#2478 = DIRECTION('',(0.,0.,1.));
#2479 = DIRECTION('',(-1.,-1.110223024625E-16,0.));
#2480 = ORIENTED_EDGE('',*,*,#2431,.F.);
#2481 = ORIENTED_EDGE('',*,*,#2482,.F.);
#2482 = EDGE_CURVE('',#2451,#2432,#2483,.T.);
#2483 = CIRCLE('',#2484,0.4);
#2484 = AXIS2_PLACEMENT_3D('',#2485,#2486,#2487);
#2485 = CARTESIAN_POINT('',(-3.298661417323,3.966657353315,0.));
#2486 = DIRECTION('',(0.,0.,1.));
#2487 = DIRECTION('',(-1.,-1.110223024625E-16,0.));
#2488 = CYLINDRICAL_SURFACE('',#2489,0.4);
#2489 = AXIS2_PLACEMENT_3D('',#2490,#2491,#2492);
#2490 = CARTESIAN_POINT('',(-3.298661417323,3.966657353315,0.));
#2491 = DIRECTION('',(-0.,-0.,-1.));
#2492 = DIRECTION('',(-1.,-1.110223024625E-16,0.));
#2493 = ADVANCED_FACE('',(#2494),#2530,.F.);
#2494 = FACE_BOUND('',#2495,.T.);
#2495 = EDGE_LOOP('',(#2496,#2506,#2515,#2523));
#2496 = ORIENTED_EDGE('',*,*,#2497,.T.);
#2497 = EDGE_CURVE('',#2498,#2500,#2502,.T.);
#2498 = VERTEX_POINT('',#2499);
#2499 = CARTESIAN_POINT('',(-3.149507239014,9.779019558039,0.));
#2500 = VERTEX_POINT('',#2501);
#2501 = CARTESIAN_POINT('',(-3.149507239014,9.779019558039,
    1.600050800102));
#2502 = LINE('',#2503,#2504);
#2503 = CARTESIAN_POINT('',(-3.149507239014,9.779019558039,0.));
#2504 = VECTOR('',#2505,1.);
#2505 = DIRECTION('',(0.,0.,1.));
#2506 = ORIENTED_EDGE('',*,*,#2507,.T.);
#2507 = EDGE_CURVE('',#2500,#2508,#2510,.T.);
#2508 = VERTEX_POINT('',#2509);
#2509 = CARTESIAN_POINT('',(-3.454505969012,9.779019558039,
    1.600050800102));
#2510 = CIRCLE('',#2511,0.152499364999);
#2511 = AXIS2_PLACEMENT_3D('',#2512,#2513,#2514);
#2512 = CARTESIAN_POINT('',(-3.302006604013,9.779019558039,
    1.600050800102));
#2513 = DIRECTION('',(0.,0.,1.));
#2514 = DIRECTION('',(1.,1.110223024625E-16,-0.));
#2515 = ORIENTED_EDGE('',*,*,#2516,.F.);
#2516 = EDGE_CURVE('',#2517,#2508,#2519,.T.);
#2517 = VERTEX_POINT('',#2518);
#2518 = CARTESIAN_POINT('',(-3.454505969012,9.779019558039,0.));
#2519 = LINE('',#2520,#2521);
#2520 = CARTESIAN_POINT('',(-3.454505969012,9.779019558039,0.));
#2521 = VECTOR('',#2522,1.);
#2522 = DIRECTION('',(0.,0.,1.));
#2523 = ORIENTED_EDGE('',*,*,#2524,.F.);
#2524 = EDGE_CURVE('',#2498,#2517,#2525,.T.);
#2525 = CIRCLE('',#2526,0.152499364999);
#2526 = AXIS2_PLACEMENT_3D('',#2527,#2528,#2529);
#2527 = CARTESIAN_POINT('',(-3.302006604013,9.779019558039,0.));
#2528 = DIRECTION('',(0.,0.,1.));
#2529 = DIRECTION('',(1.,1.110223024625E-16,-0.));
#2530 = CYLINDRICAL_SURFACE('',#2531,0.152499364999);
#2531 = AXIS2_PLACEMENT_3D('',#2532,#2533,#2534);
#2532 = CARTESIAN_POINT('',(-3.302006604013,9.779019558039,0.));
#2533 = DIRECTION('',(-0.,-0.,-1.));
#2534 = DIRECTION('',(1.,1.110223024625E-16,-0.));
#2535 = ADVANCED_FACE('',(#2536),#2554,.F.);
#2536 = FACE_BOUND('',#2537,.T.);
#2537 = EDGE_LOOP('',(#2538,#2539,#2546,#2547));
#2538 = ORIENTED_EDGE('',*,*,#2516,.T.);
#2539 = ORIENTED_EDGE('',*,*,#2540,.T.);
#2540 = EDGE_CURVE('',#2508,#2500,#2541,.T.);
#2541 = CIRCLE('',#2542,0.152499364999);
#2542 = AXIS2_PLACEMENT_3D('',#2543,#2544,#2545);
#2543 = CARTESIAN_POINT('',(-3.302006604013,9.779019558039,
    1.600050800102));
#2544 = DIRECTION('',(0.,0.,1.));
#2545 = DIRECTION('',(-1.,-1.110223024625E-16,0.));
#2546 = ORIENTED_EDGE('',*,*,#2497,.F.);
#2547 = ORIENTED_EDGE('',*,*,#2548,.F.);
#2548 = EDGE_CURVE('',#2517,#2498,#2549,.T.);
#2549 = CIRCLE('',#2550,0.152499364999);
#2550 = AXIS2_PLACEMENT_3D('',#2551,#2552,#2553);
#2551 = CARTESIAN_POINT('',(-3.302006604013,9.779019558039,0.));
#2552 = DIRECTION('',(0.,0.,1.));
#2553 = DIRECTION('',(-1.,-1.110223024625E-16,0.));
#2554 = CYLINDRICAL_SURFACE('',#2555,0.152499364999);
#2555 = AXIS2_PLACEMENT_3D('',#2556,#2557,#2558);
#2556 = CARTESIAN_POINT('',(-3.302006604013,9.779019558039,0.));
#2557 = DIRECTION('',(-0.,-0.,-1.));
#2558 = DIRECTION('',(-1.,-1.110223024625E-16,0.));
#2559 = ADVANCED_FACE('',(#2560),#2596,.F.);
#2560 = FACE_BOUND('',#2561,.T.);
#2561 = EDGE_LOOP('',(#2562,#2572,#2581,#2589));
#2562 = ORIENTED_EDGE('',*,*,#2563,.T.);
#2563 = EDGE_CURVE('',#2564,#2566,#2568,.T.);
#2564 = VERTEX_POINT('',#2565);
#2565 = CARTESIAN_POINT('',(-0.358656337313,-3.973347726695,0.));
#2566 = VERTEX_POINT('',#2567);
#2567 = CARTESIAN_POINT('',(-0.358656337313,-3.973347726695,
    1.600050800102));
#2568 = LINE('',#2569,#2570);
#2569 = CARTESIAN_POINT('',(-0.358656337313,-3.973347726695,0.));
#2570 = VECTOR('',#2571,1.);
#2571 = DIRECTION('',(0.,0.,1.));
#2572 = ORIENTED_EDGE('',*,*,#2573,.T.);
#2573 = EDGE_CURVE('',#2566,#2574,#2576,.T.);
#2574 = VERTEX_POINT('',#2575);
#2575 = CARTESIAN_POINT('',(-1.158656337313,-3.973347726695,
    1.600050800102));
#2576 = CIRCLE('',#2577,0.4);
#2577 = AXIS2_PLACEMENT_3D('',#2578,#2579,#2580);
#2578 = CARTESIAN_POINT('',(-0.758656337313,-3.973347726695,
    1.600050800102));
#2579 = DIRECTION('',(0.,0.,1.));
#2580 = DIRECTION('',(1.,1.110223024625E-16,-0.));
#2581 = ORIENTED_EDGE('',*,*,#2582,.F.);
#2582 = EDGE_CURVE('',#2583,#2574,#2585,.T.);
#2583 = VERTEX_POINT('',#2584);
#2584 = CARTESIAN_POINT('',(-1.158656337313,-3.973347726695,0.));
#2585 = LINE('',#2586,#2587);
#2586 = CARTESIAN_POINT('',(-1.158656337313,-3.973347726695,0.));
#2587 = VECTOR('',#2588,1.);
#2588 = DIRECTION('',(0.,0.,1.));
#2589 = ORIENTED_EDGE('',*,*,#2590,.F.);
#2590 = EDGE_CURVE('',#2564,#2583,#2591,.T.);
#2591 = CIRCLE('',#2592,0.4);
#2592 = AXIS2_PLACEMENT_3D('',#2593,#2594,#2595);
#2593 = CARTESIAN_POINT('',(-0.758656337313,-3.973347726695,0.));
#2594 = DIRECTION('',(0.,0.,1.));
#2595 = DIRECTION('',(1.,1.110223024625E-16,-0.));
#2596 = CYLINDRICAL_SURFACE('',#2597,0.4);
#2597 = AXIS2_PLACEMENT_3D('',#2598,#2599,#2600);
#2598 = CARTESIAN_POINT('',(-0.758656337313,-3.973347726695,0.));
#2599 = DIRECTION('',(-0.,-0.,-1.));
#2600 = DIRECTION('',(1.,1.110223024625E-16,-0.));
#2601 = ADVANCED_FACE('',(#2602),#2620,.F.);
#2602 = FACE_BOUND('',#2603,.T.);
#2603 = EDGE_LOOP('',(#2604,#2605,#2612,#2613));
#2604 = ORIENTED_EDGE('',*,*,#2582,.T.);
#2605 = ORIENTED_EDGE('',*,*,#2606,.T.);
#2606 = EDGE_CURVE('',#2574,#2566,#2607,.T.);
#2607 = CIRCLE('',#2608,0.4);
#2608 = AXIS2_PLACEMENT_3D('',#2609,#2610,#2611);
#2609 = CARTESIAN_POINT('',(-0.758656337313,-3.973347726695,
    1.600050800102));
#2610 = DIRECTION('',(0.,0.,1.));
#2611 = DIRECTION('',(-1.,-1.110223024625E-16,0.));
#2612 = ORIENTED_EDGE('',*,*,#2563,.F.);
#2613 = ORIENTED_EDGE('',*,*,#2614,.F.);
#2614 = EDGE_CURVE('',#2583,#2564,#2615,.T.);
#2615 = CIRCLE('',#2616,0.4);
#2616 = AXIS2_PLACEMENT_3D('',#2617,#2618,#2619);
#2617 = CARTESIAN_POINT('',(-0.758656337313,-3.973347726695,0.));
#2618 = DIRECTION('',(0.,0.,1.));
#2619 = DIRECTION('',(-1.,-1.110223024625E-16,0.));
#2620 = CYLINDRICAL_SURFACE('',#2621,0.4);
#2621 = AXIS2_PLACEMENT_3D('',#2622,#2623,#2624);
#2622 = CARTESIAN_POINT('',(-0.758656337313,-3.973347726695,0.));
#2623 = DIRECTION('',(-0.,-0.,-1.));
#2624 = DIRECTION('',(-1.,-1.110223024625E-16,0.));
#2625 = ADVANCED_FACE('',(#2626),#2662,.F.);
#2626 = FACE_BOUND('',#2627,.T.);
#2627 = EDGE_LOOP('',(#2628,#2638,#2647,#2655));
#2628 = ORIENTED_EDGE('',*,*,#2629,.T.);
#2629 = EDGE_CURVE('',#2630,#2632,#2634,.T.);
#2630 = VERTEX_POINT('',#2631);
#2631 = CARTESIAN_POINT('',(-0.358656337313,3.966657353315,0.));
#2632 = VERTEX_POINT('',#2633);
#2633 = CARTESIAN_POINT('',(-0.358656337313,3.966657353315,
    1.600050800102));
#2634 = LINE('',#2635,#2636);
#2635 = CARTESIAN_POINT('',(-0.358656337313,3.966657353315,0.));
#2636 = VECTOR('',#2637,1.);
#2637 = DIRECTION('',(0.,0.,1.));
#2638 = ORIENTED_EDGE('',*,*,#2639,.T.);
#2639 = EDGE_CURVE('',#2632,#2640,#2642,.T.);
#2640 = VERTEX_POINT('',#2641);
#2641 = CARTESIAN_POINT('',(-1.158656337313,3.966657353315,
    1.600050800102));
#2642 = CIRCLE('',#2643,0.4);
#2643 = AXIS2_PLACEMENT_3D('',#2644,#2645,#2646);
#2644 = CARTESIAN_POINT('',(-0.758656337313,3.966657353315,
    1.600050800102));
#2645 = DIRECTION('',(0.,0.,1.));
#2646 = DIRECTION('',(1.,1.110223024625E-16,-0.));
#2647 = ORIENTED_EDGE('',*,*,#2648,.F.);
#2648 = EDGE_CURVE('',#2649,#2640,#2651,.T.);
#2649 = VERTEX_POINT('',#2650);
#2650 = CARTESIAN_POINT('',(-1.158656337313,3.966657353315,0.));
#2651 = LINE('',#2652,#2653);
#2652 = CARTESIAN_POINT('',(-1.158656337313,3.966657353315,0.));
#2653 = VECTOR('',#2654,1.);
#2654 = DIRECTION('',(0.,0.,1.));
#2655 = ORIENTED_EDGE('',*,*,#2656,.F.);
#2656 = EDGE_CURVE('',#2630,#2649,#2657,.T.);
#2657 = CIRCLE('',#2658,0.4);
#2658 = AXIS2_PLACEMENT_3D('',#2659,#2660,#2661);
#2659 = CARTESIAN_POINT('',(-0.758656337313,3.966657353315,0.));
#2660 = DIRECTION('',(0.,0.,1.));
#2661 = DIRECTION('',(1.,1.110223024625E-16,-0.));
#2662 = CYLINDRICAL_SURFACE('',#2663,0.4);
#2663 = AXIS2_PLACEMENT_3D('',#2664,#2665,#2666);
#2664 = CARTESIAN_POINT('',(-0.758656337313,3.966657353315,0.));
#2665 = DIRECTION('',(-0.,-0.,-1.));
#2666 = DIRECTION('',(1.,1.110223024625E-16,-0.));
#2667 = ADVANCED_FACE('',(#2668),#2686,.F.);
#2668 = FACE_BOUND('',#2669,.T.);
#2669 = EDGE_LOOP('',(#2670,#2671,#2678,#2679));
#2670 = ORIENTED_EDGE('',*,*,#2648,.T.);
#2671 = ORIENTED_EDGE('',*,*,#2672,.T.);
#2672 = EDGE_CURVE('',#2640,#2632,#2673,.T.);
#2673 = CIRCLE('',#2674,0.4);
#2674 = AXIS2_PLACEMENT_3D('',#2675,#2676,#2677);
#2675 = CARTESIAN_POINT('',(-0.758656337313,3.966657353315,
    1.600050800102));
#2676 = DIRECTION('',(0.,0.,1.));
#2677 = DIRECTION('',(-1.,-1.110223024625E-16,0.));
#2678 = ORIENTED_EDGE('',*,*,#2629,.F.);
#2679 = ORIENTED_EDGE('',*,*,#2680,.F.);
#2680 = EDGE_CURVE('',#2649,#2630,#2681,.T.);
#2681 = CIRCLE('',#2682,0.4);
#2682 = AXIS2_PLACEMENT_3D('',#2683,#2684,#2685);
#2683 = CARTESIAN_POINT('',(-0.758656337313,3.966657353315,0.));
#2684 = DIRECTION('',(0.,0.,1.));
#2685 = DIRECTION('',(-1.,-1.110223024625E-16,0.));
#2686 = CYLINDRICAL_SURFACE('',#2687,0.4);
#2687 = AXIS2_PLACEMENT_3D('',#2688,#2689,#2690);
#2688 = CARTESIAN_POINT('',(-0.758656337313,3.966657353315,0.));
#2689 = DIRECTION('',(-0.,-0.,-1.));
#2690 = DIRECTION('',(-1.,-1.110223024625E-16,0.));
#2691 = ADVANCED_FACE('',(#2692),#2728,.F.);
#2692 = FACE_BOUND('',#2693,.T.);
#2693 = EDGE_LOOP('',(#2694,#2704,#2713,#2721));
#2694 = ORIENTED_EDGE('',*,*,#2695,.T.);
#2695 = EDGE_CURVE('',#2696,#2698,#2700,.T.);
#2696 = VERTEX_POINT('',#2697);
#2697 = CARTESIAN_POINT('',(2.181348742697,-3.973347726695,0.));
#2698 = VERTEX_POINT('',#2699);
#2699 = CARTESIAN_POINT('',(2.181348742697,-3.973347726695,
    1.600050800102));
#2700 = LINE('',#2701,#2702);
#2701 = CARTESIAN_POINT('',(2.181348742697,-3.973347726695,0.));
#2702 = VECTOR('',#2703,1.);
#2703 = DIRECTION('',(0.,0.,1.));
#2704 = ORIENTED_EDGE('',*,*,#2705,.T.);
#2705 = EDGE_CURVE('',#2698,#2706,#2708,.T.);
#2706 = VERTEX_POINT('',#2707);
#2707 = CARTESIAN_POINT('',(1.381348742697,-3.973347726695,
    1.600050800102));
#2708 = CIRCLE('',#2709,0.4);
#2709 = AXIS2_PLACEMENT_3D('',#2710,#2711,#2712);
#2710 = CARTESIAN_POINT('',(1.781348742697,-3.973347726695,
    1.600050800102));
#2711 = DIRECTION('',(0.,0.,1.));
#2712 = DIRECTION('',(1.,1.110223024625E-16,-0.));
#2713 = ORIENTED_EDGE('',*,*,#2714,.F.);
#2714 = EDGE_CURVE('',#2715,#2706,#2717,.T.);
#2715 = VERTEX_POINT('',#2716);
#2716 = CARTESIAN_POINT('',(1.381348742697,-3.973347726695,0.));
#2717 = LINE('',#2718,#2719);
#2718 = CARTESIAN_POINT('',(1.381348742697,-3.973347726695,0.));
#2719 = VECTOR('',#2720,1.);
#2720 = DIRECTION('',(0.,0.,1.));
#2721 = ORIENTED_EDGE('',*,*,#2722,.F.);
#2722 = EDGE_CURVE('',#2696,#2715,#2723,.T.);
#2723 = CIRCLE('',#2724,0.4);
#2724 = AXIS2_PLACEMENT_3D('',#2725,#2726,#2727);
#2725 = CARTESIAN_POINT('',(1.781348742697,-3.973347726695,0.));
#2726 = DIRECTION('',(0.,0.,1.));
#2727 = DIRECTION('',(1.,1.110223024625E-16,-0.));
#2728 = CYLINDRICAL_SURFACE('',#2729,0.4);
#2729 = AXIS2_PLACEMENT_3D('',#2730,#2731,#2732);
#2730 = CARTESIAN_POINT('',(1.781348742697,-3.973347726695,0.));
#2731 = DIRECTION('',(-0.,-0.,-1.));
#2732 = DIRECTION('',(1.,1.110223024625E-16,-0.));
#2733 = ADVANCED_FACE('',(#2734),#2752,.F.);
#2734 = FACE_BOUND('',#2735,.T.);
#2735 = EDGE_LOOP('',(#2736,#2737,#2744,#2745));
#2736 = ORIENTED_EDGE('',*,*,#2714,.T.);
#2737 = ORIENTED_EDGE('',*,*,#2738,.T.);
#2738 = EDGE_CURVE('',#2706,#2698,#2739,.T.);
#2739 = CIRCLE('',#2740,0.4);
#2740 = AXIS2_PLACEMENT_3D('',#2741,#2742,#2743);
#2741 = CARTESIAN_POINT('',(1.781348742697,-3.973347726695,
    1.600050800102));
#2742 = DIRECTION('',(0.,0.,1.));
#2743 = DIRECTION('',(-1.,-1.110223024625E-16,0.));
#2744 = ORIENTED_EDGE('',*,*,#2695,.F.);
#2745 = ORIENTED_EDGE('',*,*,#2746,.F.);
#2746 = EDGE_CURVE('',#2715,#2696,#2747,.T.);
#2747 = CIRCLE('',#2748,0.4);
#2748 = AXIS2_PLACEMENT_3D('',#2749,#2750,#2751);
#2749 = CARTESIAN_POINT('',(1.781348742697,-3.973347726695,0.));
#2750 = DIRECTION('',(0.,0.,1.));
#2751 = DIRECTION('',(-1.,-1.110223024625E-16,0.));
#2752 = CYLINDRICAL_SURFACE('',#2753,0.4);
#2753 = AXIS2_PLACEMENT_3D('',#2754,#2755,#2756);
#2754 = CARTESIAN_POINT('',(1.781348742697,-3.973347726695,0.));
#2755 = DIRECTION('',(-0.,-0.,-1.));
#2756 = DIRECTION('',(-1.,-1.110223024625E-16,0.));
#2757 = ADVANCED_FACE('',(#2758),#2794,.F.);
#2758 = FACE_BOUND('',#2759,.T.);
#2759 = EDGE_LOOP('',(#2760,#2770,#2779,#2787));
#2760 = ORIENTED_EDGE('',*,*,#2761,.T.);
#2761 = EDGE_CURVE('',#2762,#2764,#2766,.T.);
#2762 = VERTEX_POINT('',#2763);
#2763 = CARTESIAN_POINT('',(2.181348742697,3.966657353315,0.));
#2764 = VERTEX_POINT('',#2765);
#2765 = CARTESIAN_POINT('',(2.181348742697,3.966657353315,1.600050800102
    ));
#2766 = LINE('',#2767,#2768);
#2767 = CARTESIAN_POINT('',(2.181348742697,3.966657353315,0.));
#2768 = VECTOR('',#2769,1.);
#2769 = DIRECTION('',(0.,0.,1.));
#2770 = ORIENTED_EDGE('',*,*,#2771,.T.);
#2771 = EDGE_CURVE('',#2764,#2772,#2774,.T.);
#2772 = VERTEX_POINT('',#2773);
#2773 = CARTESIAN_POINT('',(1.381348742697,3.966657353315,1.600050800102
    ));
#2774 = CIRCLE('',#2775,0.4);
#2775 = AXIS2_PLACEMENT_3D('',#2776,#2777,#2778);
#2776 = CARTESIAN_POINT('',(1.781348742697,3.966657353315,1.600050800102
    ));
#2777 = DIRECTION('',(0.,0.,1.));
#2778 = DIRECTION('',(1.,1.110223024625E-16,-0.));
#2779 = ORIENTED_EDGE('',*,*,#2780,.F.);
#2780 = EDGE_CURVE('',#2781,#2772,#2783,.T.);
#2781 = VERTEX_POINT('',#2782);
#2782 = CARTESIAN_POINT('',(1.381348742697,3.966657353315,0.));
#2783 = LINE('',#2784,#2785);
#2784 = CARTESIAN_POINT('',(1.381348742697,3.966657353315,0.));
#2785 = VECTOR('',#2786,1.);
#2786 = DIRECTION('',(0.,0.,1.));
#2787 = ORIENTED_EDGE('',*,*,#2788,.F.);
#2788 = EDGE_CURVE('',#2762,#2781,#2789,.T.);
#2789 = CIRCLE('',#2790,0.4);
#2790 = AXIS2_PLACEMENT_3D('',#2791,#2792,#2793);
#2791 = CARTESIAN_POINT('',(1.781348742697,3.966657353315,0.));
#2792 = DIRECTION('',(0.,0.,1.));
#2793 = DIRECTION('',(1.,1.110223024625E-16,-0.));
#2794 = CYLINDRICAL_SURFACE('',#2795,0.4);
#2795 = AXIS2_PLACEMENT_3D('',#2796,#2797,#2798);
#2796 = CARTESIAN_POINT('',(1.781348742697,3.966657353315,0.));
#2797 = DIRECTION('',(-0.,-0.,-1.));
#2798 = DIRECTION('',(1.,1.110223024625E-16,-0.));
#2799 = ADVANCED_FACE('',(#2800),#2818,.F.);
#2800 = FACE_BOUND('',#2801,.T.);
#2801 = EDGE_LOOP('',(#2802,#2803,#2810,#2811));
#2802 = ORIENTED_EDGE('',*,*,#2780,.T.);
#2803 = ORIENTED_EDGE('',*,*,#2804,.T.);
#2804 = EDGE_CURVE('',#2772,#2764,#2805,.T.);
#2805 = CIRCLE('',#2806,0.4);
#2806 = AXIS2_PLACEMENT_3D('',#2807,#2808,#2809);
#2807 = CARTESIAN_POINT('',(1.781348742697,3.966657353315,1.600050800102
    ));
#2808 = DIRECTION('',(0.,0.,1.));
#2809 = DIRECTION('',(-1.,-1.110223024625E-16,0.));
#2810 = ORIENTED_EDGE('',*,*,#2761,.F.);
#2811 = ORIENTED_EDGE('',*,*,#2812,.F.);
#2812 = EDGE_CURVE('',#2781,#2762,#2813,.T.);
#2813 = CIRCLE('',#2814,0.4);
#2814 = AXIS2_PLACEMENT_3D('',#2815,#2816,#2817);
#2815 = CARTESIAN_POINT('',(1.781348742697,3.966657353315,0.));
#2816 = DIRECTION('',(0.,0.,1.));
#2817 = DIRECTION('',(-1.,-1.110223024625E-16,0.));
#2818 = CYLINDRICAL_SURFACE('',#2819,0.4);
#2819 = AXIS2_PLACEMENT_3D('',#2820,#2821,#2822);
#2820 = CARTESIAN_POINT('',(1.781348742697,3.966657353315,0.));
#2821 = DIRECTION('',(-0.,-0.,-1.));
#2822 = DIRECTION('',(-1.,-1.110223024625E-16,0.));
#2823 = ADVANCED_FACE('',(#2824),#2860,.F.);
#2824 = FACE_BOUND('',#2825,.T.);
#2825 = EDGE_LOOP('',(#2826,#2836,#2845,#2853));
#2826 = ORIENTED_EDGE('',*,*,#2827,.T.);
#2827 = EDGE_CURVE('',#2828,#2830,#2832,.T.);
#2828 = VERTEX_POINT('',#2829);
#2829 = CARTESIAN_POINT('',(1.930502921006,-17.90703581407,0.));
#2830 = VERTEX_POINT('',#2831);
#2831 = CARTESIAN_POINT('',(1.930502921006,-17.90703581407,
    1.600050800102));
#2832 = LINE('',#2833,#2834);
#2833 = CARTESIAN_POINT('',(1.930502921006,-17.90703581407,0.));
#2834 = VECTOR('',#2835,1.);
#2835 = DIRECTION('',(0.,0.,1.));
#2836 = ORIENTED_EDGE('',*,*,#2837,.T.);
#2837 = EDGE_CURVE('',#2830,#2838,#2840,.T.);
#2838 = VERTEX_POINT('',#2839);
#2839 = CARTESIAN_POINT('',(1.625504191008,-17.90703581407,
    1.600050800102));
#2840 = CIRCLE('',#2841,0.152499364999);
#2841 = AXIS2_PLACEMENT_3D('',#2842,#2843,#2844);
#2842 = CARTESIAN_POINT('',(1.778003556007,-17.90703581407,
    1.600050800102));
#2843 = DIRECTION('',(0.,0.,1.));
#2844 = DIRECTION('',(1.,1.110223024625E-16,-0.));
#2845 = ORIENTED_EDGE('',*,*,#2846,.F.);
#2846 = EDGE_CURVE('',#2847,#2838,#2849,.T.);
#2847 = VERTEX_POINT('',#2848);
#2848 = CARTESIAN_POINT('',(1.625504191008,-17.90703581407,0.));
#2849 = LINE('',#2850,#2851);
#2850 = CARTESIAN_POINT('',(1.625504191008,-17.90703581407,0.));
#2851 = VECTOR('',#2852,1.);
#2852 = DIRECTION('',(0.,0.,1.));
#2853 = ORIENTED_EDGE('',*,*,#2854,.F.);
#2854 = EDGE_CURVE('',#2828,#2847,#2855,.T.);
#2855 = CIRCLE('',#2856,0.152499364999);
#2856 = AXIS2_PLACEMENT_3D('',#2857,#2858,#2859);
#2857 = CARTESIAN_POINT('',(1.778003556007,-17.90703581407,0.));
#2858 = DIRECTION('',(0.,0.,1.));
#2859 = DIRECTION('',(1.,1.110223024625E-16,-0.));
#2860 = CYLINDRICAL_SURFACE('',#2861,0.152499364999);
#2861 = AXIS2_PLACEMENT_3D('',#2862,#2863,#2864);
#2862 = CARTESIAN_POINT('',(1.778003556007,-17.90703581407,0.));
#2863 = DIRECTION('',(-0.,-0.,-1.));
#2864 = DIRECTION('',(1.,1.110223024625E-16,-0.));
#2865 = ADVANCED_FACE('',(#2866),#2884,.F.);
#2866 = FACE_BOUND('',#2867,.T.);
#2867 = EDGE_LOOP('',(#2868,#2869,#2876,#2877));
#2868 = ORIENTED_EDGE('',*,*,#2846,.T.);
#2869 = ORIENTED_EDGE('',*,*,#2870,.T.);
#2870 = EDGE_CURVE('',#2838,#2830,#2871,.T.);
#2871 = CIRCLE('',#2872,0.152499364999);
#2872 = AXIS2_PLACEMENT_3D('',#2873,#2874,#2875);
#2873 = CARTESIAN_POINT('',(1.778003556007,-17.90703581407,
    1.600050800102));
#2874 = DIRECTION('',(0.,0.,1.));
#2875 = DIRECTION('',(-1.,-1.110223024625E-16,0.));
#2876 = ORIENTED_EDGE('',*,*,#2827,.F.);
#2877 = ORIENTED_EDGE('',*,*,#2878,.F.);
#2878 = EDGE_CURVE('',#2847,#2828,#2879,.T.);
#2879 = CIRCLE('',#2880,0.152499364999);
#2880 = AXIS2_PLACEMENT_3D('',#2881,#2882,#2883);
#2881 = CARTESIAN_POINT('',(1.778003556007,-17.90703581407,0.));
#2882 = DIRECTION('',(0.,0.,1.));
#2883 = DIRECTION('',(-1.,-1.110223024625E-16,0.));
#2884 = CYLINDRICAL_SURFACE('',#2885,0.152499364999);
#2885 = AXIS2_PLACEMENT_3D('',#2886,#2887,#2888);
#2886 = CARTESIAN_POINT('',(1.778003556007,-17.90703581407,0.));
#2887 = DIRECTION('',(-0.,-0.,-1.));
#2888 = DIRECTION('',(-1.,-1.110223024625E-16,0.));
#2889 = ADVANCED_FACE('',(#2890),#2926,.F.);
#2890 = FACE_BOUND('',#2891,.T.);
#2891 = EDGE_LOOP('',(#2892,#2902,#2911,#2919));
#2892 = ORIENTED_EDGE('',*,*,#2893,.T.);
#2893 = EDGE_CURVE('',#2894,#2896,#2898,.T.);
#2894 = VERTEX_POINT('',#2895);
#2895 = CARTESIAN_POINT('',(5.045008890018,-19.55803911607,0.));
#2896 = VERTEX_POINT('',#2897);
#2897 = CARTESIAN_POINT('',(5.045008890018,-19.55803911607,
    1.600050800102));
#2898 = LINE('',#2899,#2900);
#2899 = CARTESIAN_POINT('',(5.045008890018,-19.55803911607,0.));
#2900 = VECTOR('',#2901,1.);
#2901 = DIRECTION('',(0.,0.,1.));
#2902 = ORIENTED_EDGE('',*,*,#2903,.T.);
#2903 = EDGE_CURVE('',#2896,#2904,#2906,.T.);
#2904 = VERTEX_POINT('',#2905);
#2905 = CARTESIAN_POINT('',(3.845008890018,-19.55803911607,
    1.600050800102));
#2906 = CIRCLE('',#2907,0.6);
#2907 = AXIS2_PLACEMENT_3D('',#2908,#2909,#2910);
#2908 = CARTESIAN_POINT('',(4.445008890018,-19.55803911607,
    1.600050800102));
#2909 = DIRECTION('',(0.,0.,1.));
#2910 = DIRECTION('',(1.,1.110223024625E-16,-0.));
#2911 = ORIENTED_EDGE('',*,*,#2912,.F.);
#2912 = EDGE_CURVE('',#2913,#2904,#2915,.T.);
#2913 = VERTEX_POINT('',#2914);
#2914 = CARTESIAN_POINT('',(3.845008890018,-19.55803911607,0.));
#2915 = LINE('',#2916,#2917);
#2916 = CARTESIAN_POINT('',(3.845008890018,-19.55803911607,0.));
#2917 = VECTOR('',#2918,1.);
#2918 = DIRECTION('',(0.,0.,1.));
#2919 = ORIENTED_EDGE('',*,*,#2920,.F.);
#2920 = EDGE_CURVE('',#2894,#2913,#2921,.T.);
#2921 = CIRCLE('',#2922,0.6);
#2922 = AXIS2_PLACEMENT_3D('',#2923,#2924,#2925);
#2923 = CARTESIAN_POINT('',(4.445008890018,-19.55803911607,0.));
#2924 = DIRECTION('',(0.,0.,1.));
#2925 = DIRECTION('',(1.,1.110223024625E-16,-0.));
#2926 = CYLINDRICAL_SURFACE('',#2927,0.6);
#2927 = AXIS2_PLACEMENT_3D('',#2928,#2929,#2930);
#2928 = CARTESIAN_POINT('',(4.445008890018,-19.55803911607,0.));
#2929 = DIRECTION('',(-0.,-0.,-1.));
#2930 = DIRECTION('',(1.,1.110223024625E-16,-0.));
#2931 = ADVANCED_FACE('',(#2932),#2950,.F.);
#2932 = FACE_BOUND('',#2933,.T.);
#2933 = EDGE_LOOP('',(#2934,#2935,#2942,#2943));
#2934 = ORIENTED_EDGE('',*,*,#2912,.T.);
#2935 = ORIENTED_EDGE('',*,*,#2936,.T.);
#2936 = EDGE_CURVE('',#2904,#2896,#2937,.T.);
#2937 = CIRCLE('',#2938,0.6);
#2938 = AXIS2_PLACEMENT_3D('',#2939,#2940,#2941);
#2939 = CARTESIAN_POINT('',(4.445008890018,-19.55803911607,
    1.600050800102));
#2940 = DIRECTION('',(0.,0.,1.));
#2941 = DIRECTION('',(-1.,-1.110223024625E-16,0.));
#2942 = ORIENTED_EDGE('',*,*,#2893,.F.);
#2943 = ORIENTED_EDGE('',*,*,#2944,.F.);
#2944 = EDGE_CURVE('',#2913,#2894,#2945,.T.);
#2945 = CIRCLE('',#2946,0.6);
#2946 = AXIS2_PLACEMENT_3D('',#2947,#2948,#2949);
#2947 = CARTESIAN_POINT('',(4.445008890018,-19.55803911607,0.));
#2948 = DIRECTION('',(0.,0.,1.));
#2949 = DIRECTION('',(-1.,-1.110223024625E-16,0.));
#2950 = CYLINDRICAL_SURFACE('',#2951,0.6);
#2951 = AXIS2_PLACEMENT_3D('',#2952,#2953,#2954);
#2952 = CARTESIAN_POINT('',(4.445008890018,-19.55803911607,0.));
#2953 = DIRECTION('',(-0.,-0.,-1.));
#2954 = DIRECTION('',(-1.,-1.110223024625E-16,0.));
#2955 = ADVANCED_FACE('',(#2956),#2992,.F.);
#2956 = FACE_BOUND('',#2957,.T.);
#2957 = EDGE_LOOP('',(#2958,#2968,#2977,#2985));
#2958 = ORIENTED_EDGE('',*,*,#2959,.T.);
#2959 = EDGE_CURVE('',#2960,#2962,#2964,.T.);
#2960 = VERTEX_POINT('',#2961);
#2961 = CARTESIAN_POINT('',(4.721353822708,-3.973347726695,0.));
#2962 = VERTEX_POINT('',#2963);
#2963 = CARTESIAN_POINT('',(4.721353822708,-3.973347726695,
    1.600050800102));
#2964 = LINE('',#2965,#2966);
#2965 = CARTESIAN_POINT('',(4.721353822708,-3.973347726695,0.));
#2966 = VECTOR('',#2967,1.);
#2967 = DIRECTION('',(0.,0.,1.));
#2968 = ORIENTED_EDGE('',*,*,#2969,.T.);
#2969 = EDGE_CURVE('',#2962,#2970,#2972,.T.);
#2970 = VERTEX_POINT('',#2971);
#2971 = CARTESIAN_POINT('',(3.921353822708,-3.973347726695,
    1.600050800102));
#2972 = CIRCLE('',#2973,0.4);
#2973 = AXIS2_PLACEMENT_3D('',#2974,#2975,#2976);
#2974 = CARTESIAN_POINT('',(4.321353822708,-3.973347726695,
    1.600050800102));
#2975 = DIRECTION('',(0.,0.,1.));
#2976 = DIRECTION('',(1.,1.110223024625E-16,-0.));
#2977 = ORIENTED_EDGE('',*,*,#2978,.F.);
#2978 = EDGE_CURVE('',#2979,#2970,#2981,.T.);
#2979 = VERTEX_POINT('',#2980);
#2980 = CARTESIAN_POINT('',(3.921353822708,-3.973347726695,0.));
#2981 = LINE('',#2982,#2983);
#2982 = CARTESIAN_POINT('',(3.921353822708,-3.973347726695,0.));
#2983 = VECTOR('',#2984,1.);
#2984 = DIRECTION('',(0.,0.,1.));
#2985 = ORIENTED_EDGE('',*,*,#2986,.F.);
#2986 = EDGE_CURVE('',#2960,#2979,#2987,.T.);
#2987 = CIRCLE('',#2988,0.4);
#2988 = AXIS2_PLACEMENT_3D('',#2989,#2990,#2991);
#2989 = CARTESIAN_POINT('',(4.321353822708,-3.973347726695,0.));
#2990 = DIRECTION('',(0.,0.,1.));
#2991 = DIRECTION('',(1.,1.110223024625E-16,-0.));
#2992 = CYLINDRICAL_SURFACE('',#2993,0.4);
#2993 = AXIS2_PLACEMENT_3D('',#2994,#2995,#2996);
#2994 = CARTESIAN_POINT('',(4.321353822708,-3.973347726695,0.));
#2995 = DIRECTION('',(-0.,-0.,-1.));
#2996 = DIRECTION('',(1.,1.110223024625E-16,-0.));
#2997 = ADVANCED_FACE('',(#2998),#3016,.F.);
#2998 = FACE_BOUND('',#2999,.T.);
#2999 = EDGE_LOOP('',(#3000,#3001,#3008,#3009));
#3000 = ORIENTED_EDGE('',*,*,#2978,.T.);
#3001 = ORIENTED_EDGE('',*,*,#3002,.T.);
#3002 = EDGE_CURVE('',#2970,#2962,#3003,.T.);
#3003 = CIRCLE('',#3004,0.4);
#3004 = AXIS2_PLACEMENT_3D('',#3005,#3006,#3007);
#3005 = CARTESIAN_POINT('',(4.321353822708,-3.973347726695,
    1.600050800102));
#3006 = DIRECTION('',(0.,0.,1.));
#3007 = DIRECTION('',(-1.,-1.110223024625E-16,0.));
#3008 = ORIENTED_EDGE('',*,*,#2959,.F.);
#3009 = ORIENTED_EDGE('',*,*,#3010,.F.);
#3010 = EDGE_CURVE('',#2979,#2960,#3011,.T.);
#3011 = CIRCLE('',#3012,0.4);
#3012 = AXIS2_PLACEMENT_3D('',#3013,#3014,#3015);
#3013 = CARTESIAN_POINT('',(4.321353822708,-3.973347726695,0.));
#3014 = DIRECTION('',(0.,0.,1.));
#3015 = DIRECTION('',(-1.,-1.110223024625E-16,0.));
#3016 = CYLINDRICAL_SURFACE('',#3017,0.4);
#3017 = AXIS2_PLACEMENT_3D('',#3018,#3019,#3020);
#3018 = CARTESIAN_POINT('',(4.321353822708,-3.973347726695,0.));
#3019 = DIRECTION('',(-0.,-0.,-1.));
#3020 = DIRECTION('',(-1.,-1.110223024625E-16,0.));
#3021 = ADVANCED_FACE('',(#3022),#3058,.F.);
#3022 = FACE_BOUND('',#3023,.T.);
#3023 = EDGE_LOOP('',(#3024,#3034,#3043,#3051));
#3024 = ORIENTED_EDGE('',*,*,#3025,.T.);
#3025 = EDGE_CURVE('',#3026,#3028,#3030,.T.);
#3026 = VERTEX_POINT('',#3027);
#3027 = CARTESIAN_POINT('',(4.721353822708,3.966657353315,0.));
#3028 = VERTEX_POINT('',#3029);
#3029 = CARTESIAN_POINT('',(4.721353822708,3.966657353315,1.600050800102
    ));
#3030 = LINE('',#3031,#3032);
#3031 = CARTESIAN_POINT('',(4.721353822708,3.966657353315,0.));
#3032 = VECTOR('',#3033,1.);
#3033 = DIRECTION('',(0.,0.,1.));
#3034 = ORIENTED_EDGE('',*,*,#3035,.T.);
#3035 = EDGE_CURVE('',#3028,#3036,#3038,.T.);
#3036 = VERTEX_POINT('',#3037);
#3037 = CARTESIAN_POINT('',(3.921353822708,3.966657353315,1.600050800102
    ));
#3038 = CIRCLE('',#3039,0.4);
#3039 = AXIS2_PLACEMENT_3D('',#3040,#3041,#3042);
#3040 = CARTESIAN_POINT('',(4.321353822708,3.966657353315,1.600050800102
    ));
#3041 = DIRECTION('',(0.,0.,1.));
#3042 = DIRECTION('',(1.,1.110223024625E-16,-0.));
#3043 = ORIENTED_EDGE('',*,*,#3044,.F.);
#3044 = EDGE_CURVE('',#3045,#3036,#3047,.T.);
#3045 = VERTEX_POINT('',#3046);
#3046 = CARTESIAN_POINT('',(3.921353822708,3.966657353315,0.));
#3047 = LINE('',#3048,#3049);
#3048 = CARTESIAN_POINT('',(3.921353822708,3.966657353315,0.));
#3049 = VECTOR('',#3050,1.);
#3050 = DIRECTION('',(0.,0.,1.));
#3051 = ORIENTED_EDGE('',*,*,#3052,.F.);
#3052 = EDGE_CURVE('',#3026,#3045,#3053,.T.);
#3053 = CIRCLE('',#3054,0.4);
#3054 = AXIS2_PLACEMENT_3D('',#3055,#3056,#3057);
#3055 = CARTESIAN_POINT('',(4.321353822708,3.966657353315,0.));
#3056 = DIRECTION('',(0.,0.,1.));
#3057 = DIRECTION('',(1.,1.110223024625E-16,-0.));
#3058 = CYLINDRICAL_SURFACE('',#3059,0.4);
#3059 = AXIS2_PLACEMENT_3D('',#3060,#3061,#3062);
#3060 = CARTESIAN_POINT('',(4.321353822708,3.966657353315,0.));
#3061 = DIRECTION('',(-0.,-0.,-1.));
#3062 = DIRECTION('',(1.,1.110223024625E-16,-0.));
#3063 = ADVANCED_FACE('',(#3064),#3082,.F.);
#3064 = FACE_BOUND('',#3065,.T.);
#3065 = EDGE_LOOP('',(#3066,#3067,#3074,#3075));
#3066 = ORIENTED_EDGE('',*,*,#3044,.T.);
#3067 = ORIENTED_EDGE('',*,*,#3068,.T.);
#3068 = EDGE_CURVE('',#3036,#3028,#3069,.T.);
#3069 = CIRCLE('',#3070,0.4);
#3070 = AXIS2_PLACEMENT_3D('',#3071,#3072,#3073);
#3071 = CARTESIAN_POINT('',(4.321353822708,3.966657353315,1.600050800102
    ));
#3072 = DIRECTION('',(0.,0.,1.));
#3073 = DIRECTION('',(-1.,-1.110223024625E-16,0.));
#3074 = ORIENTED_EDGE('',*,*,#3025,.F.);
#3075 = ORIENTED_EDGE('',*,*,#3076,.F.);
#3076 = EDGE_CURVE('',#3045,#3026,#3077,.T.);
#3077 = CIRCLE('',#3078,0.4);
#3078 = AXIS2_PLACEMENT_3D('',#3079,#3080,#3081);
#3079 = CARTESIAN_POINT('',(4.321353822708,3.966657353315,0.));
#3080 = DIRECTION('',(0.,0.,1.));
#3081 = DIRECTION('',(-1.,-1.110223024625E-16,0.));
#3082 = CYLINDRICAL_SURFACE('',#3083,0.4);
#3083 = AXIS2_PLACEMENT_3D('',#3084,#3085,#3086);
#3084 = CARTESIAN_POINT('',(4.321353822708,3.966657353315,0.));
#3085 = DIRECTION('',(-0.,-0.,-1.));
#3086 = DIRECTION('',(-1.,-1.110223024625E-16,0.));
#3087 = ADVANCED_FACE('',(#3088),#3124,.F.);
#3088 = FACE_BOUND('',#3089,.T.);
#3089 = EDGE_LOOP('',(#3090,#3100,#3109,#3117));
#3090 = ORIENTED_EDGE('',*,*,#3091,.T.);
#3091 = EDGE_CURVE('',#3092,#3094,#3096,.T.);
#3092 = VERTEX_POINT('',#3093);
#3093 = CARTESIAN_POINT('',(5.740510541021,-13.33502667005,0.));
#3094 = VERTEX_POINT('',#3095);
#3095 = CARTESIAN_POINT('',(5.740510541021,-13.33502667005,
    1.600050800102));
#3096 = LINE('',#3097,#3098);
#3097 = CARTESIAN_POINT('',(5.740510541021,-13.33502667005,0.));
#3098 = VECTOR('',#3099,1.);
#3099 = DIRECTION('',(0.,0.,1.));
#3100 = ORIENTED_EDGE('',*,*,#3101,.T.);
#3101 = EDGE_CURVE('',#3094,#3102,#3104,.T.);
#3102 = VERTEX_POINT('',#3103);
#3103 = CARTESIAN_POINT('',(5.435511811024,-13.33502667005,
    1.600050800102));
#3104 = CIRCLE('',#3105,0.152499364999);
#3105 = AXIS2_PLACEMENT_3D('',#3106,#3107,#3108);
#3106 = CARTESIAN_POINT('',(5.588011176022,-13.33502667005,
    1.600050800102));
#3107 = DIRECTION('',(0.,0.,1.));
#3108 = DIRECTION('',(1.,1.110223024625E-16,-0.));
#3109 = ORIENTED_EDGE('',*,*,#3110,.F.);
#3110 = EDGE_CURVE('',#3111,#3102,#3113,.T.);
#3111 = VERTEX_POINT('',#3112);
#3112 = CARTESIAN_POINT('',(5.435511811024,-13.33502667005,0.));
#3113 = LINE('',#3114,#3115);
#3114 = CARTESIAN_POINT('',(5.435511811024,-13.33502667005,0.));
#3115 = VECTOR('',#3116,1.);
#3116 = DIRECTION('',(0.,0.,1.));
#3117 = ORIENTED_EDGE('',*,*,#3118,.F.);
#3118 = EDGE_CURVE('',#3092,#3111,#3119,.T.);
#3119 = CIRCLE('',#3120,0.152499364999);
#3120 = AXIS2_PLACEMENT_3D('',#3121,#3122,#3123);
#3121 = CARTESIAN_POINT('',(5.588011176022,-13.33502667005,0.));
#3122 = DIRECTION('',(0.,0.,1.));
#3123 = DIRECTION('',(1.,1.110223024625E-16,-0.));
#3124 = CYLINDRICAL_SURFACE('',#3125,0.152499364999);
#3125 = AXIS2_PLACEMENT_3D('',#3126,#3127,#3128);
#3126 = CARTESIAN_POINT('',(5.588011176022,-13.33502667005,0.));
#3127 = DIRECTION('',(-0.,-0.,-1.));
#3128 = DIRECTION('',(1.,1.110223024625E-16,-0.));
#3129 = ADVANCED_FACE('',(#3130),#3148,.F.);
#3130 = FACE_BOUND('',#3131,.T.);
#3131 = EDGE_LOOP('',(#3132,#3133,#3140,#3141));
#3132 = ORIENTED_EDGE('',*,*,#3110,.T.);
#3133 = ORIENTED_EDGE('',*,*,#3134,.T.);
#3134 = EDGE_CURVE('',#3102,#3094,#3135,.T.);
#3135 = CIRCLE('',#3136,0.152499364999);
#3136 = AXIS2_PLACEMENT_3D('',#3137,#3138,#3139);
#3137 = CARTESIAN_POINT('',(5.588011176022,-13.33502667005,
    1.600050800102));
#3138 = DIRECTION('',(0.,0.,1.));
#3139 = DIRECTION('',(-1.,-1.110223024625E-16,0.));
#3140 = ORIENTED_EDGE('',*,*,#3091,.F.);
#3141 = ORIENTED_EDGE('',*,*,#3142,.F.);
#3142 = EDGE_CURVE('',#3111,#3092,#3143,.T.);
#3143 = CIRCLE('',#3144,0.152499364999);
#3144 = AXIS2_PLACEMENT_3D('',#3145,#3146,#3147);
#3145 = CARTESIAN_POINT('',(5.588011176022,-13.33502667005,0.));
#3146 = DIRECTION('',(0.,0.,1.));
#3147 = DIRECTION('',(-1.,-1.110223024625E-16,0.));
#3148 = CYLINDRICAL_SURFACE('',#3149,0.152499364999);
#3149 = AXIS2_PLACEMENT_3D('',#3150,#3151,#3152);
#3150 = CARTESIAN_POINT('',(5.588011176022,-13.33502667005,0.));
#3151 = DIRECTION('',(-0.,-0.,-1.));
#3152 = DIRECTION('',(-1.,-1.110223024625E-16,0.));
#3153 = ADVANCED_FACE('',(#3154),#3190,.F.);
#3154 = FACE_BOUND('',#3155,.T.);
#3155 = EDGE_LOOP('',(#3156,#3166,#3175,#3183));
#3156 = ORIENTED_EDGE('',*,*,#3157,.T.);
#3157 = EDGE_CURVE('',#3158,#3160,#3162,.T.);
#3158 = VERTEX_POINT('',#3159);
#3159 = CARTESIAN_POINT('',(7.261358902718,-3.973347726695,0.));
#3160 = VERTEX_POINT('',#3161);
#3161 = CARTESIAN_POINT('',(7.261358902718,-3.973347726695,
    1.600050800102));
#3162 = LINE('',#3163,#3164);
#3163 = CARTESIAN_POINT('',(7.261358902718,-3.973347726695,0.));
#3164 = VECTOR('',#3165,1.);
#3165 = DIRECTION('',(0.,0.,1.));
#3166 = ORIENTED_EDGE('',*,*,#3167,.T.);
#3167 = EDGE_CURVE('',#3160,#3168,#3170,.T.);
#3168 = VERTEX_POINT('',#3169);
#3169 = CARTESIAN_POINT('',(6.461358902718,-3.973347726695,
    1.600050800102));
#3170 = CIRCLE('',#3171,0.4);
#3171 = AXIS2_PLACEMENT_3D('',#3172,#3173,#3174);
#3172 = CARTESIAN_POINT('',(6.861358902718,-3.973347726695,
    1.600050800102));
#3173 = DIRECTION('',(0.,0.,1.));
#3174 = DIRECTION('',(1.,1.110223024625E-16,-0.));
#3175 = ORIENTED_EDGE('',*,*,#3176,.F.);
#3176 = EDGE_CURVE('',#3177,#3168,#3179,.T.);
#3177 = VERTEX_POINT('',#3178);
#3178 = CARTESIAN_POINT('',(6.461358902718,-3.973347726695,0.));
#3179 = LINE('',#3180,#3181);
#3180 = CARTESIAN_POINT('',(6.461358902718,-3.973347726695,0.));
#3181 = VECTOR('',#3182,1.);
#3182 = DIRECTION('',(0.,0.,1.));
#3183 = ORIENTED_EDGE('',*,*,#3184,.F.);
#3184 = EDGE_CURVE('',#3158,#3177,#3185,.T.);
#3185 = CIRCLE('',#3186,0.4);
#3186 = AXIS2_PLACEMENT_3D('',#3187,#3188,#3189);
#3187 = CARTESIAN_POINT('',(6.861358902718,-3.973347726695,0.));
#3188 = DIRECTION('',(0.,0.,1.));
#3189 = DIRECTION('',(1.,1.110223024625E-16,-0.));
#3190 = CYLINDRICAL_SURFACE('',#3191,0.4);
#3191 = AXIS2_PLACEMENT_3D('',#3192,#3193,#3194);
#3192 = CARTESIAN_POINT('',(6.861358902718,-3.973347726695,0.));
#3193 = DIRECTION('',(-0.,-0.,-1.));
#3194 = DIRECTION('',(1.,1.110223024625E-16,-0.));
#3195 = ADVANCED_FACE('',(#3196),#3214,.F.);
#3196 = FACE_BOUND('',#3197,.T.);
#3197 = EDGE_LOOP('',(#3198,#3199,#3206,#3207));
#3198 = ORIENTED_EDGE('',*,*,#3176,.T.);
#3199 = ORIENTED_EDGE('',*,*,#3200,.T.);
#3200 = EDGE_CURVE('',#3168,#3160,#3201,.T.);
#3201 = CIRCLE('',#3202,0.4);
#3202 = AXIS2_PLACEMENT_3D('',#3203,#3204,#3205);
#3203 = CARTESIAN_POINT('',(6.861358902718,-3.973347726695,
    1.600050800102));
#3204 = DIRECTION('',(0.,0.,1.));
#3205 = DIRECTION('',(-1.,-1.110223024625E-16,0.));
#3206 = ORIENTED_EDGE('',*,*,#3157,.F.);
#3207 = ORIENTED_EDGE('',*,*,#3208,.F.);
#3208 = EDGE_CURVE('',#3177,#3158,#3209,.T.);
#3209 = CIRCLE('',#3210,0.4);
#3210 = AXIS2_PLACEMENT_3D('',#3211,#3212,#3213);
#3211 = CARTESIAN_POINT('',(6.861358902718,-3.973347726695,0.));
#3212 = DIRECTION('',(0.,0.,1.));
#3213 = DIRECTION('',(-1.,-1.110223024625E-16,0.));
#3214 = CYLINDRICAL_SURFACE('',#3215,0.4);
#3215 = AXIS2_PLACEMENT_3D('',#3216,#3217,#3218);
#3216 = CARTESIAN_POINT('',(6.861358902718,-3.973347726695,0.));
#3217 = DIRECTION('',(-0.,-0.,-1.));
#3218 = DIRECTION('',(-1.,-1.110223024625E-16,0.));
#3219 = ADVANCED_FACE('',(#3220),#3256,.F.);
#3220 = FACE_BOUND('',#3221,.T.);
#3221 = EDGE_LOOP('',(#3222,#3232,#3241,#3249));
#3222 = ORIENTED_EDGE('',*,*,#3223,.T.);
#3223 = EDGE_CURVE('',#3224,#3226,#3228,.T.);
#3224 = VERTEX_POINT('',#3225);
#3225 = CARTESIAN_POINT('',(7.261358902718,3.966657353315,0.));
#3226 = VERTEX_POINT('',#3227);
#3227 = CARTESIAN_POINT('',(7.261358902718,3.966657353315,1.600050800102
    ));
#3228 = LINE('',#3229,#3230);
#3229 = CARTESIAN_POINT('',(7.261358902718,3.966657353315,0.));
#3230 = VECTOR('',#3231,1.);
#3231 = DIRECTION('',(0.,0.,1.));
#3232 = ORIENTED_EDGE('',*,*,#3233,.T.);
#3233 = EDGE_CURVE('',#3226,#3234,#3236,.T.);
#3234 = VERTEX_POINT('',#3235);
#3235 = CARTESIAN_POINT('',(6.461358902718,3.966657353315,1.600050800102
    ));
#3236 = CIRCLE('',#3237,0.4);
#3237 = AXIS2_PLACEMENT_3D('',#3238,#3239,#3240);
#3238 = CARTESIAN_POINT('',(6.861358902718,3.966657353315,1.600050800102
    ));
#3239 = DIRECTION('',(0.,0.,1.));
#3240 = DIRECTION('',(1.,1.110223024625E-16,-0.));
#3241 = ORIENTED_EDGE('',*,*,#3242,.F.);
#3242 = EDGE_CURVE('',#3243,#3234,#3245,.T.);
#3243 = VERTEX_POINT('',#3244);
#3244 = CARTESIAN_POINT('',(6.461358902718,3.966657353315,0.));
#3245 = LINE('',#3246,#3247);
#3246 = CARTESIAN_POINT('',(6.461358902718,3.966657353315,0.));
#3247 = VECTOR('',#3248,1.);
#3248 = DIRECTION('',(0.,0.,1.));
#3249 = ORIENTED_EDGE('',*,*,#3250,.F.);
#3250 = EDGE_CURVE('',#3224,#3243,#3251,.T.);
#3251 = CIRCLE('',#3252,0.4);
#3252 = AXIS2_PLACEMENT_3D('',#3253,#3254,#3255);
#3253 = CARTESIAN_POINT('',(6.861358902718,3.966657353315,0.));
#3254 = DIRECTION('',(0.,0.,1.));
#3255 = DIRECTION('',(1.,1.110223024625E-16,-0.));
#3256 = CYLINDRICAL_SURFACE('',#3257,0.4);
#3257 = AXIS2_PLACEMENT_3D('',#3258,#3259,#3260);
#3258 = CARTESIAN_POINT('',(6.861358902718,3.966657353315,0.));
#3259 = DIRECTION('',(-0.,-0.,-1.));
#3260 = DIRECTION('',(1.,1.110223024625E-16,-0.));
#3261 = ADVANCED_FACE('',(#3262),#3280,.F.);
#3262 = FACE_BOUND('',#3263,.T.);
#3263 = EDGE_LOOP('',(#3264,#3265,#3272,#3273));
#3264 = ORIENTED_EDGE('',*,*,#3242,.T.);
#3265 = ORIENTED_EDGE('',*,*,#3266,.T.);
#3266 = EDGE_CURVE('',#3234,#3226,#3267,.T.);
#3267 = CIRCLE('',#3268,0.4);
#3268 = AXIS2_PLACEMENT_3D('',#3269,#3270,#3271);
#3269 = CARTESIAN_POINT('',(6.861358902718,3.966657353315,1.600050800102
    ));
#3270 = DIRECTION('',(0.,0.,1.));
#3271 = DIRECTION('',(-1.,-1.110223024625E-16,0.));
#3272 = ORIENTED_EDGE('',*,*,#3223,.F.);
#3273 = ORIENTED_EDGE('',*,*,#3274,.F.);
#3274 = EDGE_CURVE('',#3243,#3224,#3275,.T.);
#3275 = CIRCLE('',#3276,0.4);
#3276 = AXIS2_PLACEMENT_3D('',#3277,#3278,#3279);
#3277 = CARTESIAN_POINT('',(6.861358902718,3.966657353315,0.));
#3278 = DIRECTION('',(0.,0.,1.));
#3279 = DIRECTION('',(-1.,-1.110223024625E-16,0.));
#3280 = CYLINDRICAL_SURFACE('',#3281,0.4);
#3281 = AXIS2_PLACEMENT_3D('',#3282,#3283,#3284);
#3282 = CARTESIAN_POINT('',(6.861358902718,3.966657353315,0.));
#3283 = DIRECTION('',(-0.,-0.,-1.));
#3284 = DIRECTION('',(-1.,-1.110223024625E-16,0.));
#3285 = ADVANCED_FACE('',(#3286),#3322,.F.);
#3286 = FACE_BOUND('',#3287,.T.);
#3287 = EDGE_LOOP('',(#3288,#3298,#3307,#3315));
#3288 = ORIENTED_EDGE('',*,*,#3289,.T.);
#3289 = EDGE_CURVE('',#3290,#3292,#3294,.T.);
#3290 = VERTEX_POINT('',#3291);
#3291 = CARTESIAN_POINT('',(7.365887731775,16.38315976632,0.));
#3292 = VERTEX_POINT('',#3293);
#3293 = CARTESIAN_POINT('',(7.365887731775,16.38315976632,1.600050800102
    ));
#3294 = LINE('',#3295,#3296);
#3295 = CARTESIAN_POINT('',(7.365887731775,16.38315976632,0.));
#3296 = VECTOR('',#3297,1.);
#3297 = DIRECTION('',(0.,0.,1.));
#3298 = ORIENTED_EDGE('',*,*,#3299,.T.);
#3299 = EDGE_CURVE('',#3292,#3300,#3302,.T.);
#3300 = VERTEX_POINT('',#3301);
#3301 = CARTESIAN_POINT('',(6.603886207772,16.38315976632,1.600050800102
    ));
#3302 = CIRCLE('',#3303,0.381000762002);
#3303 = AXIS2_PLACEMENT_3D('',#3304,#3305,#3306);
#3304 = CARTESIAN_POINT('',(6.984886969774,16.38315976632,1.600050800102
    ));
#3305 = DIRECTION('',(0.,0.,1.));
#3306 = DIRECTION('',(1.,1.110223024625E-16,-0.));
#3307 = ORIENTED_EDGE('',*,*,#3308,.F.);
#3308 = EDGE_CURVE('',#3309,#3300,#3311,.T.);
#3309 = VERTEX_POINT('',#3310);
#3310 = CARTESIAN_POINT('',(6.603886207772,16.38315976632,0.));
#3311 = LINE('',#3312,#3313);
#3312 = CARTESIAN_POINT('',(6.603886207772,16.38315976632,0.));
#3313 = VECTOR('',#3314,1.);
#3314 = DIRECTION('',(0.,0.,1.));
#3315 = ORIENTED_EDGE('',*,*,#3316,.F.);
#3316 = EDGE_CURVE('',#3290,#3309,#3317,.T.);
#3317 = CIRCLE('',#3318,0.381000762002);
#3318 = AXIS2_PLACEMENT_3D('',#3319,#3320,#3321);
#3319 = CARTESIAN_POINT('',(6.984886969774,16.38315976632,0.));
#3320 = DIRECTION('',(0.,0.,1.));
#3321 = DIRECTION('',(1.,1.110223024625E-16,-0.));
#3322 = CYLINDRICAL_SURFACE('',#3323,0.381000762002);
#3323 = AXIS2_PLACEMENT_3D('',#3324,#3325,#3326);
#3324 = CARTESIAN_POINT('',(6.984886969774,16.38315976632,0.));
#3325 = DIRECTION('',(-0.,-0.,-1.));
#3326 = DIRECTION('',(1.,1.110223024625E-16,-0.));
#3327 = ADVANCED_FACE('',(#3328),#3346,.F.);
#3328 = FACE_BOUND('',#3329,.T.);
#3329 = EDGE_LOOP('',(#3330,#3331,#3338,#3339));
#3330 = ORIENTED_EDGE('',*,*,#3308,.T.);
#3331 = ORIENTED_EDGE('',*,*,#3332,.T.);
#3332 = EDGE_CURVE('',#3300,#3292,#3333,.T.);
#3333 = CIRCLE('',#3334,0.381000762002);
#3334 = AXIS2_PLACEMENT_3D('',#3335,#3336,#3337);
#3335 = CARTESIAN_POINT('',(6.984886969774,16.38315976632,1.600050800102
    ));
#3336 = DIRECTION('',(0.,0.,1.));
#3337 = DIRECTION('',(-1.,-1.110223024625E-16,0.));
#3338 = ORIENTED_EDGE('',*,*,#3289,.F.);
#3339 = ORIENTED_EDGE('',*,*,#3340,.F.);
#3340 = EDGE_CURVE('',#3309,#3290,#3341,.T.);
#3341 = CIRCLE('',#3342,0.381000762002);
#3342 = AXIS2_PLACEMENT_3D('',#3343,#3344,#3345);
#3343 = CARTESIAN_POINT('',(6.984886969774,16.38315976632,0.));
#3344 = DIRECTION('',(0.,0.,1.));
#3345 = DIRECTION('',(-1.,-1.110223024625E-16,0.));
#3346 = CYLINDRICAL_SURFACE('',#3347,0.381000762002);
#3347 = AXIS2_PLACEMENT_3D('',#3348,#3349,#3350);
#3348 = CARTESIAN_POINT('',(6.984886969774,16.38315976632,0.));
#3349 = DIRECTION('',(-0.,-0.,-1.));
#3350 = DIRECTION('',(-1.,-1.110223024625E-16,0.));
#3351 = ADVANCED_FACE('',(#3352),#3388,.F.);
#3352 = FACE_BOUND('',#3353,.T.);
#3353 = EDGE_LOOP('',(#3354,#3364,#3373,#3381));
#3354 = ORIENTED_EDGE('',*,*,#3355,.T.);
#3355 = EDGE_CURVE('',#3356,#3358,#3360,.T.);
#3356 = VERTEX_POINT('',#3357);
#3357 = CARTESIAN_POINT('',(7.366014732029,18.883032766066,0.));
#3358 = VERTEX_POINT('',#3359);
#3359 = CARTESIAN_POINT('',(7.366014732029,18.883032766066,
    1.600050800102));
#3360 = LINE('',#3361,#3362);
#3361 = CARTESIAN_POINT('',(7.366014732029,18.883032766066,0.));
#3362 = VECTOR('',#3363,1.);
#3363 = DIRECTION('',(0.,0.,1.));
#3364 = ORIENTED_EDGE('',*,*,#3365,.T.);
#3365 = EDGE_CURVE('',#3358,#3366,#3368,.T.);
#3366 = VERTEX_POINT('',#3367);
#3367 = CARTESIAN_POINT('',(6.604013208026,18.883032766066,
    1.600050800102));
#3368 = CIRCLE('',#3369,0.381000762002);
#3369 = AXIS2_PLACEMENT_3D('',#3370,#3371,#3372);
#3370 = CARTESIAN_POINT('',(6.985013970028,18.883032766066,
    1.600050800102));
#3371 = DIRECTION('',(0.,0.,1.));
#3372 = DIRECTION('',(1.,1.110223024625E-16,-0.));
#3373 = ORIENTED_EDGE('',*,*,#3374,.F.);
#3374 = EDGE_CURVE('',#3375,#3366,#3377,.T.);
#3375 = VERTEX_POINT('',#3376);
#3376 = CARTESIAN_POINT('',(6.604013208026,18.883032766066,0.));
#3377 = LINE('',#3378,#3379);
#3378 = CARTESIAN_POINT('',(6.604013208026,18.883032766066,0.));
#3379 = VECTOR('',#3380,1.);
#3380 = DIRECTION('',(0.,0.,1.));
#3381 = ORIENTED_EDGE('',*,*,#3382,.F.);
#3382 = EDGE_CURVE('',#3356,#3375,#3383,.T.);
#3383 = CIRCLE('',#3384,0.381000762002);
#3384 = AXIS2_PLACEMENT_3D('',#3385,#3386,#3387);
#3385 = CARTESIAN_POINT('',(6.985013970028,18.883032766066,0.));
#3386 = DIRECTION('',(0.,0.,1.));
#3387 = DIRECTION('',(1.,1.110223024625E-16,-0.));
#3388 = CYLINDRICAL_SURFACE('',#3389,0.381000762002);
#3389 = AXIS2_PLACEMENT_3D('',#3390,#3391,#3392);
#3390 = CARTESIAN_POINT('',(6.985013970028,18.883032766066,0.));
#3391 = DIRECTION('',(-0.,-0.,-1.));
#3392 = DIRECTION('',(1.,1.110223024625E-16,-0.));
#3393 = ADVANCED_FACE('',(#3394),#3412,.F.);
#3394 = FACE_BOUND('',#3395,.T.);
#3395 = EDGE_LOOP('',(#3396,#3397,#3404,#3405));
#3396 = ORIENTED_EDGE('',*,*,#3374,.T.);
#3397 = ORIENTED_EDGE('',*,*,#3398,.T.);
#3398 = EDGE_CURVE('',#3366,#3358,#3399,.T.);
#3399 = CIRCLE('',#3400,0.381000762002);
#3400 = AXIS2_PLACEMENT_3D('',#3401,#3402,#3403);
#3401 = CARTESIAN_POINT('',(6.985013970028,18.883032766066,
    1.600050800102));
#3402 = DIRECTION('',(0.,0.,1.));
#3403 = DIRECTION('',(-1.,-1.110223024625E-16,0.));
#3404 = ORIENTED_EDGE('',*,*,#3355,.F.);
#3405 = ORIENTED_EDGE('',*,*,#3406,.F.);
#3406 = EDGE_CURVE('',#3375,#3356,#3407,.T.);
#3407 = CIRCLE('',#3408,0.381000762002);
#3408 = AXIS2_PLACEMENT_3D('',#3409,#3410,#3411);
#3409 = CARTESIAN_POINT('',(6.985013970028,18.883032766066,0.));
#3410 = DIRECTION('',(0.,0.,1.));
#3411 = DIRECTION('',(-1.,-1.110223024625E-16,0.));
#3412 = CYLINDRICAL_SURFACE('',#3413,0.381000762002);
#3413 = AXIS2_PLACEMENT_3D('',#3414,#3415,#3416);
#3414 = CARTESIAN_POINT('',(6.985013970028,18.883032766066,0.));
#3415 = DIRECTION('',(-0.,-0.,-1.));
#3416 = DIRECTION('',(-1.,-1.110223024625E-16,0.));
#3417 = ADVANCED_FACE('',(#3418),#3454,.F.);
#3418 = FACE_BOUND('',#3419,.T.);
#3419 = EDGE_LOOP('',(#3420,#3430,#3439,#3447));
#3420 = ORIENTED_EDGE('',*,*,#3421,.T.);
#3421 = EDGE_CURVE('',#3422,#3424,#3426,.T.);
#3422 = VERTEX_POINT('',#3423);
#3423 = CARTESIAN_POINT('',(7.366014732029,13.883032766066,0.));
#3424 = VERTEX_POINT('',#3425);
#3425 = CARTESIAN_POINT('',(7.366014732029,13.883032766066,
    1.600050800102));
#3426 = LINE('',#3427,#3428);
#3427 = CARTESIAN_POINT('',(7.366014732029,13.883032766066,0.));
#3428 = VECTOR('',#3429,1.);
#3429 = DIRECTION('',(0.,0.,1.));
#3430 = ORIENTED_EDGE('',*,*,#3431,.T.);
#3431 = EDGE_CURVE('',#3424,#3432,#3434,.T.);
#3432 = VERTEX_POINT('',#3433);
#3433 = CARTESIAN_POINT('',(6.604013208026,13.883032766066,
    1.600050800102));
#3434 = CIRCLE('',#3435,0.381000762002);
#3435 = AXIS2_PLACEMENT_3D('',#3436,#3437,#3438);
#3436 = CARTESIAN_POINT('',(6.985013970028,13.883032766066,
    1.600050800102));
#3437 = DIRECTION('',(0.,0.,1.));
#3438 = DIRECTION('',(1.,1.110223024625E-16,-0.));
#3439 = ORIENTED_EDGE('',*,*,#3440,.F.);
#3440 = EDGE_CURVE('',#3441,#3432,#3443,.T.);
#3441 = VERTEX_POINT('',#3442);
#3442 = CARTESIAN_POINT('',(6.604013208026,13.883032766066,0.));
#3443 = LINE('',#3444,#3445);
#3444 = CARTESIAN_POINT('',(6.604013208026,13.883032766066,0.));
#3445 = VECTOR('',#3446,1.);
#3446 = DIRECTION('',(0.,0.,1.));
#3447 = ORIENTED_EDGE('',*,*,#3448,.F.);
#3448 = EDGE_CURVE('',#3422,#3441,#3449,.T.);
#3449 = CIRCLE('',#3450,0.381000762002);
#3450 = AXIS2_PLACEMENT_3D('',#3451,#3452,#3453);
#3451 = CARTESIAN_POINT('',(6.985013970028,13.883032766066,0.));
#3452 = DIRECTION('',(0.,0.,1.));
#3453 = DIRECTION('',(1.,1.110223024625E-16,-0.));
#3454 = CYLINDRICAL_SURFACE('',#3455,0.381000762002);
#3455 = AXIS2_PLACEMENT_3D('',#3456,#3457,#3458);
#3456 = CARTESIAN_POINT('',(6.985013970028,13.883032766066,0.));
#3457 = DIRECTION('',(-0.,-0.,-1.));
#3458 = DIRECTION('',(1.,1.110223024625E-16,-0.));
#3459 = ADVANCED_FACE('',(#3460),#3478,.F.);
#3460 = FACE_BOUND('',#3461,.T.);
#3461 = EDGE_LOOP('',(#3462,#3463,#3470,#3471));
#3462 = ORIENTED_EDGE('',*,*,#3440,.T.);
#3463 = ORIENTED_EDGE('',*,*,#3464,.T.);
#3464 = EDGE_CURVE('',#3432,#3424,#3465,.T.);
#3465 = CIRCLE('',#3466,0.381000762002);
#3466 = AXIS2_PLACEMENT_3D('',#3467,#3468,#3469);
#3467 = CARTESIAN_POINT('',(6.985013970028,13.883032766066,
    1.600050800102));
#3468 = DIRECTION('',(0.,0.,1.));
#3469 = DIRECTION('',(-1.,-1.110223024625E-16,0.));
#3470 = ORIENTED_EDGE('',*,*,#3421,.F.);
#3471 = ORIENTED_EDGE('',*,*,#3472,.F.);
#3472 = EDGE_CURVE('',#3441,#3422,#3473,.T.);
#3473 = CIRCLE('',#3474,0.381000762002);
#3474 = AXIS2_PLACEMENT_3D('',#3475,#3476,#3477);
#3475 = CARTESIAN_POINT('',(6.985013970028,13.883032766066,0.));
#3476 = DIRECTION('',(0.,0.,1.));
#3477 = DIRECTION('',(-1.,-1.110223024625E-16,0.));
#3478 = CYLINDRICAL_SURFACE('',#3479,0.381000762002);
#3479 = AXIS2_PLACEMENT_3D('',#3480,#3481,#3482);
#3480 = CARTESIAN_POINT('',(6.985013970028,13.883032766066,0.));
#3481 = DIRECTION('',(-0.,-0.,-1.));
#3482 = DIRECTION('',(-1.,-1.110223024625E-16,0.));
#3483 = ADVANCED_FACE('',(#3484),#3520,.F.);
#3484 = FACE_BOUND('',#3485,.T.);
#3485 = EDGE_LOOP('',(#3486,#3496,#3505,#3513));
#3486 = ORIENTED_EDGE('',*,*,#3487,.T.);
#3487 = EDGE_CURVE('',#3488,#3490,#3492,.T.);
#3488 = VERTEX_POINT('',#3489);
#3489 = CARTESIAN_POINT('',(10.125019050038,-19.55803911607,0.));
#3490 = VERTEX_POINT('',#3491);
#3491 = CARTESIAN_POINT('',(10.125019050038,-19.55803911607,
    1.600050800102));
#3492 = LINE('',#3493,#3494);
#3493 = CARTESIAN_POINT('',(10.125019050038,-19.55803911607,0.));
#3494 = VECTOR('',#3495,1.);
#3495 = DIRECTION('',(0.,0.,1.));
#3496 = ORIENTED_EDGE('',*,*,#3497,.T.);
#3497 = EDGE_CURVE('',#3490,#3498,#3500,.T.);
#3498 = VERTEX_POINT('',#3499);
#3499 = CARTESIAN_POINT('',(8.925019050038,-19.55803911607,
    1.600050800102));
#3500 = CIRCLE('',#3501,0.6);
#3501 = AXIS2_PLACEMENT_3D('',#3502,#3503,#3504);
#3502 = CARTESIAN_POINT('',(9.525019050038,-19.55803911607,
    1.600050800102));
#3503 = DIRECTION('',(0.,0.,1.));
#3504 = DIRECTION('',(1.,1.110223024625E-16,-0.));
#3505 = ORIENTED_EDGE('',*,*,#3506,.F.);
#3506 = EDGE_CURVE('',#3507,#3498,#3509,.T.);
#3507 = VERTEX_POINT('',#3508);
#3508 = CARTESIAN_POINT('',(8.925019050038,-19.55803911607,0.));
#3509 = LINE('',#3510,#3511);
#3510 = CARTESIAN_POINT('',(8.925019050038,-19.55803911607,0.));
#3511 = VECTOR('',#3512,1.);
#3512 = DIRECTION('',(0.,0.,1.));
#3513 = ORIENTED_EDGE('',*,*,#3514,.F.);
#3514 = EDGE_CURVE('',#3488,#3507,#3515,.T.);
#3515 = CIRCLE('',#3516,0.6);
#3516 = AXIS2_PLACEMENT_3D('',#3517,#3518,#3519);
#3517 = CARTESIAN_POINT('',(9.525019050038,-19.55803911607,0.));
#3518 = DIRECTION('',(0.,0.,1.));
#3519 = DIRECTION('',(1.,1.110223024625E-16,-0.));
#3520 = CYLINDRICAL_SURFACE('',#3521,0.6);
#3521 = AXIS2_PLACEMENT_3D('',#3522,#3523,#3524);
#3522 = CARTESIAN_POINT('',(9.525019050038,-19.55803911607,0.));
#3523 = DIRECTION('',(-0.,-0.,-1.));
#3524 = DIRECTION('',(1.,1.110223024625E-16,-0.));
#3525 = ADVANCED_FACE('',(#3526),#3544,.F.);
#3526 = FACE_BOUND('',#3527,.T.);
#3527 = EDGE_LOOP('',(#3528,#3529,#3536,#3537));
#3528 = ORIENTED_EDGE('',*,*,#3506,.T.);
#3529 = ORIENTED_EDGE('',*,*,#3530,.T.);
#3530 = EDGE_CURVE('',#3498,#3490,#3531,.T.);
#3531 = CIRCLE('',#3532,0.6);
#3532 = AXIS2_PLACEMENT_3D('',#3533,#3534,#3535);
#3533 = CARTESIAN_POINT('',(9.525019050038,-19.55803911607,
    1.600050800102));
#3534 = DIRECTION('',(0.,0.,1.));
#3535 = DIRECTION('',(-1.,-1.110223024625E-16,0.));
#3536 = ORIENTED_EDGE('',*,*,#3487,.F.);
#3537 = ORIENTED_EDGE('',*,*,#3538,.F.);
#3538 = EDGE_CURVE('',#3507,#3488,#3539,.T.);
#3539 = CIRCLE('',#3540,0.6);
#3540 = AXIS2_PLACEMENT_3D('',#3541,#3542,#3543);
#3541 = CARTESIAN_POINT('',(9.525019050038,-19.55803911607,0.));
#3542 = DIRECTION('',(0.,0.,1.));
#3543 = DIRECTION('',(-1.,-1.110223024625E-16,0.));
#3544 = CYLINDRICAL_SURFACE('',#3545,0.6);
#3545 = AXIS2_PLACEMENT_3D('',#3546,#3547,#3548);
#3546 = CARTESIAN_POINT('',(9.525019050038,-19.55803911607,0.));
#3547 = DIRECTION('',(-0.,-0.,-1.));
#3548 = DIRECTION('',(-1.,-1.110223024625E-16,0.));
#3549 = ADVANCED_FACE('',(#3550),#3586,.F.);
#3550 = FACE_BOUND('',#3551,.T.);
#3551 = EDGE_LOOP('',(#3552,#3562,#3571,#3579));
#3552 = ORIENTED_EDGE('',*,*,#3553,.T.);
#3553 = EDGE_CURVE('',#3554,#3556,#3558,.T.);
#3554 = VERTEX_POINT('',#3555);
#3555 = CARTESIAN_POINT('',(9.801338582677,-3.973347726695,0.));
#3556 = VERTEX_POINT('',#3557);
#3557 = CARTESIAN_POINT('',(9.801338582677,-3.973347726695,
    1.600050800102));
#3558 = LINE('',#3559,#3560);
#3559 = CARTESIAN_POINT('',(9.801338582677,-3.973347726695,0.));
#3560 = VECTOR('',#3561,1.);
#3561 = DIRECTION('',(0.,0.,1.));
#3562 = ORIENTED_EDGE('',*,*,#3563,.T.);
#3563 = EDGE_CURVE('',#3556,#3564,#3566,.T.);
#3564 = VERTEX_POINT('',#3565);
#3565 = CARTESIAN_POINT('',(9.001338582677,-3.973347726695,
    1.600050800102));
#3566 = CIRCLE('',#3567,0.4);
#3567 = AXIS2_PLACEMENT_3D('',#3568,#3569,#3570);
#3568 = CARTESIAN_POINT('',(9.401338582677,-3.973347726695,
    1.600050800102));
#3569 = DIRECTION('',(0.,0.,1.));
#3570 = DIRECTION('',(1.,1.110223024625E-16,-0.));
#3571 = ORIENTED_EDGE('',*,*,#3572,.F.);
#3572 = EDGE_CURVE('',#3573,#3564,#3575,.T.);
#3573 = VERTEX_POINT('',#3574);
#3574 = CARTESIAN_POINT('',(9.001338582677,-3.973347726695,0.));
#3575 = LINE('',#3576,#3577);
#3576 = CARTESIAN_POINT('',(9.001338582677,-3.973347726695,0.));
#3577 = VECTOR('',#3578,1.);
#3578 = DIRECTION('',(0.,0.,1.));
#3579 = ORIENTED_EDGE('',*,*,#3580,.F.);
#3580 = EDGE_CURVE('',#3554,#3573,#3581,.T.);
#3581 = CIRCLE('',#3582,0.4);
#3582 = AXIS2_PLACEMENT_3D('',#3583,#3584,#3585);
#3583 = CARTESIAN_POINT('',(9.401338582677,-3.973347726695,0.));
#3584 = DIRECTION('',(0.,0.,1.));
#3585 = DIRECTION('',(1.,1.110223024625E-16,-0.));
#3586 = CYLINDRICAL_SURFACE('',#3587,0.4);
#3587 = AXIS2_PLACEMENT_3D('',#3588,#3589,#3590);
#3588 = CARTESIAN_POINT('',(9.401338582677,-3.973347726695,0.));
#3589 = DIRECTION('',(-0.,-0.,-1.));
#3590 = DIRECTION('',(1.,1.110223024625E-16,-0.));
#3591 = ADVANCED_FACE('',(#3592),#3610,.F.);
#3592 = FACE_BOUND('',#3593,.T.);
#3593 = EDGE_LOOP('',(#3594,#3595,#3602,#3603));
#3594 = ORIENTED_EDGE('',*,*,#3572,.T.);
#3595 = ORIENTED_EDGE('',*,*,#3596,.T.);
#3596 = EDGE_CURVE('',#3564,#3556,#3597,.T.);
#3597 = CIRCLE('',#3598,0.4);
#3598 = AXIS2_PLACEMENT_3D('',#3599,#3600,#3601);
#3599 = CARTESIAN_POINT('',(9.401338582677,-3.973347726695,
    1.600050800102));
#3600 = DIRECTION('',(0.,0.,1.));
#3601 = DIRECTION('',(-1.,-1.110223024625E-16,0.));
#3602 = ORIENTED_EDGE('',*,*,#3553,.F.);
#3603 = ORIENTED_EDGE('',*,*,#3604,.F.);
#3604 = EDGE_CURVE('',#3573,#3554,#3605,.T.);
#3605 = CIRCLE('',#3606,0.4);
#3606 = AXIS2_PLACEMENT_3D('',#3607,#3608,#3609);
#3607 = CARTESIAN_POINT('',(9.401338582677,-3.973347726695,0.));
#3608 = DIRECTION('',(0.,0.,1.));
#3609 = DIRECTION('',(-1.,-1.110223024625E-16,0.));
#3610 = CYLINDRICAL_SURFACE('',#3611,0.4);
#3611 = AXIS2_PLACEMENT_3D('',#3612,#3613,#3614);
#3612 = CARTESIAN_POINT('',(9.401338582677,-3.973347726695,0.));
#3613 = DIRECTION('',(-0.,-0.,-1.));
#3614 = DIRECTION('',(-1.,-1.110223024625E-16,0.));
#3615 = ADVANCED_FACE('',(#3616),#3652,.F.);
#3616 = FACE_BOUND('',#3617,.T.);
#3617 = EDGE_LOOP('',(#3618,#3628,#3637,#3645));
#3618 = ORIENTED_EDGE('',*,*,#3619,.T.);
#3619 = EDGE_CURVE('',#3620,#3622,#3624,.T.);
#3620 = VERTEX_POINT('',#3621);
#3621 = CARTESIAN_POINT('',(9.801338582677,3.966657353315,0.));
#3622 = VERTEX_POINT('',#3623);
#3623 = CARTESIAN_POINT('',(9.801338582677,3.966657353315,1.600050800102
    ));
#3624 = LINE('',#3625,#3626);
#3625 = CARTESIAN_POINT('',(9.801338582677,3.966657353315,0.));
#3626 = VECTOR('',#3627,1.);
#3627 = DIRECTION('',(0.,0.,1.));
#3628 = ORIENTED_EDGE('',*,*,#3629,.T.);
#3629 = EDGE_CURVE('',#3622,#3630,#3632,.T.);
#3630 = VERTEX_POINT('',#3631);
#3631 = CARTESIAN_POINT('',(9.001338582677,3.966657353315,1.600050800102
    ));
#3632 = CIRCLE('',#3633,0.4);
#3633 = AXIS2_PLACEMENT_3D('',#3634,#3635,#3636);
#3634 = CARTESIAN_POINT('',(9.401338582677,3.966657353315,1.600050800102
    ));
#3635 = DIRECTION('',(0.,0.,1.));
#3636 = DIRECTION('',(1.,1.110223024625E-16,-0.));
#3637 = ORIENTED_EDGE('',*,*,#3638,.F.);
#3638 = EDGE_CURVE('',#3639,#3630,#3641,.T.);
#3639 = VERTEX_POINT('',#3640);
#3640 = CARTESIAN_POINT('',(9.001338582677,3.966657353315,0.));
#3641 = LINE('',#3642,#3643);
#3642 = CARTESIAN_POINT('',(9.001338582677,3.966657353315,0.));
#3643 = VECTOR('',#3644,1.);
#3644 = DIRECTION('',(0.,0.,1.));
#3645 = ORIENTED_EDGE('',*,*,#3646,.F.);
#3646 = EDGE_CURVE('',#3620,#3639,#3647,.T.);
#3647 = CIRCLE('',#3648,0.4);
#3648 = AXIS2_PLACEMENT_3D('',#3649,#3650,#3651);
#3649 = CARTESIAN_POINT('',(9.401338582677,3.966657353315,0.));
#3650 = DIRECTION('',(0.,0.,1.));
#3651 = DIRECTION('',(1.,1.110223024625E-16,-0.));
#3652 = CYLINDRICAL_SURFACE('',#3653,0.4);
#3653 = AXIS2_PLACEMENT_3D('',#3654,#3655,#3656);
#3654 = CARTESIAN_POINT('',(9.401338582677,3.966657353315,0.));
#3655 = DIRECTION('',(-0.,-0.,-1.));
#3656 = DIRECTION('',(1.,1.110223024625E-16,-0.));
#3657 = ADVANCED_FACE('',(#3658),#3676,.F.);
#3658 = FACE_BOUND('',#3659,.T.);
#3659 = EDGE_LOOP('',(#3660,#3661,#3668,#3669));
#3660 = ORIENTED_EDGE('',*,*,#3638,.T.);
#3661 = ORIENTED_EDGE('',*,*,#3662,.T.);
#3662 = EDGE_CURVE('',#3630,#3622,#3663,.T.);
#3663 = CIRCLE('',#3664,0.4);
#3664 = AXIS2_PLACEMENT_3D('',#3665,#3666,#3667);
#3665 = CARTESIAN_POINT('',(9.401338582677,3.966657353315,1.600050800102
    ));
#3666 = DIRECTION('',(0.,0.,1.));
#3667 = DIRECTION('',(-1.,-1.110223024625E-16,0.));
#3668 = ORIENTED_EDGE('',*,*,#3619,.F.);
#3669 = ORIENTED_EDGE('',*,*,#3670,.F.);
#3670 = EDGE_CURVE('',#3639,#3620,#3671,.T.);
#3671 = CIRCLE('',#3672,0.4);
#3672 = AXIS2_PLACEMENT_3D('',#3673,#3674,#3675);
#3673 = CARTESIAN_POINT('',(9.401338582677,3.966657353315,0.));
#3674 = DIRECTION('',(0.,0.,1.));
#3675 = DIRECTION('',(-1.,-1.110223024625E-16,0.));
#3676 = CYLINDRICAL_SURFACE('',#3677,0.4);
#3677 = AXIS2_PLACEMENT_3D('',#3678,#3679,#3680);
#3678 = CARTESIAN_POINT('',(9.401338582677,3.966657353315,0.));
#3679 = DIRECTION('',(-0.,-0.,-1.));
#3680 = DIRECTION('',(-1.,-1.110223024625E-16,0.));
#3681 = ADVANCED_FACE('',(#3682),#3718,.F.);
#3682 = FACE_BOUND('',#3683,.T.);
#3683 = EDGE_LOOP('',(#3684,#3694,#3703,#3711));
#3684 = ORIENTED_EDGE('',*,*,#3685,.T.);
#3685 = EDGE_CURVE('',#3686,#3688,#3690,.T.);
#3686 = VERTEX_POINT('',#3687);
#3687 = CARTESIAN_POINT('',(11.676022352045,38.481076962154,0.));
#3688 = VERTEX_POINT('',#3689);
#3689 = CARTESIAN_POINT('',(11.676022352045,38.481076962154,
    1.600050800102));
#3690 = LINE('',#3691,#3692);
#3691 = CARTESIAN_POINT('',(11.676022352045,38.481076962154,0.));
#3692 = VECTOR('',#3693,1.);
#3693 = DIRECTION('',(0.,0.,1.));
#3694 = ORIENTED_EDGE('',*,*,#3695,.T.);
#3695 = EDGE_CURVE('',#3688,#3696,#3698,.T.);
#3696 = VERTEX_POINT('',#3697);
#3697 = CARTESIAN_POINT('',(10.676022352045,38.481076962154,
    1.600050800102));
#3698 = CIRCLE('',#3699,0.5);
#3699 = AXIS2_PLACEMENT_3D('',#3700,#3701,#3702);
#3700 = CARTESIAN_POINT('',(11.176022352045,38.481076962154,
    1.600050800102));
#3701 = DIRECTION('',(0.,0.,1.));
#3702 = DIRECTION('',(1.,1.110223024625E-16,-0.));
#3703 = ORIENTED_EDGE('',*,*,#3704,.F.);
#3704 = EDGE_CURVE('',#3705,#3696,#3707,.T.);
#3705 = VERTEX_POINT('',#3706);
#3706 = CARTESIAN_POINT('',(10.676022352045,38.481076962154,0.));
#3707 = LINE('',#3708,#3709);
#3708 = CARTESIAN_POINT('',(10.676022352045,38.481076962154,0.));
#3709 = VECTOR('',#3710,1.);
#3710 = DIRECTION('',(0.,0.,1.));
#3711 = ORIENTED_EDGE('',*,*,#3712,.F.);
#3712 = EDGE_CURVE('',#3686,#3705,#3713,.T.);
#3713 = CIRCLE('',#3714,0.5);
#3714 = AXIS2_PLACEMENT_3D('',#3715,#3716,#3717);
#3715 = CARTESIAN_POINT('',(11.176022352045,38.481076962154,0.));
#3716 = DIRECTION('',(0.,0.,1.));
#3717 = DIRECTION('',(1.,1.110223024625E-16,-0.));
#3718 = CYLINDRICAL_SURFACE('',#3719,0.5);
#3719 = AXIS2_PLACEMENT_3D('',#3720,#3721,#3722);
#3720 = CARTESIAN_POINT('',(11.176022352045,38.481076962154,0.));
#3721 = DIRECTION('',(-0.,-0.,-1.));
#3722 = DIRECTION('',(1.,1.110223024625E-16,-0.));
#3723 = ADVANCED_FACE('',(#3724),#3742,.F.);
#3724 = FACE_BOUND('',#3725,.T.);
#3725 = EDGE_LOOP('',(#3726,#3727,#3734,#3735));
#3726 = ORIENTED_EDGE('',*,*,#3704,.T.);
#3727 = ORIENTED_EDGE('',*,*,#3728,.T.);
#3728 = EDGE_CURVE('',#3696,#3688,#3729,.T.);
#3729 = CIRCLE('',#3730,0.5);
#3730 = AXIS2_PLACEMENT_3D('',#3731,#3732,#3733);
#3731 = CARTESIAN_POINT('',(11.176022352045,38.481076962154,
    1.600050800102));
#3732 = DIRECTION('',(0.,0.,1.));
#3733 = DIRECTION('',(-1.,-1.110223024625E-16,0.));
#3734 = ORIENTED_EDGE('',*,*,#3685,.F.);
#3735 = ORIENTED_EDGE('',*,*,#3736,.F.);
#3736 = EDGE_CURVE('',#3705,#3686,#3737,.T.);
#3737 = CIRCLE('',#3738,0.5);
#3738 = AXIS2_PLACEMENT_3D('',#3739,#3740,#3741);
#3739 = CARTESIAN_POINT('',(11.176022352045,38.481076962154,0.));
#3740 = DIRECTION('',(0.,0.,1.));
#3741 = DIRECTION('',(-1.,-1.110223024625E-16,0.));
#3742 = CYLINDRICAL_SURFACE('',#3743,0.5);
#3743 = AXIS2_PLACEMENT_3D('',#3744,#3745,#3746);
#3744 = CARTESIAN_POINT('',(11.176022352045,38.481076962154,0.));
#3745 = DIRECTION('',(-0.,-0.,-1.));
#3746 = DIRECTION('',(-1.,-1.110223024625E-16,0.));
#3747 = ADVANCED_FACE('',(#3748),#3784,.F.);
#3748 = FACE_BOUND('',#3749,.T.);
#3749 = EDGE_LOOP('',(#3750,#3760,#3769,#3777));
#3750 = ORIENTED_EDGE('',*,*,#3751,.T.);
#3751 = EDGE_CURVE('',#3752,#3754,#3756,.T.);
#3752 = VERTEX_POINT('',#3753);
#3753 = CARTESIAN_POINT('',(14.216027432055,-40.25908051816,0.));
#3754 = VERTEX_POINT('',#3755);
#3755 = CARTESIAN_POINT('',(14.216027432055,-40.25908051816,
    1.600050800102));
#3756 = LINE('',#3757,#3758);
#3757 = CARTESIAN_POINT('',(14.216027432055,-40.25908051816,0.));
#3758 = VECTOR('',#3759,1.);
#3759 = DIRECTION('',(0.,0.,1.));
#3760 = ORIENTED_EDGE('',*,*,#3761,.T.);
#3761 = EDGE_CURVE('',#3754,#3762,#3764,.T.);
#3762 = VERTEX_POINT('',#3763);
#3763 = CARTESIAN_POINT('',(13.216027432055,-40.25908051816,
    1.600050800102));
#3764 = CIRCLE('',#3765,0.5);
#3765 = AXIS2_PLACEMENT_3D('',#3766,#3767,#3768);
#3766 = CARTESIAN_POINT('',(13.716027432055,-40.25908051816,
    1.600050800102));
#3767 = DIRECTION('',(0.,0.,1.));
#3768 = DIRECTION('',(1.,1.110223024625E-16,-0.));
#3769 = ORIENTED_EDGE('',*,*,#3770,.F.);
#3770 = EDGE_CURVE('',#3771,#3762,#3773,.T.);
#3771 = VERTEX_POINT('',#3772);
#3772 = CARTESIAN_POINT('',(13.216027432055,-40.25908051816,0.));
#3773 = LINE('',#3774,#3775);
#3774 = CARTESIAN_POINT('',(13.216027432055,-40.25908051816,0.));
#3775 = VECTOR('',#3776,1.);
#3776 = DIRECTION('',(0.,0.,1.));
#3777 = ORIENTED_EDGE('',*,*,#3778,.F.);
#3778 = EDGE_CURVE('',#3752,#3771,#3779,.T.);
#3779 = CIRCLE('',#3780,0.5);
#3780 = AXIS2_PLACEMENT_3D('',#3781,#3782,#3783);
#3781 = CARTESIAN_POINT('',(13.716027432055,-40.25908051816,0.));
#3782 = DIRECTION('',(0.,0.,1.));
#3783 = DIRECTION('',(1.,1.110223024625E-16,-0.));
#3784 = CYLINDRICAL_SURFACE('',#3785,0.5);
#3785 = AXIS2_PLACEMENT_3D('',#3786,#3787,#3788);
#3786 = CARTESIAN_POINT('',(13.716027432055,-40.25908051816,0.));
#3787 = DIRECTION('',(-0.,-0.,-1.));
#3788 = DIRECTION('',(1.,1.110223024625E-16,-0.));
#3789 = ADVANCED_FACE('',(#3790),#3808,.F.);
#3790 = FACE_BOUND('',#3791,.T.);
#3791 = EDGE_LOOP('',(#3792,#3793,#3800,#3801));
#3792 = ORIENTED_EDGE('',*,*,#3770,.T.);
#3793 = ORIENTED_EDGE('',*,*,#3794,.T.);
#3794 = EDGE_CURVE('',#3762,#3754,#3795,.T.);
#3795 = CIRCLE('',#3796,0.5);
#3796 = AXIS2_PLACEMENT_3D('',#3797,#3798,#3799);
#3797 = CARTESIAN_POINT('',(13.716027432055,-40.25908051816,
    1.600050800102));
#3798 = DIRECTION('',(0.,0.,1.));
#3799 = DIRECTION('',(-1.,-1.110223024625E-16,0.));
#3800 = ORIENTED_EDGE('',*,*,#3751,.F.);
#3801 = ORIENTED_EDGE('',*,*,#3802,.F.);
#3802 = EDGE_CURVE('',#3771,#3752,#3803,.T.);
#3803 = CIRCLE('',#3804,0.5);
#3804 = AXIS2_PLACEMENT_3D('',#3805,#3806,#3807);
#3805 = CARTESIAN_POINT('',(13.716027432055,-40.25908051816,0.));
#3806 = DIRECTION('',(0.,0.,1.));
#3807 = DIRECTION('',(-1.,-1.110223024625E-16,0.));
#3808 = CYLINDRICAL_SURFACE('',#3809,0.5);
#3809 = AXIS2_PLACEMENT_3D('',#3810,#3811,#3812);
#3810 = CARTESIAN_POINT('',(13.716027432055,-40.25908051816,0.));
#3811 = DIRECTION('',(-0.,-0.,-1.));
#3812 = DIRECTION('',(-1.,-1.110223024625E-16,0.));
#3813 = ADVANCED_FACE('',(#3814),#3850,.F.);
#3814 = FACE_BOUND('',#3815,.T.);
#3815 = EDGE_LOOP('',(#3816,#3826,#3835,#3843));
#3816 = ORIENTED_EDGE('',*,*,#3817,.T.);
#3817 = EDGE_CURVE('',#3818,#3820,#3822,.T.);
#3818 = VERTEX_POINT('',#3819);
#3819 = CARTESIAN_POINT('',(14.216027432055,-37.71907543815,0.));
#3820 = VERTEX_POINT('',#3821);
#3821 = CARTESIAN_POINT('',(14.216027432055,-37.71907543815,
    1.600050800102));
#3822 = LINE('',#3823,#3824);
#3823 = CARTESIAN_POINT('',(14.216027432055,-37.71907543815,0.));
#3824 = VECTOR('',#3825,1.);
#3825 = DIRECTION('',(0.,0.,1.));
#3826 = ORIENTED_EDGE('',*,*,#3827,.T.);
#3827 = EDGE_CURVE('',#3820,#3828,#3830,.T.);
#3828 = VERTEX_POINT('',#3829);
#3829 = CARTESIAN_POINT('',(13.216027432055,-37.71907543815,
    1.600050800102));
#3830 = CIRCLE('',#3831,0.5);
#3831 = AXIS2_PLACEMENT_3D('',#3832,#3833,#3834);
#3832 = CARTESIAN_POINT('',(13.716027432055,-37.71907543815,
    1.600050800102));
#3833 = DIRECTION('',(0.,0.,1.));
#3834 = DIRECTION('',(1.,1.110223024625E-16,-0.));
#3835 = ORIENTED_EDGE('',*,*,#3836,.F.);
#3836 = EDGE_CURVE('',#3837,#3828,#3839,.T.);
#3837 = VERTEX_POINT('',#3838);
#3838 = CARTESIAN_POINT('',(13.216027432055,-37.71907543815,0.));
#3839 = LINE('',#3840,#3841);
#3840 = CARTESIAN_POINT('',(13.216027432055,-37.71907543815,0.));
#3841 = VECTOR('',#3842,1.);
#3842 = DIRECTION('',(0.,0.,1.));
#3843 = ORIENTED_EDGE('',*,*,#3844,.F.);
#3844 = EDGE_CURVE('',#3818,#3837,#3845,.T.);
#3845 = CIRCLE('',#3846,0.5);
#3846 = AXIS2_PLACEMENT_3D('',#3847,#3848,#3849);
#3847 = CARTESIAN_POINT('',(13.716027432055,-37.71907543815,0.));
#3848 = DIRECTION('',(0.,0.,1.));
#3849 = DIRECTION('',(1.,1.110223024625E-16,-0.));
#3850 = CYLINDRICAL_SURFACE('',#3851,0.5);
#3851 = AXIS2_PLACEMENT_3D('',#3852,#3853,#3854);
#3852 = CARTESIAN_POINT('',(13.716027432055,-37.71907543815,0.));
#3853 = DIRECTION('',(-0.,-0.,-1.));
#3854 = DIRECTION('',(1.,1.110223024625E-16,-0.));
#3855 = ADVANCED_FACE('',(#3856),#3874,.F.);
#3856 = FACE_BOUND('',#3857,.T.);
#3857 = EDGE_LOOP('',(#3858,#3859,#3866,#3867));
#3858 = ORIENTED_EDGE('',*,*,#3836,.T.);
#3859 = ORIENTED_EDGE('',*,*,#3860,.T.);
#3860 = EDGE_CURVE('',#3828,#3820,#3861,.T.);
#3861 = CIRCLE('',#3862,0.5);
#3862 = AXIS2_PLACEMENT_3D('',#3863,#3864,#3865);
#3863 = CARTESIAN_POINT('',(13.716027432055,-37.71907543815,
    1.600050800102));
#3864 = DIRECTION('',(0.,0.,1.));
#3865 = DIRECTION('',(-1.,-1.110223024625E-16,0.));
#3866 = ORIENTED_EDGE('',*,*,#3817,.F.);
#3867 = ORIENTED_EDGE('',*,*,#3868,.F.);
#3868 = EDGE_CURVE('',#3837,#3818,#3869,.T.);
#3869 = CIRCLE('',#3870,0.5);
#3870 = AXIS2_PLACEMENT_3D('',#3871,#3872,#3873);
#3871 = CARTESIAN_POINT('',(13.716027432055,-37.71907543815,0.));
#3872 = DIRECTION('',(0.,0.,1.));
#3873 = DIRECTION('',(-1.,-1.110223024625E-16,0.));
#3874 = CYLINDRICAL_SURFACE('',#3875,0.5);
#3875 = AXIS2_PLACEMENT_3D('',#3876,#3877,#3878);
#3876 = CARTESIAN_POINT('',(13.716027432055,-37.71907543815,0.));
#3877 = DIRECTION('',(-0.,-0.,-1.));
#3878 = DIRECTION('',(-1.,-1.110223024625E-16,0.));
#3879 = ADVANCED_FACE('',(#3880),#3916,.F.);
#3880 = FACE_BOUND('',#3881,.T.);
#3881 = EDGE_LOOP('',(#3882,#3892,#3901,#3909));
#3882 = ORIENTED_EDGE('',*,*,#3883,.T.);
#3883 = EDGE_CURVE('',#3884,#3886,#3888,.T.);
#3884 = VERTEX_POINT('',#3885);
#3885 = CARTESIAN_POINT('',(14.216027432055,38.481076962154,0.));
#3886 = VERTEX_POINT('',#3887);
#3887 = CARTESIAN_POINT('',(14.216027432055,38.481076962154,
    1.600050800102));
#3888 = LINE('',#3889,#3890);
#3889 = CARTESIAN_POINT('',(14.216027432055,38.481076962154,0.));
#3890 = VECTOR('',#3891,1.);
#3891 = DIRECTION('',(0.,0.,1.));
#3892 = ORIENTED_EDGE('',*,*,#3893,.T.);
#3893 = EDGE_CURVE('',#3886,#3894,#3896,.T.);
#3894 = VERTEX_POINT('',#3895);
#3895 = CARTESIAN_POINT('',(13.216027432055,38.481076962154,
    1.600050800102));
#3896 = CIRCLE('',#3897,0.5);
#3897 = AXIS2_PLACEMENT_3D('',#3898,#3899,#3900);
#3898 = CARTESIAN_POINT('',(13.716027432055,38.481076962154,
    1.600050800102));
#3899 = DIRECTION('',(0.,0.,1.));
#3900 = DIRECTION('',(1.,1.110223024625E-16,-0.));
#3901 = ORIENTED_EDGE('',*,*,#3902,.F.);
#3902 = EDGE_CURVE('',#3903,#3894,#3905,.T.);
#3903 = VERTEX_POINT('',#3904);
#3904 = CARTESIAN_POINT('',(13.216027432055,38.481076962154,0.));
#3905 = LINE('',#3906,#3907);
#3906 = CARTESIAN_POINT('',(13.216027432055,38.481076962154,0.));
#3907 = VECTOR('',#3908,1.);
#3908 = DIRECTION('',(0.,0.,1.));
#3909 = ORIENTED_EDGE('',*,*,#3910,.F.);
#3910 = EDGE_CURVE('',#3884,#3903,#3911,.T.);
#3911 = CIRCLE('',#3912,0.5);
#3912 = AXIS2_PLACEMENT_3D('',#3913,#3914,#3915);
#3913 = CARTESIAN_POINT('',(13.716027432055,38.481076962154,0.));
#3914 = DIRECTION('',(0.,0.,1.));
#3915 = DIRECTION('',(1.,1.110223024625E-16,-0.));
#3916 = CYLINDRICAL_SURFACE('',#3917,0.5);
#3917 = AXIS2_PLACEMENT_3D('',#3918,#3919,#3920);
#3918 = CARTESIAN_POINT('',(13.716027432055,38.481076962154,0.));
#3919 = DIRECTION('',(-0.,-0.,-1.));
#3920 = DIRECTION('',(1.,1.110223024625E-16,-0.));
#3921 = ADVANCED_FACE('',(#3922),#3940,.F.);
#3922 = FACE_BOUND('',#3923,.T.);
#3923 = EDGE_LOOP('',(#3924,#3925,#3932,#3933));
#3924 = ORIENTED_EDGE('',*,*,#3902,.T.);
#3925 = ORIENTED_EDGE('',*,*,#3926,.T.);
#3926 = EDGE_CURVE('',#3894,#3886,#3927,.T.);
#3927 = CIRCLE('',#3928,0.5);
#3928 = AXIS2_PLACEMENT_3D('',#3929,#3930,#3931);
#3929 = CARTESIAN_POINT('',(13.716027432055,38.481076962154,
    1.600050800102));
#3930 = DIRECTION('',(0.,0.,1.));
#3931 = DIRECTION('',(-1.,-1.110223024625E-16,0.));
#3932 = ORIENTED_EDGE('',*,*,#3883,.F.);
#3933 = ORIENTED_EDGE('',*,*,#3934,.F.);
#3934 = EDGE_CURVE('',#3903,#3884,#3935,.T.);
#3935 = CIRCLE('',#3936,0.5);
#3936 = AXIS2_PLACEMENT_3D('',#3937,#3938,#3939);
#3937 = CARTESIAN_POINT('',(13.716027432055,38.481076962154,0.));
#3938 = DIRECTION('',(0.,0.,1.));
#3939 = DIRECTION('',(-1.,-1.110223024625E-16,0.));
#3940 = CYLINDRICAL_SURFACE('',#3941,0.5);
#3941 = AXIS2_PLACEMENT_3D('',#3942,#3943,#3944);
#3942 = CARTESIAN_POINT('',(13.716027432055,38.481076962154,0.));
#3943 = DIRECTION('',(-0.,-0.,-1.));
#3944 = DIRECTION('',(-1.,-1.110223024625E-16,0.));
#3945 = ADVANCED_FACE('',(#3946),#3982,.F.);
#3946 = FACE_BOUND('',#3947,.T.);
#3947 = EDGE_LOOP('',(#3948,#3958,#3967,#3975));
#3948 = ORIENTED_EDGE('',*,*,#3949,.T.);
#3949 = EDGE_CURVE('',#3950,#3952,#3954,.T.);
#3950 = VERTEX_POINT('',#3951);
#3951 = CARTESIAN_POINT('',(13.741526543053,-5.969011938024,0.));
#3952 = VERTEX_POINT('',#3953);
#3953 = CARTESIAN_POINT('',(13.741526543053,-5.969011938024,
    1.600050800102));
#3954 = LINE('',#3955,#3956);
#3955 = CARTESIAN_POINT('',(13.741526543053,-5.969011938024,0.));
#3956 = VECTOR('',#3957,1.);
#3957 = DIRECTION('',(0.,0.,1.));
#3958 = ORIENTED_EDGE('',*,*,#3959,.T.);
#3959 = EDGE_CURVE('',#3952,#3960,#3962,.T.);
#3960 = VERTEX_POINT('',#3961);
#3961 = CARTESIAN_POINT('',(13.436527813056,-5.969011938024,
    1.600050800102));
#3962 = CIRCLE('',#3963,0.152499364999);
#3963 = AXIS2_PLACEMENT_3D('',#3964,#3965,#3966);
#3964 = CARTESIAN_POINT('',(13.589027178054,-5.969011938024,
    1.600050800102));
#3965 = DIRECTION('',(0.,0.,1.));
#3966 = DIRECTION('',(1.,1.110223024625E-16,-0.));
#3967 = ORIENTED_EDGE('',*,*,#3968,.F.);
#3968 = EDGE_CURVE('',#3969,#3960,#3971,.T.);
#3969 = VERTEX_POINT('',#3970);
#3970 = CARTESIAN_POINT('',(13.436527813056,-5.969011938024,0.));
#3971 = LINE('',#3972,#3973);
#3972 = CARTESIAN_POINT('',(13.436527813056,-5.969011938024,0.));
#3973 = VECTOR('',#3974,1.);
#3974 = DIRECTION('',(0.,0.,1.));
#3975 = ORIENTED_EDGE('',*,*,#3976,.F.);
#3976 = EDGE_CURVE('',#3950,#3969,#3977,.T.);
#3977 = CIRCLE('',#3978,0.152499364999);
#3978 = AXIS2_PLACEMENT_3D('',#3979,#3980,#3981);
#3979 = CARTESIAN_POINT('',(13.589027178054,-5.969011938024,0.));
#3980 = DIRECTION('',(0.,0.,1.));
#3981 = DIRECTION('',(1.,1.110223024625E-16,-0.));
#3982 = CYLINDRICAL_SURFACE('',#3983,0.152499364999);
#3983 = AXIS2_PLACEMENT_3D('',#3984,#3985,#3986);
#3984 = CARTESIAN_POINT('',(13.589027178054,-5.969011938024,0.));
#3985 = DIRECTION('',(-0.,-0.,-1.));
#3986 = DIRECTION('',(1.,1.110223024625E-16,-0.));
#3987 = ADVANCED_FACE('',(#3988),#4006,.F.);
#3988 = FACE_BOUND('',#3989,.T.);
#3989 = EDGE_LOOP('',(#3990,#3991,#3998,#3999));
#3990 = ORIENTED_EDGE('',*,*,#3968,.T.);
#3991 = ORIENTED_EDGE('',*,*,#3992,.T.);
#3992 = EDGE_CURVE('',#3960,#3952,#3993,.T.);
#3993 = CIRCLE('',#3994,0.152499364999);
#3994 = AXIS2_PLACEMENT_3D('',#3995,#3996,#3997);
#3995 = CARTESIAN_POINT('',(13.589027178054,-5.969011938024,
    1.600050800102));
#3996 = DIRECTION('',(0.,0.,1.));
#3997 = DIRECTION('',(-1.,-1.110223024625E-16,0.));
#3998 = ORIENTED_EDGE('',*,*,#3949,.F.);
#3999 = ORIENTED_EDGE('',*,*,#4000,.F.);
#4000 = EDGE_CURVE('',#3969,#3950,#4001,.T.);
#4001 = CIRCLE('',#4002,0.152499364999);
#4002 = AXIS2_PLACEMENT_3D('',#4003,#4004,#4005);
#4003 = CARTESIAN_POINT('',(13.589027178054,-5.969011938024,0.));
#4004 = DIRECTION('',(0.,0.,1.));
#4005 = DIRECTION('',(-1.,-1.110223024625E-16,0.));
#4006 = CYLINDRICAL_SURFACE('',#4007,0.152499364999);
#4007 = AXIS2_PLACEMENT_3D('',#4008,#4009,#4010);
#4008 = CARTESIAN_POINT('',(13.589027178054,-5.969011938024,0.));
#4009 = DIRECTION('',(-0.,-0.,-1.));
#4010 = DIRECTION('',(-1.,-1.110223024625E-16,0.));
#4011 = ADVANCED_FACE('',(#4012),#4048,.F.);
#4012 = FACE_BOUND('',#4013,.T.);
#4013 = EDGE_LOOP('',(#4014,#4024,#4033,#4041));
#4014 = ORIENTED_EDGE('',*,*,#4015,.T.);
#4015 = EDGE_CURVE('',#4016,#4018,#4020,.T.);
#4016 = VERTEX_POINT('',#4017);
#4017 = CARTESIAN_POINT('',(15.646530353061,-18.54203708407,0.));
#4018 = VERTEX_POINT('',#4019);
#4019 = CARTESIAN_POINT('',(15.646530353061,-18.54203708407,
    1.600050800102));
#4020 = LINE('',#4021,#4022);
#4021 = CARTESIAN_POINT('',(15.646530353061,-18.54203708407,0.));
#4022 = VECTOR('',#4023,1.);
#4023 = DIRECTION('',(0.,0.,1.));
#4024 = ORIENTED_EDGE('',*,*,#4025,.T.);
#4025 = EDGE_CURVE('',#4018,#4026,#4028,.T.);
#4026 = VERTEX_POINT('',#4027);
#4027 = CARTESIAN_POINT('',(15.341531623063,-18.54203708407,
    1.600050800102));
#4028 = CIRCLE('',#4029,0.152499364999);
#4029 = AXIS2_PLACEMENT_3D('',#4030,#4031,#4032);
#4030 = CARTESIAN_POINT('',(15.494030988062,-18.54203708407,
    1.600050800102));
#4031 = DIRECTION('',(0.,0.,1.));
#4032 = DIRECTION('',(1.,1.110223024625E-16,-0.));
#4033 = ORIENTED_EDGE('',*,*,#4034,.F.);
#4034 = EDGE_CURVE('',#4035,#4026,#4037,.T.);
#4035 = VERTEX_POINT('',#4036);
#4036 = CARTESIAN_POINT('',(15.341531623063,-18.54203708407,0.));
#4037 = LINE('',#4038,#4039);
#4038 = CARTESIAN_POINT('',(15.341531623063,-18.54203708407,0.));
#4039 = VECTOR('',#4040,1.);
#4040 = DIRECTION('',(0.,0.,1.));
#4041 = ORIENTED_EDGE('',*,*,#4042,.F.);
#4042 = EDGE_CURVE('',#4016,#4035,#4043,.T.);
#4043 = CIRCLE('',#4044,0.152499364999);
#4044 = AXIS2_PLACEMENT_3D('',#4045,#4046,#4047);
#4045 = CARTESIAN_POINT('',(15.494030988062,-18.54203708407,0.));
#4046 = DIRECTION('',(0.,0.,1.));
#4047 = DIRECTION('',(1.,1.110223024625E-16,-0.));
#4048 = CYLINDRICAL_SURFACE('',#4049,0.152499364999);
#4049 = AXIS2_PLACEMENT_3D('',#4050,#4051,#4052);
#4050 = CARTESIAN_POINT('',(15.494030988062,-18.54203708407,0.));
#4051 = DIRECTION('',(-0.,-0.,-1.));
#4052 = DIRECTION('',(1.,1.110223024625E-16,-0.));
#4053 = ADVANCED_FACE('',(#4054),#4072,.F.);
#4054 = FACE_BOUND('',#4055,.T.);
#4055 = EDGE_LOOP('',(#4056,#4057,#4064,#4065));
#4056 = ORIENTED_EDGE('',*,*,#4034,.T.);
#4057 = ORIENTED_EDGE('',*,*,#4058,.T.);
#4058 = EDGE_CURVE('',#4026,#4018,#4059,.T.);
#4059 = CIRCLE('',#4060,0.152499364999);
#4060 = AXIS2_PLACEMENT_3D('',#4061,#4062,#4063);
#4061 = CARTESIAN_POINT('',(15.494030988062,-18.54203708407,
    1.600050800102));
#4062 = DIRECTION('',(0.,0.,1.));
#4063 = DIRECTION('',(-1.,-1.110223024625E-16,0.));
#4064 = ORIENTED_EDGE('',*,*,#4015,.F.);
#4065 = ORIENTED_EDGE('',*,*,#4066,.F.);
#4066 = EDGE_CURVE('',#4035,#4016,#4067,.T.);
#4067 = CIRCLE('',#4068,0.152499364999);
#4068 = AXIS2_PLACEMENT_3D('',#4069,#4070,#4071);
#4069 = CARTESIAN_POINT('',(15.494030988062,-18.54203708407,0.));
#4070 = DIRECTION('',(0.,0.,1.));
#4071 = DIRECTION('',(-1.,-1.110223024625E-16,0.));
#4072 = CYLINDRICAL_SURFACE('',#4073,0.152499364999);
#4073 = AXIS2_PLACEMENT_3D('',#4074,#4075,#4076);
#4074 = CARTESIAN_POINT('',(15.494030988062,-18.54203708407,0.));
#4075 = DIRECTION('',(-0.,-0.,-1.));
#4076 = DIRECTION('',(-1.,-1.110223024625E-16,0.));
#4077 = ADVANCED_FACE('',(#4078),#4114,.F.);
#4078 = FACE_BOUND('',#4079,.T.);
#4079 = EDGE_LOOP('',(#4080,#4090,#4099,#4107));
#4080 = ORIENTED_EDGE('',*,*,#4081,.T.);
#4081 = EDGE_CURVE('',#4082,#4084,#4086,.T.);
#4082 = VERTEX_POINT('',#4083);
#4083 = CARTESIAN_POINT('',(16.281531623063,-1.651003302007,0.));
#4084 = VERTEX_POINT('',#4085);
#4085 = CARTESIAN_POINT('',(16.281531623063,-1.651003302007,
    1.600050800102));
#4086 = LINE('',#4087,#4088);
#4087 = CARTESIAN_POINT('',(16.281531623063,-1.651003302007,0.));
#4088 = VECTOR('',#4089,1.);
#4089 = DIRECTION('',(0.,0.,1.));
#4090 = ORIENTED_EDGE('',*,*,#4091,.T.);
#4091 = EDGE_CURVE('',#4084,#4092,#4094,.T.);
#4092 = VERTEX_POINT('',#4093);
#4093 = CARTESIAN_POINT('',(15.976532893066,-1.651003302007,
    1.600050800102));
#4094 = CIRCLE('',#4095,0.152499364999);
#4095 = AXIS2_PLACEMENT_3D('',#4096,#4097,#4098);
#4096 = CARTESIAN_POINT('',(16.129032258065,-1.651003302007,
    1.600050800102));
#4097 = DIRECTION('',(0.,0.,1.));
#4098 = DIRECTION('',(1.,1.110223024625E-16,-0.));
#4099 = ORIENTED_EDGE('',*,*,#4100,.F.);
#4100 = EDGE_CURVE('',#4101,#4092,#4103,.T.);
#4101 = VERTEX_POINT('',#4102);
#4102 = CARTESIAN_POINT('',(15.976532893066,-1.651003302007,0.));
#4103 = LINE('',#4104,#4105);
#4104 = CARTESIAN_POINT('',(15.976532893066,-1.651003302007,0.));
#4105 = VECTOR('',#4106,1.);
#4106 = DIRECTION('',(0.,0.,1.));
#4107 = ORIENTED_EDGE('',*,*,#4108,.F.);
#4108 = EDGE_CURVE('',#4082,#4101,#4109,.T.);
#4109 = CIRCLE('',#4110,0.152499364999);
#4110 = AXIS2_PLACEMENT_3D('',#4111,#4112,#4113);
#4111 = CARTESIAN_POINT('',(16.129032258065,-1.651003302007,0.));
#4112 = DIRECTION('',(0.,0.,1.));
#4113 = DIRECTION('',(1.,1.110223024625E-16,-0.));
#4114 = CYLINDRICAL_SURFACE('',#4115,0.152499364999);
#4115 = AXIS2_PLACEMENT_3D('',#4116,#4117,#4118);
#4116 = CARTESIAN_POINT('',(16.129032258065,-1.651003302007,0.));
#4117 = DIRECTION('',(-0.,-0.,-1.));
#4118 = DIRECTION('',(1.,1.110223024625E-16,-0.));
#4119 = ADVANCED_FACE('',(#4120),#4138,.F.);
#4120 = FACE_BOUND('',#4121,.T.);
#4121 = EDGE_LOOP('',(#4122,#4123,#4130,#4131));
#4122 = ORIENTED_EDGE('',*,*,#4100,.T.);
#4123 = ORIENTED_EDGE('',*,*,#4124,.T.);
#4124 = EDGE_CURVE('',#4092,#4084,#4125,.T.);
#4125 = CIRCLE('',#4126,0.152499364999);
#4126 = AXIS2_PLACEMENT_3D('',#4127,#4128,#4129);
#4127 = CARTESIAN_POINT('',(16.129032258065,-1.651003302007,
    1.600050800102));
#4128 = DIRECTION('',(0.,0.,1.));
#4129 = DIRECTION('',(-1.,-1.110223024625E-16,0.));
#4130 = ORIENTED_EDGE('',*,*,#4081,.F.);
#4131 = ORIENTED_EDGE('',*,*,#4132,.F.);
#4132 = EDGE_CURVE('',#4101,#4082,#4133,.T.);
#4133 = CIRCLE('',#4134,0.152499364999);
#4134 = AXIS2_PLACEMENT_3D('',#4135,#4136,#4137);
#4135 = CARTESIAN_POINT('',(16.129032258065,-1.651003302007,0.));
#4136 = DIRECTION('',(0.,0.,1.));
#4137 = DIRECTION('',(-1.,-1.110223024625E-16,0.));
#4138 = CYLINDRICAL_SURFACE('',#4139,0.152499364999);
#4139 = AXIS2_PLACEMENT_3D('',#4140,#4141,#4142);
#4140 = CARTESIAN_POINT('',(16.129032258065,-1.651003302007,0.));
#4141 = DIRECTION('',(-0.,-0.,-1.));
#4142 = DIRECTION('',(-1.,-1.110223024625E-16,0.));
#4143 = ADVANCED_FACE('',(#4144),#4180,.F.);
#4144 = FACE_BOUND('',#4145,.T.);
#4145 = EDGE_LOOP('',(#4146,#4156,#4165,#4173));
#4146 = ORIENTED_EDGE('',*,*,#4147,.T.);
#4147 = EDGE_CURVE('',#4148,#4150,#4152,.T.);
#4148 = VERTEX_POINT('',#4149);
#4149 = CARTESIAN_POINT('',(16.535532131064,5.842011684023,0.));
#4150 = VERTEX_POINT('',#4151);
#4151 = CARTESIAN_POINT('',(16.535532131064,5.842011684023,
    1.600050800102));
#4152 = LINE('',#4153,#4154);
#4153 = CARTESIAN_POINT('',(16.535532131064,5.842011684023,0.));
#4154 = VECTOR('',#4155,1.);
#4155 = DIRECTION('',(0.,0.,1.));
#4156 = ORIENTED_EDGE('',*,*,#4157,.T.);
#4157 = EDGE_CURVE('',#4150,#4158,#4160,.T.);
#4158 = VERTEX_POINT('',#4159);
#4159 = CARTESIAN_POINT('',(16.230533401067,5.842011684023,
    1.600050800102));
#4160 = CIRCLE('',#4161,0.152499364999);
#4161 = AXIS2_PLACEMENT_3D('',#4162,#4163,#4164);
#4162 = CARTESIAN_POINT('',(16.383032766066,5.842011684023,
    1.600050800102));
#4163 = DIRECTION('',(0.,0.,1.));
#4164 = DIRECTION('',(1.,1.110223024625E-16,-0.));
#4165 = ORIENTED_EDGE('',*,*,#4166,.F.);
#4166 = EDGE_CURVE('',#4167,#4158,#4169,.T.);
#4167 = VERTEX_POINT('',#4168);
#4168 = CARTESIAN_POINT('',(16.230533401067,5.842011684023,0.));
#4169 = LINE('',#4170,#4171);
#4170 = CARTESIAN_POINT('',(16.230533401067,5.842011684023,0.));
#4171 = VECTOR('',#4172,1.);
#4172 = DIRECTION('',(0.,0.,1.));
#4173 = ORIENTED_EDGE('',*,*,#4174,.F.);
#4174 = EDGE_CURVE('',#4148,#4167,#4175,.T.);
#4175 = CIRCLE('',#4176,0.152499364999);
#4176 = AXIS2_PLACEMENT_3D('',#4177,#4178,#4179);
#4177 = CARTESIAN_POINT('',(16.383032766066,5.842011684023,0.));
#4178 = DIRECTION('',(0.,0.,1.));
#4179 = DIRECTION('',(1.,1.110223024625E-16,-0.));
#4180 = CYLINDRICAL_SURFACE('',#4181,0.152499364999);
#4181 = AXIS2_PLACEMENT_3D('',#4182,#4183,#4184);
#4182 = CARTESIAN_POINT('',(16.383032766066,5.842011684023,0.));
#4183 = DIRECTION('',(-0.,-0.,-1.));
#4184 = DIRECTION('',(1.,1.110223024625E-16,-0.));
#4185 = ADVANCED_FACE('',(#4186),#4204,.F.);
#4186 = FACE_BOUND('',#4187,.T.);
#4187 = EDGE_LOOP('',(#4188,#4189,#4196,#4197));
#4188 = ORIENTED_EDGE('',*,*,#4166,.T.);
#4189 = ORIENTED_EDGE('',*,*,#4190,.T.);
#4190 = EDGE_CURVE('',#4158,#4150,#4191,.T.);
#4191 = CIRCLE('',#4192,0.152499364999);
#4192 = AXIS2_PLACEMENT_3D('',#4193,#4194,#4195);
#4193 = CARTESIAN_POINT('',(16.383032766066,5.842011684023,
    1.600050800102));
#4194 = DIRECTION('',(0.,0.,1.));
#4195 = DIRECTION('',(-1.,-1.110223024625E-16,0.));
#4196 = ORIENTED_EDGE('',*,*,#4147,.F.);
#4197 = ORIENTED_EDGE('',*,*,#4198,.F.);
#4198 = EDGE_CURVE('',#4167,#4148,#4199,.T.);
#4199 = CIRCLE('',#4200,0.152499364999);
#4200 = AXIS2_PLACEMENT_3D('',#4201,#4202,#4203);
#4201 = CARTESIAN_POINT('',(16.383032766066,5.842011684023,0.));
#4202 = DIRECTION('',(0.,0.,1.));
#4203 = DIRECTION('',(-1.,-1.110223024625E-16,0.));
#4204 = CYLINDRICAL_SURFACE('',#4205,0.152499364999);
#4205 = AXIS2_PLACEMENT_3D('',#4206,#4207,#4208);
#4206 = CARTESIAN_POINT('',(16.383032766066,5.842011684023,0.));
#4207 = DIRECTION('',(-0.,-0.,-1.));
#4208 = DIRECTION('',(-1.,-1.110223024625E-16,0.));
#4209 = ADVANCED_FACE('',(#4210),#4246,.F.);
#4210 = FACE_BOUND('',#4211,.T.);
#4211 = EDGE_LOOP('',(#4212,#4222,#4231,#4239));
#4212 = ORIENTED_EDGE('',*,*,#4213,.T.);
#4213 = EDGE_CURVE('',#4214,#4216,#4218,.T.);
#4214 = VERTEX_POINT('',#4215);
#4215 = CARTESIAN_POINT('',(17.60223520447,-3.766954533909,0.));
#4216 = VERTEX_POINT('',#4217);
#4217 = CARTESIAN_POINT('',(17.60223520447,-3.766954533909,
    1.600050800102));
#4218 = LINE('',#4219,#4220);
#4219 = CARTESIAN_POINT('',(17.60223520447,-3.766954533909,0.));
#4220 = VECTOR('',#4221,1.);
#4221 = DIRECTION('',(0.,0.,1.));
#4222 = ORIENTED_EDGE('',*,*,#4223,.T.);
#4223 = EDGE_CURVE('',#4216,#4224,#4226,.T.);
#4224 = VERTEX_POINT('',#4225);
#4225 = CARTESIAN_POINT('',(16.687833375667,-3.766954533909,
    1.600050800102));
#4226 = CIRCLE('',#4227,0.457200914402);
#4227 = AXIS2_PLACEMENT_3D('',#4228,#4229,#4230);
#4228 = CARTESIAN_POINT('',(17.145034290069,-3.766954533909,
    1.600050800102));
#4229 = DIRECTION('',(0.,0.,1.));
#4230 = DIRECTION('',(1.,1.110223024625E-16,-0.));
#4231 = ORIENTED_EDGE('',*,*,#4232,.F.);
#4232 = EDGE_CURVE('',#4233,#4224,#4235,.T.);
#4233 = VERTEX_POINT('',#4234);
#4234 = CARTESIAN_POINT('',(16.687833375667,-3.766954533909,0.));
#4235 = LINE('',#4236,#4237);
#4236 = CARTESIAN_POINT('',(16.687833375667,-3.766954533909,0.));
#4237 = VECTOR('',#4238,1.);
#4238 = DIRECTION('',(0.,0.,1.));
#4239 = ORIENTED_EDGE('',*,*,#4240,.F.);
#4240 = EDGE_CURVE('',#4214,#4233,#4241,.T.);
#4241 = CIRCLE('',#4242,0.457200914402);
#4242 = AXIS2_PLACEMENT_3D('',#4243,#4244,#4245);
#4243 = CARTESIAN_POINT('',(17.145034290069,-3.766954533909,0.));
#4244 = DIRECTION('',(0.,0.,1.));
#4245 = DIRECTION('',(1.,1.110223024625E-16,-0.));
#4246 = CYLINDRICAL_SURFACE('',#4247,0.457200914402);
#4247 = AXIS2_PLACEMENT_3D('',#4248,#4249,#4250);
#4248 = CARTESIAN_POINT('',(17.145034290069,-3.766954533909,0.));
#4249 = DIRECTION('',(-0.,-0.,-1.));
#4250 = DIRECTION('',(1.,1.110223024625E-16,-0.));
#4251 = ADVANCED_FACE('',(#4252),#4270,.F.);
#4252 = FACE_BOUND('',#4253,.T.);
#4253 = EDGE_LOOP('',(#4254,#4255,#4262,#4263));
#4254 = ORIENTED_EDGE('',*,*,#4232,.T.);
#4255 = ORIENTED_EDGE('',*,*,#4256,.T.);
#4256 = EDGE_CURVE('',#4224,#4216,#4257,.T.);
#4257 = CIRCLE('',#4258,0.457200914402);
#4258 = AXIS2_PLACEMENT_3D('',#4259,#4260,#4261);
#4259 = CARTESIAN_POINT('',(17.145034290069,-3.766954533909,
    1.600050800102));
#4260 = DIRECTION('',(0.,0.,1.));
#4261 = DIRECTION('',(-1.,-1.110223024625E-16,0.));
#4262 = ORIENTED_EDGE('',*,*,#4213,.F.);
#4263 = ORIENTED_EDGE('',*,*,#4264,.F.);
#4264 = EDGE_CURVE('',#4233,#4214,#4265,.T.);
#4265 = CIRCLE('',#4266,0.457200914402);
#4266 = AXIS2_PLACEMENT_3D('',#4267,#4268,#4269);
#4267 = CARTESIAN_POINT('',(17.145034290069,-3.766954533909,0.));
#4268 = DIRECTION('',(0.,0.,1.));
#4269 = DIRECTION('',(-1.,-1.110223024625E-16,0.));
#4270 = CYLINDRICAL_SURFACE('',#4271,0.457200914402);
#4271 = AXIS2_PLACEMENT_3D('',#4272,#4273,#4274);
#4272 = CARTESIAN_POINT('',(17.145034290069,-3.766954533909,0.));
#4273 = DIRECTION('',(-0.,-0.,-1.));
#4274 = DIRECTION('',(-1.,-1.110223024625E-16,0.));
#4275 = ADVANCED_FACE('',(#4276),#4312,.F.);
#4276 = FACE_BOUND('',#4277,.T.);
#4277 = EDGE_LOOP('',(#4278,#4288,#4297,#4305));
#4278 = ORIENTED_EDGE('',*,*,#4279,.T.);
#4279 = EDGE_CURVE('',#4280,#4282,#4284,.T.);
#4280 = VERTEX_POINT('',#4281);
#4281 = CARTESIAN_POINT('',(17.60223520447,-14.26697993396,0.));
#4282 = VERTEX_POINT('',#4283);
#4283 = CARTESIAN_POINT('',(17.60223520447,-14.26697993396,
    1.600050800102));
#4284 = LINE('',#4285,#4286);
#4285 = CARTESIAN_POINT('',(17.60223520447,-14.26697993396,0.));
#4286 = VECTOR('',#4287,1.);
#4287 = DIRECTION('',(0.,0.,1.));
#4288 = ORIENTED_EDGE('',*,*,#4289,.T.);
#4289 = EDGE_CURVE('',#4282,#4290,#4292,.T.);
#4290 = VERTEX_POINT('',#4291);
#4291 = CARTESIAN_POINT('',(16.687833375667,-14.26697993396,
    1.600050800102));
#4292 = CIRCLE('',#4293,0.457200914402);
#4293 = AXIS2_PLACEMENT_3D('',#4294,#4295,#4296);
#4294 = CARTESIAN_POINT('',(17.145034290069,-14.26697993396,
    1.600050800102));
#4295 = DIRECTION('',(0.,0.,1.));
#4296 = DIRECTION('',(1.,1.110223024625E-16,-0.));
#4297 = ORIENTED_EDGE('',*,*,#4298,.F.);
#4298 = EDGE_CURVE('',#4299,#4290,#4301,.T.);
#4299 = VERTEX_POINT('',#4300);
#4300 = CARTESIAN_POINT('',(16.687833375667,-14.26697993396,0.));
#4301 = LINE('',#4302,#4303);
#4302 = CARTESIAN_POINT('',(16.687833375667,-14.26697993396,0.));
#4303 = VECTOR('',#4304,1.);
#4304 = DIRECTION('',(0.,0.,1.));
#4305 = ORIENTED_EDGE('',*,*,#4306,.F.);
#4306 = EDGE_CURVE('',#4280,#4299,#4307,.T.);
#4307 = CIRCLE('',#4308,0.457200914402);
#4308 = AXIS2_PLACEMENT_3D('',#4309,#4310,#4311);
#4309 = CARTESIAN_POINT('',(17.145034290069,-14.26697993396,0.));
#4310 = DIRECTION('',(0.,0.,1.));
#4311 = DIRECTION('',(1.,1.110223024625E-16,-0.));
#4312 = CYLINDRICAL_SURFACE('',#4313,0.457200914402);
#4313 = AXIS2_PLACEMENT_3D('',#4314,#4315,#4316);
#4314 = CARTESIAN_POINT('',(17.145034290069,-14.26697993396,0.));
#4315 = DIRECTION('',(-0.,-0.,-1.));
#4316 = DIRECTION('',(1.,1.110223024625E-16,-0.));
#4317 = ADVANCED_FACE('',(#4318),#4336,.F.);
#4318 = FACE_BOUND('',#4319,.T.);
#4319 = EDGE_LOOP('',(#4320,#4321,#4328,#4329));
#4320 = ORIENTED_EDGE('',*,*,#4298,.T.);
#4321 = ORIENTED_EDGE('',*,*,#4322,.T.);
#4322 = EDGE_CURVE('',#4290,#4282,#4323,.T.);
#4323 = CIRCLE('',#4324,0.457200914402);
#4324 = AXIS2_PLACEMENT_3D('',#4325,#4326,#4327);
#4325 = CARTESIAN_POINT('',(17.145034290069,-14.26697993396,
    1.600050800102));
#4326 = DIRECTION('',(0.,0.,1.));
#4327 = DIRECTION('',(-1.,-1.110223024625E-16,0.));
#4328 = ORIENTED_EDGE('',*,*,#4279,.F.);
#4329 = ORIENTED_EDGE('',*,*,#4330,.F.);
#4330 = EDGE_CURVE('',#4299,#4280,#4331,.T.);
#4331 = CIRCLE('',#4332,0.457200914402);
#4332 = AXIS2_PLACEMENT_3D('',#4333,#4334,#4335);
#4333 = CARTESIAN_POINT('',(17.145034290069,-14.26697993396,0.));
#4334 = DIRECTION('',(0.,0.,1.));
#4335 = DIRECTION('',(-1.,-1.110223024625E-16,0.));
#4336 = CYLINDRICAL_SURFACE('',#4337,0.457200914402);
#4337 = AXIS2_PLACEMENT_3D('',#4338,#4339,#4340);
#4338 = CARTESIAN_POINT('',(17.145034290069,-14.26697993396,0.));
#4339 = DIRECTION('',(-0.,-0.,-1.));
#4340 = DIRECTION('',(-1.,-1.110223024625E-16,0.));
#4341 = ADVANCED_FACE('',(#4342),#4378,.F.);
#4342 = FACE_BOUND('',#4343,.T.);
#4343 = EDGE_LOOP('',(#4344,#4354,#4363,#4371));
#4344 = ORIENTED_EDGE('',*,*,#4345,.T.);
#4345 = EDGE_CURVE('',#4346,#4348,#4350,.T.);
#4346 = VERTEX_POINT('',#4347);
#4347 = CARTESIAN_POINT('',(20.946774193548,7.162966725933,0.));
#4348 = VERTEX_POINT('',#4349);
#4349 = CARTESIAN_POINT('',(20.946774193548,7.162966725933,
    1.600050800102));
#4350 = LINE('',#4351,#4352);
#4351 = CARTESIAN_POINT('',(20.946774193548,7.162966725933,0.));
#4352 = VECTOR('',#4353,1.);
#4353 = DIRECTION('',(0.,0.,1.));
#4354 = ORIENTED_EDGE('',*,*,#4355,.T.);
#4355 = EDGE_CURVE('',#4348,#4356,#4358,.T.);
#4356 = VERTEX_POINT('',#4357);
#4357 = CARTESIAN_POINT('',(19.846748793498,7.162966725933,
    1.600050800102));
#4358 = CIRCLE('',#4359,0.550012700025);
#4359 = AXIS2_PLACEMENT_3D('',#4360,#4361,#4362);
#4360 = CARTESIAN_POINT('',(20.396761493523,7.162966725933,
    1.600050800102));
#4361 = DIRECTION('',(0.,0.,1.));
#4362 = DIRECTION('',(1.,1.110223024625E-16,-0.));
#4363 = ORIENTED_EDGE('',*,*,#4364,.F.);
#4364 = EDGE_CURVE('',#4365,#4356,#4367,.T.);
#4365 = VERTEX_POINT('',#4366);
#4366 = CARTESIAN_POINT('',(19.846748793498,7.162966725933,0.));
#4367 = LINE('',#4368,#4369);
#4368 = CARTESIAN_POINT('',(19.846748793498,7.162966725933,0.));
#4369 = VECTOR('',#4370,1.);
#4370 = DIRECTION('',(0.,0.,1.));
#4371 = ORIENTED_EDGE('',*,*,#4372,.F.);
#4372 = EDGE_CURVE('',#4346,#4365,#4373,.T.);
#4373 = CIRCLE('',#4374,0.550012700025);
#4374 = AXIS2_PLACEMENT_3D('',#4375,#4376,#4377);
#4375 = CARTESIAN_POINT('',(20.396761493523,7.162966725933,0.));
#4376 = DIRECTION('',(0.,0.,1.));
#4377 = DIRECTION('',(1.,1.110223024625E-16,-0.));
#4378 = CYLINDRICAL_SURFACE('',#4379,0.550012700025);
#4379 = AXIS2_PLACEMENT_3D('',#4380,#4381,#4382);
#4380 = CARTESIAN_POINT('',(20.396761493523,7.162966725933,0.));
#4381 = DIRECTION('',(-0.,-0.,-1.));
#4382 = DIRECTION('',(1.,1.110223024625E-16,-0.));
#4383 = ADVANCED_FACE('',(#4384),#4402,.F.);
#4384 = FACE_BOUND('',#4385,.T.);
#4385 = EDGE_LOOP('',(#4386,#4387,#4394,#4395));
#4386 = ORIENTED_EDGE('',*,*,#4364,.T.);
#4387 = ORIENTED_EDGE('',*,*,#4388,.T.);
#4388 = EDGE_CURVE('',#4356,#4348,#4389,.T.);
#4389 = CIRCLE('',#4390,0.550012700025);
#4390 = AXIS2_PLACEMENT_3D('',#4391,#4392,#4393);
#4391 = CARTESIAN_POINT('',(20.396761493523,7.162966725933,
    1.600050800102));
#4392 = DIRECTION('',(0.,0.,1.));
#4393 = DIRECTION('',(-1.,-1.110223024625E-16,0.));
#4394 = ORIENTED_EDGE('',*,*,#4345,.F.);
#4395 = ORIENTED_EDGE('',*,*,#4396,.F.);
#4396 = EDGE_CURVE('',#4365,#4346,#4397,.T.);
#4397 = CIRCLE('',#4398,0.550012700025);
#4398 = AXIS2_PLACEMENT_3D('',#4399,#4400,#4401);
#4399 = CARTESIAN_POINT('',(20.396761493523,7.162966725933,0.));
#4400 = DIRECTION('',(0.,0.,1.));
#4401 = DIRECTION('',(-1.,-1.110223024625E-16,0.));
#4402 = CYLINDRICAL_SURFACE('',#4403,0.550012700025);
#4403 = AXIS2_PLACEMENT_3D('',#4404,#4405,#4406);
#4404 = CARTESIAN_POINT('',(20.396761493523,7.162966725933,0.));
#4405 = DIRECTION('',(-0.,-0.,-1.));
#4406 = DIRECTION('',(-1.,-1.110223024625E-16,0.));
#4407 = ADVANCED_FACE('',(#4408),#4444,.F.);
#4408 = FACE_BOUND('',#4409,.T.);
#4409 = EDGE_LOOP('',(#4410,#4420,#4429,#4437));
#4410 = ORIENTED_EDGE('',*,*,#4411,.T.);
#4411 = EDGE_CURVE('',#4412,#4414,#4416,.T.);
#4412 = VERTEX_POINT('',#4413);
#4413 = CARTESIAN_POINT('',(25.242062484125,-4.021005842012,0.));
#4414 = VERTEX_POINT('',#4415);
#4415 = CARTESIAN_POINT('',(25.242062484125,-4.021005842012,
    1.600050800102));
#4416 = LINE('',#4417,#4418);
#4417 = CARTESIAN_POINT('',(25.242062484125,-4.021005842012,0.));
#4418 = VECTOR('',#4419,1.);
#4419 = DIRECTION('',(0.,0.,1.));
#4420 = ORIENTED_EDGE('',*,*,#4421,.T.);
#4421 = EDGE_CURVE('',#4414,#4422,#4424,.T.);
#4422 = VERTEX_POINT('',#4423);
#4423 = CARTESIAN_POINT('',(24.542037084074,-4.021005842012,
    1.600050800102));
#4424 = CIRCLE('',#4425,0.350012700025);
#4425 = AXIS2_PLACEMENT_3D('',#4426,#4427,#4428);
#4426 = CARTESIAN_POINT('',(24.8920497841,-4.021005842012,1.600050800102
    ));
#4427 = DIRECTION('',(0.,0.,1.));
#4428 = DIRECTION('',(1.,1.110223024625E-16,-0.));
#4429 = ORIENTED_EDGE('',*,*,#4430,.F.);
#4430 = EDGE_CURVE('',#4431,#4422,#4433,.T.);
#4431 = VERTEX_POINT('',#4432);
#4432 = CARTESIAN_POINT('',(24.542037084074,-4.021005842012,0.));
#4433 = LINE('',#4434,#4435);
#4434 = CARTESIAN_POINT('',(24.542037084074,-4.021005842012,0.));
#4435 = VECTOR('',#4436,1.);
#4436 = DIRECTION('',(0.,0.,1.));
#4437 = ORIENTED_EDGE('',*,*,#4438,.F.);
#4438 = EDGE_CURVE('',#4412,#4431,#4439,.T.);
#4439 = CIRCLE('',#4440,0.350012700025);
#4440 = AXIS2_PLACEMENT_3D('',#4441,#4442,#4443);
#4441 = CARTESIAN_POINT('',(24.8920497841,-4.021005842012,0.));
#4442 = DIRECTION('',(0.,0.,1.));
#4443 = DIRECTION('',(1.,1.110223024625E-16,-0.));
#4444 = CYLINDRICAL_SURFACE('',#4445,0.350012700025);
#4445 = AXIS2_PLACEMENT_3D('',#4446,#4447,#4448);
#4446 = CARTESIAN_POINT('',(24.8920497841,-4.021005842012,0.));
#4447 = DIRECTION('',(-0.,-0.,-1.));
#4448 = DIRECTION('',(1.,1.110223024625E-16,-0.));
#4449 = ADVANCED_FACE('',(#4450),#4468,.F.);
#4450 = FACE_BOUND('',#4451,.T.);
#4451 = EDGE_LOOP('',(#4452,#4453,#4460,#4461));
#4452 = ORIENTED_EDGE('',*,*,#4430,.T.);
#4453 = ORIENTED_EDGE('',*,*,#4454,.T.);
#4454 = EDGE_CURVE('',#4422,#4414,#4455,.T.);
#4455 = CIRCLE('',#4456,0.350012700025);
#4456 = AXIS2_PLACEMENT_3D('',#4457,#4458,#4459);
#4457 = CARTESIAN_POINT('',(24.8920497841,-4.021005842012,1.600050800102
    ));
#4458 = DIRECTION('',(0.,0.,1.));
#4459 = DIRECTION('',(-1.,-1.110223024625E-16,0.));
#4460 = ORIENTED_EDGE('',*,*,#4411,.F.);
#4461 = ORIENTED_EDGE('',*,*,#4462,.F.);
#4462 = EDGE_CURVE('',#4431,#4412,#4463,.T.);
#4463 = CIRCLE('',#4464,0.350012700025);
#4464 = AXIS2_PLACEMENT_3D('',#4465,#4466,#4467);
#4465 = CARTESIAN_POINT('',(24.8920497841,-4.021005842012,0.));
#4466 = DIRECTION('',(0.,0.,1.));
#4467 = DIRECTION('',(-1.,-1.110223024625E-16,0.));
#4468 = CYLINDRICAL_SURFACE('',#4469,0.350012700025);
#4469 = AXIS2_PLACEMENT_3D('',#4470,#4471,#4472);
#4470 = CARTESIAN_POINT('',(24.8920497841,-4.021005842012,0.));
#4471 = DIRECTION('',(-0.,-0.,-1.));
#4472 = DIRECTION('',(-1.,-1.110223024625E-16,0.));
#4473 = ADVANCED_FACE('',(#4474),#4510,.F.);
#4474 = FACE_BOUND('',#4475,.T.);
#4475 = EDGE_LOOP('',(#4476,#4486,#4495,#4503));
#4476 = ORIENTED_EDGE('',*,*,#4477,.T.);
#4477 = EDGE_CURVE('',#4478,#4480,#4482,.T.);
#4478 = VERTEX_POINT('',#4479);
#4479 = CARTESIAN_POINT('',(25.242062484125,-14.52103124206,0.));
#4480 = VERTEX_POINT('',#4481);
#4481 = CARTESIAN_POINT('',(25.242062484125,-14.52103124206,
    1.600050800102));
#4482 = LINE('',#4483,#4484);
#4483 = CARTESIAN_POINT('',(25.242062484125,-14.52103124206,0.));
#4484 = VECTOR('',#4485,1.);
#4485 = DIRECTION('',(0.,0.,1.));
#4486 = ORIENTED_EDGE('',*,*,#4487,.T.);
#4487 = EDGE_CURVE('',#4480,#4488,#4490,.T.);
#4488 = VERTEX_POINT('',#4489);
#4489 = CARTESIAN_POINT('',(24.542037084074,-14.52103124206,
    1.600050800102));
#4490 = CIRCLE('',#4491,0.350012700025);
#4491 = AXIS2_PLACEMENT_3D('',#4492,#4493,#4494);
#4492 = CARTESIAN_POINT('',(24.8920497841,-14.52103124206,1.600050800102
    ));
#4493 = DIRECTION('',(0.,0.,1.));
#4494 = DIRECTION('',(1.,1.110223024625E-16,-0.));
#4495 = ORIENTED_EDGE('',*,*,#4496,.F.);
#4496 = EDGE_CURVE('',#4497,#4488,#4499,.T.);
#4497 = VERTEX_POINT('',#4498);
#4498 = CARTESIAN_POINT('',(24.542037084074,-14.52103124206,0.));
#4499 = LINE('',#4500,#4501);
#4500 = CARTESIAN_POINT('',(24.542037084074,-14.52103124206,0.));
#4501 = VECTOR('',#4502,1.);
#4502 = DIRECTION('',(0.,0.,1.));
#4503 = ORIENTED_EDGE('',*,*,#4504,.F.);
#4504 = EDGE_CURVE('',#4478,#4497,#4505,.T.);
#4505 = CIRCLE('',#4506,0.350012700025);
#4506 = AXIS2_PLACEMENT_3D('',#4507,#4508,#4509);
#4507 = CARTESIAN_POINT('',(24.8920497841,-14.52103124206,0.));
#4508 = DIRECTION('',(0.,0.,1.));
#4509 = DIRECTION('',(1.,1.110223024625E-16,-0.));
#4510 = CYLINDRICAL_SURFACE('',#4511,0.350012700025);
#4511 = AXIS2_PLACEMENT_3D('',#4512,#4513,#4514);
#4512 = CARTESIAN_POINT('',(24.8920497841,-14.52103124206,0.));
#4513 = DIRECTION('',(-0.,-0.,-1.));
#4514 = DIRECTION('',(1.,1.110223024625E-16,-0.));
#4515 = ADVANCED_FACE('',(#4516),#4534,.F.);
#4516 = FACE_BOUND('',#4517,.T.);
#4517 = EDGE_LOOP('',(#4518,#4519,#4526,#4527));
#4518 = ORIENTED_EDGE('',*,*,#4496,.T.);
#4519 = ORIENTED_EDGE('',*,*,#4520,.T.);
#4520 = EDGE_CURVE('',#4488,#4480,#4521,.T.);
#4521 = CIRCLE('',#4522,0.350012700025);
#4522 = AXIS2_PLACEMENT_3D('',#4523,#4524,#4525);
#4523 = CARTESIAN_POINT('',(24.8920497841,-14.52103124206,1.600050800102
    ));
#4524 = DIRECTION('',(0.,0.,1.));
#4525 = DIRECTION('',(-1.,-1.110223024625E-16,0.));
#4526 = ORIENTED_EDGE('',*,*,#4477,.F.);
#4527 = ORIENTED_EDGE('',*,*,#4528,.F.);
#4528 = EDGE_CURVE('',#4497,#4478,#4529,.T.);
#4529 = CIRCLE('',#4530,0.350012700025);
#4530 = AXIS2_PLACEMENT_3D('',#4531,#4532,#4533);
#4531 = CARTESIAN_POINT('',(24.8920497841,-14.52103124206,0.));
#4532 = DIRECTION('',(0.,0.,1.));
#4533 = DIRECTION('',(-1.,-1.110223024625E-16,0.));
#4534 = CYLINDRICAL_SURFACE('',#4535,0.350012700025);
#4535 = AXIS2_PLACEMENT_3D('',#4536,#4537,#4538);
#4536 = CARTESIAN_POINT('',(24.8920497841,-14.52103124206,0.));
#4537 = DIRECTION('',(-0.,-0.,-1.));
#4538 = DIRECTION('',(-1.,-1.110223024625E-16,0.));
#4539 = ADVANCED_FACE('',(#4540),#4576,.F.);
#4540 = FACE_BOUND('',#4541,.T.);
#4541 = EDGE_LOOP('',(#4542,#4552,#4561,#4569));
#4542 = ORIENTED_EDGE('',*,*,#4543,.T.);
#4543 = EDGE_CURVE('',#4544,#4546,#4548,.T.);
#4544 = VERTEX_POINT('',#4545);
#4545 = CARTESIAN_POINT('',(33.647066294133,-24.13004826009,0.));
#4546 = VERTEX_POINT('',#4547);
#4547 = CARTESIAN_POINT('',(33.647066294133,-24.13004826009,
    1.600050800102));
#4548 = LINE('',#4549,#4550);
#4549 = CARTESIAN_POINT('',(33.647066294133,-24.13004826009,0.));
#4550 = VECTOR('',#4551,1.);
#4551 = DIRECTION('',(0.,0.,1.));
#4552 = ORIENTED_EDGE('',*,*,#4553,.T.);
#4553 = EDGE_CURVE('',#4546,#4554,#4556,.T.);
#4554 = VERTEX_POINT('',#4555);
#4555 = CARTESIAN_POINT('',(32.647066294133,-24.13004826009,
    1.600050800102));
#4556 = CIRCLE('',#4557,0.5);
#4557 = AXIS2_PLACEMENT_3D('',#4558,#4559,#4560);
#4558 = CARTESIAN_POINT('',(33.147066294133,-24.13004826009,
    1.600050800102));
#4559 = DIRECTION('',(0.,0.,1.));
#4560 = DIRECTION('',(1.,1.110223024625E-16,-0.));
#4561 = ORIENTED_EDGE('',*,*,#4562,.F.);
#4562 = EDGE_CURVE('',#4563,#4554,#4565,.T.);
#4563 = VERTEX_POINT('',#4564);
#4564 = CARTESIAN_POINT('',(32.647066294133,-24.13004826009,0.));
#4565 = LINE('',#4566,#4567);
#4566 = CARTESIAN_POINT('',(32.647066294133,-24.13004826009,0.));
#4567 = VECTOR('',#4568,1.);
#4568 = DIRECTION('',(0.,0.,1.));
#4569 = ORIENTED_EDGE('',*,*,#4570,.F.);
#4570 = EDGE_CURVE('',#4544,#4563,#4571,.T.);
#4571 = CIRCLE('',#4572,0.5);
#4572 = AXIS2_PLACEMENT_3D('',#4573,#4574,#4575);
#4573 = CARTESIAN_POINT('',(33.147066294133,-24.13004826009,0.));
#4574 = DIRECTION('',(0.,0.,1.));
#4575 = DIRECTION('',(1.,1.110223024625E-16,-0.));
#4576 = CYLINDRICAL_SURFACE('',#4577,0.5);
#4577 = AXIS2_PLACEMENT_3D('',#4578,#4579,#4580);
#4578 = CARTESIAN_POINT('',(33.147066294133,-24.13004826009,0.));
#4579 = DIRECTION('',(-0.,-0.,-1.));
#4580 = DIRECTION('',(1.,1.110223024625E-16,-0.));
#4581 = ADVANCED_FACE('',(#4582),#4600,.F.);
#4582 = FACE_BOUND('',#4583,.T.);
#4583 = EDGE_LOOP('',(#4584,#4585,#4592,#4593));
#4584 = ORIENTED_EDGE('',*,*,#4562,.T.);
#4585 = ORIENTED_EDGE('',*,*,#4586,.T.);
#4586 = EDGE_CURVE('',#4554,#4546,#4587,.T.);
#4587 = CIRCLE('',#4588,0.5);
#4588 = AXIS2_PLACEMENT_3D('',#4589,#4590,#4591);
#4589 = CARTESIAN_POINT('',(33.147066294133,-24.13004826009,
    1.600050800102));
#4590 = DIRECTION('',(0.,0.,1.));
#4591 = DIRECTION('',(-1.,-1.110223024625E-16,0.));
#4592 = ORIENTED_EDGE('',*,*,#4543,.F.);
#4593 = ORIENTED_EDGE('',*,*,#4594,.F.);
#4594 = EDGE_CURVE('',#4563,#4544,#4595,.T.);
#4595 = CIRCLE('',#4596,0.5);
#4596 = AXIS2_PLACEMENT_3D('',#4597,#4598,#4599);
#4597 = CARTESIAN_POINT('',(33.147066294133,-24.13004826009,0.));
#4598 = DIRECTION('',(0.,0.,1.));
#4599 = DIRECTION('',(-1.,-1.110223024625E-16,0.));
#4600 = CYLINDRICAL_SURFACE('',#4601,0.5);
#4601 = AXIS2_PLACEMENT_3D('',#4602,#4603,#4604);
#4602 = CARTESIAN_POINT('',(33.147066294133,-24.13004826009,0.));
#4603 = DIRECTION('',(-0.,-0.,-1.));
#4604 = DIRECTION('',(-1.,-1.110223024625E-16,0.));
#4605 = ADVANCED_FACE('',(#4606),#4642,.F.);
#4606 = FACE_BOUND('',#4607,.T.);
#4607 = EDGE_LOOP('',(#4608,#4618,#4627,#4635));
#4608 = ORIENTED_EDGE('',*,*,#4609,.T.);
#4609 = EDGE_CURVE('',#4610,#4612,#4614,.T.);
#4610 = VERTEX_POINT('',#4611);
#4611 = CARTESIAN_POINT('',(34.569568199136,16.383032766066,0.));
#4612 = VERTEX_POINT('',#4613);
#4613 = CARTESIAN_POINT('',(34.569568199136,16.383032766066,
    1.600050800102));
#4614 = LINE('',#4615,#4616);
#4615 = CARTESIAN_POINT('',(34.569568199136,16.383032766066,0.));
#4616 = VECTOR('',#4617,1.);
#4617 = DIRECTION('',(0.,0.,1.));
#4618 = ORIENTED_EDGE('',*,*,#4619,.T.);
#4619 = EDGE_CURVE('',#4612,#4620,#4622,.T.);
#4620 = VERTEX_POINT('',#4621);
#4621 = CARTESIAN_POINT('',(34.264569469139,16.383032766066,
    1.600050800102));
#4622 = CIRCLE('',#4623,0.152499364999);
#4623 = AXIS2_PLACEMENT_3D('',#4624,#4625,#4626);
#4624 = CARTESIAN_POINT('',(34.417068834138,16.383032766066,
    1.600050800102));
#4625 = DIRECTION('',(0.,0.,1.));
#4626 = DIRECTION('',(1.,1.110223024625E-16,-0.));
#4627 = ORIENTED_EDGE('',*,*,#4628,.F.);
#4628 = EDGE_CURVE('',#4629,#4620,#4631,.T.);
#4629 = VERTEX_POINT('',#4630);
#4630 = CARTESIAN_POINT('',(34.264569469139,16.383032766066,0.));
#4631 = LINE('',#4632,#4633);
#4632 = CARTESIAN_POINT('',(34.264569469139,16.383032766066,0.));
#4633 = VECTOR('',#4634,1.);
#4634 = DIRECTION('',(0.,0.,1.));
#4635 = ORIENTED_EDGE('',*,*,#4636,.F.);
#4636 = EDGE_CURVE('',#4610,#4629,#4637,.T.);
#4637 = CIRCLE('',#4638,0.152499364999);
#4638 = AXIS2_PLACEMENT_3D('',#4639,#4640,#4641);
#4639 = CARTESIAN_POINT('',(34.417068834138,16.383032766066,0.));
#4640 = DIRECTION('',(0.,0.,1.));
#4641 = DIRECTION('',(1.,1.110223024625E-16,-0.));
#4642 = CYLINDRICAL_SURFACE('',#4643,0.152499364999);
#4643 = AXIS2_PLACEMENT_3D('',#4644,#4645,#4646);
#4644 = CARTESIAN_POINT('',(34.417068834138,16.383032766066,0.));
#4645 = DIRECTION('',(-0.,-0.,-1.));
#4646 = DIRECTION('',(1.,1.110223024625E-16,-0.));
#4647 = ADVANCED_FACE('',(#4648),#4666,.F.);
#4648 = FACE_BOUND('',#4649,.T.);
#4649 = EDGE_LOOP('',(#4650,#4651,#4658,#4659));
#4650 = ORIENTED_EDGE('',*,*,#4628,.T.);
#4651 = ORIENTED_EDGE('',*,*,#4652,.T.);
#4652 = EDGE_CURVE('',#4620,#4612,#4653,.T.);
#4653 = CIRCLE('',#4654,0.152499364999);
#4654 = AXIS2_PLACEMENT_3D('',#4655,#4656,#4657);
#4655 = CARTESIAN_POINT('',(34.417068834138,16.383032766066,
    1.600050800102));
#4656 = DIRECTION('',(0.,0.,1.));
#4657 = DIRECTION('',(-1.,-1.110223024625E-16,0.));
#4658 = ORIENTED_EDGE('',*,*,#4609,.F.);
#4659 = ORIENTED_EDGE('',*,*,#4660,.F.);
#4660 = EDGE_CURVE('',#4629,#4610,#4661,.T.);
#4661 = CIRCLE('',#4662,0.152499364999);
#4662 = AXIS2_PLACEMENT_3D('',#4663,#4664,#4665);
#4663 = CARTESIAN_POINT('',(34.417068834138,16.383032766066,0.));
#4664 = DIRECTION('',(0.,0.,1.));
#4665 = DIRECTION('',(-1.,-1.110223024625E-16,0.));
#4666 = CYLINDRICAL_SURFACE('',#4667,0.152499364999);
#4667 = AXIS2_PLACEMENT_3D('',#4668,#4669,#4670);
#4668 = CARTESIAN_POINT('',(34.417068834138,16.383032766066,0.));
#4669 = DIRECTION('',(-0.,-0.,-1.));
#4670 = DIRECTION('',(-1.,-1.110223024625E-16,0.));
#4671 = ADVANCED_FACE('',(#4672),#4708,.F.);
#4672 = FACE_BOUND('',#4673,.T.);
#4673 = EDGE_LOOP('',(#4674,#4684,#4693,#4701));
#4674 = ORIENTED_EDGE('',*,*,#4675,.T.);
#4675 = EDGE_CURVE('',#4676,#4678,#4680,.T.);
#4676 = VERTEX_POINT('',#4677);
#4677 = CARTESIAN_POINT('',(36.187071374143,-24.13004826009,0.));
#4678 = VERTEX_POINT('',#4679);
#4679 = CARTESIAN_POINT('',(36.187071374143,-24.13004826009,
    1.600050800102));
#4680 = LINE('',#4681,#4682);
#4681 = CARTESIAN_POINT('',(36.187071374143,-24.13004826009,0.));
#4682 = VECTOR('',#4683,1.);
#4683 = DIRECTION('',(0.,0.,1.));
#4684 = ORIENTED_EDGE('',*,*,#4685,.T.);
#4685 = EDGE_CURVE('',#4678,#4686,#4688,.T.);
#4686 = VERTEX_POINT('',#4687);
#4687 = CARTESIAN_POINT('',(35.187071374143,-24.13004826009,
    1.600050800102));
#4688 = CIRCLE('',#4689,0.5);
#4689 = AXIS2_PLACEMENT_3D('',#4690,#4691,#4692);
#4690 = CARTESIAN_POINT('',(35.687071374143,-24.13004826009,
    1.600050800102));
#4691 = DIRECTION('',(0.,0.,1.));
#4692 = DIRECTION('',(1.,1.110223024625E-16,-0.));
#4693 = ORIENTED_EDGE('',*,*,#4694,.F.);
#4694 = EDGE_CURVE('',#4695,#4686,#4697,.T.);
#4695 = VERTEX_POINT('',#4696);
#4696 = CARTESIAN_POINT('',(35.187071374143,-24.13004826009,0.));
#4697 = LINE('',#4698,#4699);
#4698 = CARTESIAN_POINT('',(35.187071374143,-24.13004826009,0.));
#4699 = VECTOR('',#4700,1.);
#4700 = DIRECTION('',(0.,0.,1.));
#4701 = ORIENTED_EDGE('',*,*,#4702,.F.);
#4702 = EDGE_CURVE('',#4676,#4695,#4703,.T.);
#4703 = CIRCLE('',#4704,0.5);
#4704 = AXIS2_PLACEMENT_3D('',#4705,#4706,#4707);
#4705 = CARTESIAN_POINT('',(35.687071374143,-24.13004826009,0.));
#4706 = DIRECTION('',(0.,0.,1.));
#4707 = DIRECTION('',(1.,1.110223024625E-16,-0.));
#4708 = CYLINDRICAL_SURFACE('',#4709,0.5);
#4709 = AXIS2_PLACEMENT_3D('',#4710,#4711,#4712);
#4710 = CARTESIAN_POINT('',(35.687071374143,-24.13004826009,0.));
#4711 = DIRECTION('',(-0.,-0.,-1.));
#4712 = DIRECTION('',(1.,1.110223024625E-16,-0.));
#4713 = ADVANCED_FACE('',(#4714),#4732,.F.);
#4714 = FACE_BOUND('',#4715,.T.);
#4715 = EDGE_LOOP('',(#4716,#4717,#4724,#4725));
#4716 = ORIENTED_EDGE('',*,*,#4694,.T.);
#4717 = ORIENTED_EDGE('',*,*,#4718,.T.);
#4718 = EDGE_CURVE('',#4686,#4678,#4719,.T.);
#4719 = CIRCLE('',#4720,0.5);
#4720 = AXIS2_PLACEMENT_3D('',#4721,#4722,#4723);
#4721 = CARTESIAN_POINT('',(35.687071374143,-24.13004826009,
    1.600050800102));
#4722 = DIRECTION('',(0.,0.,1.));
#4723 = DIRECTION('',(-1.,-1.110223024625E-16,0.));
#4724 = ORIENTED_EDGE('',*,*,#4675,.F.);
#4725 = ORIENTED_EDGE('',*,*,#4726,.F.);
#4726 = EDGE_CURVE('',#4695,#4676,#4727,.T.);
#4727 = CIRCLE('',#4728,0.5);
#4728 = AXIS2_PLACEMENT_3D('',#4729,#4730,#4731);
#4729 = CARTESIAN_POINT('',(35.687071374143,-24.13004826009,0.));
#4730 = DIRECTION('',(0.,0.,1.));
#4731 = DIRECTION('',(-1.,-1.110223024625E-16,0.));
#4732 = CYLINDRICAL_SURFACE('',#4733,0.5);
#4733 = AXIS2_PLACEMENT_3D('',#4734,#4735,#4736);
#4734 = CARTESIAN_POINT('',(35.687071374143,-24.13004826009,0.));
#4735 = DIRECTION('',(-0.,-0.,-1.));
#4736 = DIRECTION('',(-1.,-1.110223024625E-16,0.));
#4737 = ADVANCED_FACE('',(#4738),#4774,.F.);
#4738 = FACE_BOUND('',#4739,.T.);
#4739 = EDGE_LOOP('',(#4740,#4750,#4759,#4767));
#4740 = ORIENTED_EDGE('',*,*,#4741,.T.);
#4741 = EDGE_CURVE('',#4742,#4744,#4746,.T.);
#4742 = VERTEX_POINT('',#4743);
#4743 = CARTESIAN_POINT('',(36.568072136144,23.368046736093,0.));
#4744 = VERTEX_POINT('',#4745);
#4745 = CARTESIAN_POINT('',(36.568072136144,23.368046736093,
    1.600050800102));
#4746 = LINE('',#4747,#4748);
#4747 = CARTESIAN_POINT('',(36.568072136144,23.368046736093,0.));
#4748 = VECTOR('',#4749,1.);
#4749 = DIRECTION('',(0.,0.,1.));
#4750 = ORIENTED_EDGE('',*,*,#4751,.T.);
#4751 = EDGE_CURVE('',#4744,#4752,#4754,.T.);
#4752 = VERTEX_POINT('',#4753);
#4753 = CARTESIAN_POINT('',(35.568072136144,23.368046736093,
    1.600050800102));
#4754 = CIRCLE('',#4755,0.5);
#4755 = AXIS2_PLACEMENT_3D('',#4756,#4757,#4758);
#4756 = CARTESIAN_POINT('',(36.068072136144,23.368046736093,
    1.600050800102));
#4757 = DIRECTION('',(0.,0.,1.));
#4758 = DIRECTION('',(1.,1.110223024625E-16,-0.));
#4759 = ORIENTED_EDGE('',*,*,#4760,.F.);
#4760 = EDGE_CURVE('',#4761,#4752,#4763,.T.);
#4761 = VERTEX_POINT('',#4762);
#4762 = CARTESIAN_POINT('',(35.568072136144,23.368046736093,0.));
#4763 = LINE('',#4764,#4765);
#4764 = CARTESIAN_POINT('',(35.568072136144,23.368046736093,0.));
#4765 = VECTOR('',#4766,1.);
#4766 = DIRECTION('',(0.,0.,1.));
#4767 = ORIENTED_EDGE('',*,*,#4768,.F.);
#4768 = EDGE_CURVE('',#4742,#4761,#4769,.T.);
#4769 = CIRCLE('',#4770,0.5);
#4770 = AXIS2_PLACEMENT_3D('',#4771,#4772,#4773);
#4771 = CARTESIAN_POINT('',(36.068072136144,23.368046736093,0.));
#4772 = DIRECTION('',(0.,0.,1.));
#4773 = DIRECTION('',(1.,1.110223024625E-16,-0.));
#4774 = CYLINDRICAL_SURFACE('',#4775,0.5);
#4775 = AXIS2_PLACEMENT_3D('',#4776,#4777,#4778);
#4776 = CARTESIAN_POINT('',(36.068072136144,23.368046736093,0.));
#4777 = DIRECTION('',(-0.,-0.,-1.));
#4778 = DIRECTION('',(1.,1.110223024625E-16,-0.));
#4779 = ADVANCED_FACE('',(#4780),#4798,.F.);
#4780 = FACE_BOUND('',#4781,.T.);
#4781 = EDGE_LOOP('',(#4782,#4783,#4790,#4791));
#4782 = ORIENTED_EDGE('',*,*,#4760,.T.);
#4783 = ORIENTED_EDGE('',*,*,#4784,.T.);
#4784 = EDGE_CURVE('',#4752,#4744,#4785,.T.);
#4785 = CIRCLE('',#4786,0.5);
#4786 = AXIS2_PLACEMENT_3D('',#4787,#4788,#4789);
#4787 = CARTESIAN_POINT('',(36.068072136144,23.368046736093,
    1.600050800102));
#4788 = DIRECTION('',(0.,0.,1.));
#4789 = DIRECTION('',(-1.,-1.110223024625E-16,0.));
#4790 = ORIENTED_EDGE('',*,*,#4741,.F.);
#4791 = ORIENTED_EDGE('',*,*,#4792,.F.);
#4792 = EDGE_CURVE('',#4761,#4742,#4793,.T.);
#4793 = CIRCLE('',#4794,0.5);
#4794 = AXIS2_PLACEMENT_3D('',#4795,#4796,#4797);
#4795 = CARTESIAN_POINT('',(36.068072136144,23.368046736093,0.));
#4796 = DIRECTION('',(0.,0.,1.));
#4797 = DIRECTION('',(-1.,-1.110223024625E-16,0.));
#4798 = CYLINDRICAL_SURFACE('',#4799,0.5);
#4799 = AXIS2_PLACEMENT_3D('',#4800,#4801,#4802);
#4800 = CARTESIAN_POINT('',(36.068072136144,23.368046736093,0.));
#4801 = DIRECTION('',(-0.,-0.,-1.));
#4802 = DIRECTION('',(-1.,-1.110223024625E-16,0.));
#4803 = ADVANCED_FACE('',(#4804),#4840,.F.);
#4804 = FACE_BOUND('',#4805,.T.);
#4805 = EDGE_LOOP('',(#4806,#4816,#4825,#4833));
#4806 = ORIENTED_EDGE('',*,*,#4807,.T.);
#4807 = EDGE_CURVE('',#4808,#4810,#4812,.T.);
#4808 = VERTEX_POINT('',#4809);
#4809 = CARTESIAN_POINT('',(39.108077216154,23.368046736093,0.));
#4810 = VERTEX_POINT('',#4811);
#4811 = CARTESIAN_POINT('',(39.108077216154,23.368046736093,
    1.600050800102));
#4812 = LINE('',#4813,#4814);
#4813 = CARTESIAN_POINT('',(39.108077216154,23.368046736093,0.));
#4814 = VECTOR('',#4815,1.);
#4815 = DIRECTION('',(0.,0.,1.));
#4816 = ORIENTED_EDGE('',*,*,#4817,.T.);
#4817 = EDGE_CURVE('',#4810,#4818,#4820,.T.);
#4818 = VERTEX_POINT('',#4819);
#4819 = CARTESIAN_POINT('',(38.108077216154,23.368046736093,
    1.600050800102));
#4820 = CIRCLE('',#4821,0.5);
#4821 = AXIS2_PLACEMENT_3D('',#4822,#4823,#4824);
#4822 = CARTESIAN_POINT('',(38.608077216154,23.368046736093,
    1.600050800102));
#4823 = DIRECTION('',(0.,0.,1.));
#4824 = DIRECTION('',(1.,1.110223024625E-16,-0.));
#4825 = ORIENTED_EDGE('',*,*,#4826,.F.);
#4826 = EDGE_CURVE('',#4827,#4818,#4829,.T.);
#4827 = VERTEX_POINT('',#4828);
#4828 = CARTESIAN_POINT('',(38.108077216154,23.368046736093,0.));
#4829 = LINE('',#4830,#4831);
#4830 = CARTESIAN_POINT('',(38.108077216154,23.368046736093,0.));
#4831 = VECTOR('',#4832,1.);
#4832 = DIRECTION('',(0.,0.,1.));
#4833 = ORIENTED_EDGE('',*,*,#4834,.F.);
#4834 = EDGE_CURVE('',#4808,#4827,#4835,.T.);
#4835 = CIRCLE('',#4836,0.5);
#4836 = AXIS2_PLACEMENT_3D('',#4837,#4838,#4839);
#4837 = CARTESIAN_POINT('',(38.608077216154,23.368046736093,0.));
#4838 = DIRECTION('',(0.,0.,1.));
#4839 = DIRECTION('',(1.,1.110223024625E-16,-0.));
#4840 = CYLINDRICAL_SURFACE('',#4841,0.5);
#4841 = AXIS2_PLACEMENT_3D('',#4842,#4843,#4844);
#4842 = CARTESIAN_POINT('',(38.608077216154,23.368046736093,0.));
#4843 = DIRECTION('',(-0.,-0.,-1.));
#4844 = DIRECTION('',(1.,1.110223024625E-16,-0.));
#4845 = ADVANCED_FACE('',(#4846),#4864,.F.);
#4846 = FACE_BOUND('',#4847,.T.);
#4847 = EDGE_LOOP('',(#4848,#4849,#4856,#4857));
#4848 = ORIENTED_EDGE('',*,*,#4826,.T.);
#4849 = ORIENTED_EDGE('',*,*,#4850,.T.);
#4850 = EDGE_CURVE('',#4818,#4810,#4851,.T.);
#4851 = CIRCLE('',#4852,0.5);
#4852 = AXIS2_PLACEMENT_3D('',#4853,#4854,#4855);
#4853 = CARTESIAN_POINT('',(38.608077216154,23.368046736093,
    1.600050800102));
#4854 = DIRECTION('',(0.,0.,1.));
#4855 = DIRECTION('',(-1.,-1.110223024625E-16,0.));
#4856 = ORIENTED_EDGE('',*,*,#4807,.F.);
#4857 = ORIENTED_EDGE('',*,*,#4858,.F.);
#4858 = EDGE_CURVE('',#4827,#4808,#4859,.T.);
#4859 = CIRCLE('',#4860,0.5);
#4860 = AXIS2_PLACEMENT_3D('',#4861,#4862,#4863);
#4861 = CARTESIAN_POINT('',(38.608077216154,23.368046736093,0.));
#4862 = DIRECTION('',(0.,0.,1.));
#4863 = DIRECTION('',(-1.,-1.110223024625E-16,0.));
#4864 = CYLINDRICAL_SURFACE('',#4865,0.5);
#4865 = AXIS2_PLACEMENT_3D('',#4866,#4867,#4868);
#4866 = CARTESIAN_POINT('',(38.608077216154,23.368046736093,0.));
#4867 = DIRECTION('',(-0.,-0.,-1.));
#4868 = DIRECTION('',(-1.,-1.110223024625E-16,0.));
#4869 = ADVANCED_FACE('',(#4870),#4906,.F.);
#4870 = FACE_BOUND('',#4871,.T.);
#4871 = EDGE_LOOP('',(#4872,#4882,#4891,#4899));
#4872 = ORIENTED_EDGE('',*,*,#4873,.T.);
#4873 = EDGE_CURVE('',#4874,#4876,#4878,.T.);
#4874 = VERTEX_POINT('',#4875);
#4875 = CARTESIAN_POINT('',(44.569088138176,-1.397002794006,0.));
#4876 = VERTEX_POINT('',#4877);
#4877 = CARTESIAN_POINT('',(44.569088138176,-1.397002794006,
    1.600050800102));
#4878 = LINE('',#4879,#4880);
#4879 = CARTESIAN_POINT('',(44.569088138176,-1.397002794006,0.));
#4880 = VECTOR('',#4881,1.);
#4881 = DIRECTION('',(0.,0.,1.));
#4882 = ORIENTED_EDGE('',*,*,#4883,.T.);
#4883 = EDGE_CURVE('',#4876,#4884,#4886,.T.);
#4884 = VERTEX_POINT('',#4885);
#4885 = CARTESIAN_POINT('',(43.569088138176,-1.397002794006,
    1.600050800102));
#4886 = CIRCLE('',#4887,0.5);
#4887 = AXIS2_PLACEMENT_3D('',#4888,#4889,#4890);
#4888 = CARTESIAN_POINT('',(44.069088138176,-1.397002794006,
    1.600050800102));
#4889 = DIRECTION('',(0.,0.,1.));
#4890 = DIRECTION('',(1.,1.110223024625E-16,-0.));
#4891 = ORIENTED_EDGE('',*,*,#4892,.F.);
#4892 = EDGE_CURVE('',#4893,#4884,#4895,.T.);
#4893 = VERTEX_POINT('',#4894);
#4894 = CARTESIAN_POINT('',(43.569088138176,-1.397002794006,0.));
#4895 = LINE('',#4896,#4897);
#4896 = CARTESIAN_POINT('',(43.569088138176,-1.397002794006,0.));
#4897 = VECTOR('',#4898,1.);
#4898 = DIRECTION('',(0.,0.,1.));
#4899 = ORIENTED_EDGE('',*,*,#4900,.F.);
#4900 = EDGE_CURVE('',#4874,#4893,#4901,.T.);
#4901 = CIRCLE('',#4902,0.5);
#4902 = AXIS2_PLACEMENT_3D('',#4903,#4904,#4905);
#4903 = CARTESIAN_POINT('',(44.069088138176,-1.397002794006,0.));
#4904 = DIRECTION('',(0.,0.,1.));
#4905 = DIRECTION('',(1.,1.110223024625E-16,-0.));
#4906 = CYLINDRICAL_SURFACE('',#4907,0.5);
#4907 = AXIS2_PLACEMENT_3D('',#4908,#4909,#4910);
#4908 = CARTESIAN_POINT('',(44.069088138176,-1.397002794006,0.));
#4909 = DIRECTION('',(-0.,-0.,-1.));
#4910 = DIRECTION('',(1.,1.110223024625E-16,-0.));
#4911 = ADVANCED_FACE('',(#4912),#4930,.F.);
#4912 = FACE_BOUND('',#4913,.T.);
#4913 = EDGE_LOOP('',(#4914,#4915,#4922,#4923));
#4914 = ORIENTED_EDGE('',*,*,#4892,.T.);
#4915 = ORIENTED_EDGE('',*,*,#4916,.T.);
#4916 = EDGE_CURVE('',#4884,#4876,#4917,.T.);
#4917 = CIRCLE('',#4918,0.5);
#4918 = AXIS2_PLACEMENT_3D('',#4919,#4920,#4921);
#4919 = CARTESIAN_POINT('',(44.069088138176,-1.397002794006,
    1.600050800102));
#4920 = DIRECTION('',(0.,0.,1.));
#4921 = DIRECTION('',(-1.,-1.110223024625E-16,0.));
#4922 = ORIENTED_EDGE('',*,*,#4873,.F.);
#4923 = ORIENTED_EDGE('',*,*,#4924,.F.);
#4924 = EDGE_CURVE('',#4893,#4874,#4925,.T.);
#4925 = CIRCLE('',#4926,0.5);
#4926 = AXIS2_PLACEMENT_3D('',#4927,#4928,#4929);
#4927 = CARTESIAN_POINT('',(44.069088138176,-1.397002794006,0.));
#4928 = DIRECTION('',(0.,0.,1.));
#4929 = DIRECTION('',(-1.,-1.110223024625E-16,0.));
#4930 = CYLINDRICAL_SURFACE('',#4931,0.5);
#4931 = AXIS2_PLACEMENT_3D('',#4932,#4933,#4934);
#4932 = CARTESIAN_POINT('',(44.069088138176,-1.397002794006,0.));
#4933 = DIRECTION('',(-0.,-0.,-1.));
#4934 = DIRECTION('',(-1.,-1.110223024625E-16,0.));
#4935 = ADVANCED_FACE('',(#4936),#4972,.F.);
#4936 = FACE_BOUND('',#4937,.T.);
#4937 = EDGE_LOOP('',(#4938,#4948,#4957,#4965));
#4938 = ORIENTED_EDGE('',*,*,#4939,.T.);
#4939 = EDGE_CURVE('',#4940,#4942,#4944,.T.);
#4940 = VERTEX_POINT('',#4941);
#4941 = CARTESIAN_POINT('',(47.109093218186,-1.397002794006,0.));
#4942 = VERTEX_POINT('',#4943);
#4943 = CARTESIAN_POINT('',(47.109093218186,-1.397002794006,
    1.600050800102));
#4944 = LINE('',#4945,#4946);
#4945 = CARTESIAN_POINT('',(47.109093218186,-1.397002794006,0.));
#4946 = VECTOR('',#4947,1.);
#4947 = DIRECTION('',(0.,0.,1.));
#4948 = ORIENTED_EDGE('',*,*,#4949,.T.);
#4949 = EDGE_CURVE('',#4942,#4950,#4952,.T.);
#4950 = VERTEX_POINT('',#4951);
#4951 = CARTESIAN_POINT('',(46.109093218186,-1.397002794006,
    1.600050800102));
#4952 = CIRCLE('',#4953,0.5);
#4953 = AXIS2_PLACEMENT_3D('',#4954,#4955,#4956);
#4954 = CARTESIAN_POINT('',(46.609093218186,-1.397002794006,
    1.600050800102));
#4955 = DIRECTION('',(0.,0.,1.));
#4956 = DIRECTION('',(1.,1.110223024625E-16,-0.));
#4957 = ORIENTED_EDGE('',*,*,#4958,.F.);
#4958 = EDGE_CURVE('',#4959,#4950,#4961,.T.);
#4959 = VERTEX_POINT('',#4960);
#4960 = CARTESIAN_POINT('',(46.109093218186,-1.397002794006,0.));
#4961 = LINE('',#4962,#4963);
#4962 = CARTESIAN_POINT('',(46.109093218186,-1.397002794006,0.));
#4963 = VECTOR('',#4964,1.);
#4964 = DIRECTION('',(0.,0.,1.));
#4965 = ORIENTED_EDGE('',*,*,#4966,.F.);
#4966 = EDGE_CURVE('',#4940,#4959,#4967,.T.);
#4967 = CIRCLE('',#4968,0.5);
#4968 = AXIS2_PLACEMENT_3D('',#4969,#4970,#4971);
#4969 = CARTESIAN_POINT('',(46.609093218186,-1.397002794006,0.));
#4970 = DIRECTION('',(0.,0.,1.));
#4971 = DIRECTION('',(1.,1.110223024625E-16,-0.));
#4972 = CYLINDRICAL_SURFACE('',#4973,0.5);
#4973 = AXIS2_PLACEMENT_3D('',#4974,#4975,#4976);
#4974 = CARTESIAN_POINT('',(46.609093218186,-1.397002794006,0.));
#4975 = DIRECTION('',(-0.,-0.,-1.));
#4976 = DIRECTION('',(1.,1.110223024625E-16,-0.));
#4977 = ADVANCED_FACE('',(#4978),#4996,.F.);
#4978 = FACE_BOUND('',#4979,.T.);
#4979 = EDGE_LOOP('',(#4980,#4981,#4988,#4989));
#4980 = ORIENTED_EDGE('',*,*,#4958,.T.);
#4981 = ORIENTED_EDGE('',*,*,#4982,.T.);
#4982 = EDGE_CURVE('',#4950,#4942,#4983,.T.);
#4983 = CIRCLE('',#4984,0.5);
#4984 = AXIS2_PLACEMENT_3D('',#4985,#4986,#4987);
#4985 = CARTESIAN_POINT('',(46.609093218186,-1.397002794006,
    1.600050800102));
#4986 = DIRECTION('',(0.,0.,1.));
#4987 = DIRECTION('',(-1.,-1.110223024625E-16,0.));
#4988 = ORIENTED_EDGE('',*,*,#4939,.F.);
#4989 = ORIENTED_EDGE('',*,*,#4990,.F.);
#4990 = EDGE_CURVE('',#4959,#4940,#4991,.T.);
#4991 = CIRCLE('',#4992,0.5);
#4992 = AXIS2_PLACEMENT_3D('',#4993,#4994,#4995);
#4993 = CARTESIAN_POINT('',(46.609093218186,-1.397002794006,0.));
#4994 = DIRECTION('',(0.,0.,1.));
#4995 = DIRECTION('',(-1.,-1.110223024625E-16,0.));
#4996 = CYLINDRICAL_SURFACE('',#4997,0.5);
#4997 = AXIS2_PLACEMENT_3D('',#4998,#4999,#5000);
#4998 = CARTESIAN_POINT('',(46.609093218186,-1.397002794006,0.));
#4999 = DIRECTION('',(-0.,-0.,-1.));
#5000 = DIRECTION('',(-1.,-1.110223024625E-16,0.));
#5001 = ADVANCED_FACE('',(#5002,#5006,#5010,#5014,#5018,#5022,#5026,
    #5030,#5034,#5038,#5042,#5046,#5050,#5054,#5058,#5062,#5066,#5070,
    #5074,#5078,#5082,#5086,#5090,#5094,#5098,#5102,#5106,#5110,#5114,
    #5118,#5122,#5126,#5130,#5134,#5138,#5142,#5146,#5150,#5154,#5158,
    #5162,#5166,#5170,#5174,#5178,#5182,#5186,#5190,#5194,#5198,#5202,
    #5206,#5210,#5214,#5218,#5222,#5226,#5230,#5234,#5238,#5242,#5246,
    #5250,#5254,#5258,#5262,#5266,#5270,#5274,#5278,#5282,#5286,#5290,
    #5294,#5298),#5302,.T.);
#5002 = FACE_BOUND('',#5003,.T.);
#5003 = EDGE_LOOP('',(#5004,#5005));
#5004 = ORIENTED_EDGE('',*,*,#82,.T.);
#5005 = ORIENTED_EDGE('',*,*,#106,.T.);
#5006 = FACE_BOUND('',#5007,.T.);
#5007 = EDGE_LOOP('',(#5008,#5009));
#5008 = ORIENTED_EDGE('',*,*,#148,.T.);
#5009 = ORIENTED_EDGE('',*,*,#172,.T.);
#5010 = FACE_BOUND('',#5011,.T.);
#5011 = EDGE_LOOP('',(#5012,#5013));
#5012 = ORIENTED_EDGE('',*,*,#214,.T.);
#5013 = ORIENTED_EDGE('',*,*,#238,.T.);
#5014 = FACE_BOUND('',#5015,.T.);
#5015 = EDGE_LOOP('',(#5016,#5017));
#5016 = ORIENTED_EDGE('',*,*,#280,.T.);
#5017 = ORIENTED_EDGE('',*,*,#304,.T.);
#5018 = FACE_BOUND('',#5019,.T.);
#5019 = EDGE_LOOP('',(#5020,#5021));
#5020 = ORIENTED_EDGE('',*,*,#346,.T.);
#5021 = ORIENTED_EDGE('',*,*,#370,.T.);
#5022 = FACE_BOUND('',#5023,.T.);
#5023 = EDGE_LOOP('',(#5024,#5025));
#5024 = ORIENTED_EDGE('',*,*,#412,.T.);
#5025 = ORIENTED_EDGE('',*,*,#436,.T.);
#5026 = FACE_BOUND('',#5027,.T.);
#5027 = EDGE_LOOP('',(#5028,#5029));
#5028 = ORIENTED_EDGE('',*,*,#478,.T.);
#5029 = ORIENTED_EDGE('',*,*,#502,.T.);
#5030 = FACE_BOUND('',#5031,.T.);
#5031 = EDGE_LOOP('',(#5032,#5033));
#5032 = ORIENTED_EDGE('',*,*,#544,.T.);
#5033 = ORIENTED_EDGE('',*,*,#568,.T.);
#5034 = FACE_BOUND('',#5035,.T.);
#5035 = EDGE_LOOP('',(#5036,#5037));
#5036 = ORIENTED_EDGE('',*,*,#610,.T.);
#5037 = ORIENTED_EDGE('',*,*,#634,.T.);
#5038 = FACE_BOUND('',#5039,.T.);
#5039 = EDGE_LOOP('',(#5040,#5041));
#5040 = ORIENTED_EDGE('',*,*,#676,.T.);
#5041 = ORIENTED_EDGE('',*,*,#700,.T.);
#5042 = FACE_BOUND('',#5043,.T.);
#5043 = EDGE_LOOP('',(#5044,#5045));
#5044 = ORIENTED_EDGE('',*,*,#742,.T.);
#5045 = ORIENTED_EDGE('',*,*,#766,.T.);
#5046 = FACE_BOUND('',#5047,.T.);
#5047 = EDGE_LOOP('',(#5048,#5049));
#5048 = ORIENTED_EDGE('',*,*,#808,.T.);
#5049 = ORIENTED_EDGE('',*,*,#832,.T.);
#5050 = FACE_BOUND('',#5051,.T.);
#5051 = EDGE_LOOP('',(#5052,#5053));
#5052 = ORIENTED_EDGE('',*,*,#874,.T.);
#5053 = ORIENTED_EDGE('',*,*,#898,.T.);
#5054 = FACE_BOUND('',#5055,.T.);
#5055 = EDGE_LOOP('',(#5056,#5057));
#5056 = ORIENTED_EDGE('',*,*,#940,.T.);
#5057 = ORIENTED_EDGE('',*,*,#964,.T.);
#5058 = FACE_BOUND('',#5059,.T.);
#5059 = EDGE_LOOP('',(#5060,#5061));
#5060 = ORIENTED_EDGE('',*,*,#1006,.T.);
#5061 = ORIENTED_EDGE('',*,*,#1030,.T.);
#5062 = FACE_BOUND('',#5063,.T.);
#5063 = EDGE_LOOP('',(#5064,#5065));
#5064 = ORIENTED_EDGE('',*,*,#1072,.T.);
#5065 = ORIENTED_EDGE('',*,*,#1096,.T.);
#5066 = FACE_BOUND('',#5067,.T.);
#5067 = EDGE_LOOP('',(#5068,#5069));
#5068 = ORIENTED_EDGE('',*,*,#1138,.T.);
#5069 = ORIENTED_EDGE('',*,*,#1162,.T.);
#5070 = FACE_BOUND('',#5071,.T.);
#5071 = EDGE_LOOP('',(#5072,#5073));
#5072 = ORIENTED_EDGE('',*,*,#1204,.T.);
#5073 = ORIENTED_EDGE('',*,*,#1228,.T.);
#5074 = FACE_BOUND('',#5075,.T.);
#5075 = EDGE_LOOP('',(#5076,#5077));
#5076 = ORIENTED_EDGE('',*,*,#1270,.T.);
#5077 = ORIENTED_EDGE('',*,*,#1294,.T.);
#5078 = FACE_BOUND('',#5079,.T.);
#5079 = EDGE_LOOP('',(#5080,#5081));
#5080 = ORIENTED_EDGE('',*,*,#1336,.T.);
#5081 = ORIENTED_EDGE('',*,*,#1360,.T.);
#5082 = FACE_BOUND('',#5083,.T.);
#5083 = EDGE_LOOP('',(#5084,#5085));
#5084 = ORIENTED_EDGE('',*,*,#1402,.T.);
#5085 = ORIENTED_EDGE('',*,*,#1426,.T.);
#5086 = FACE_BOUND('',#5087,.T.);
#5087 = EDGE_LOOP('',(#5088,#5089));
#5088 = ORIENTED_EDGE('',*,*,#1468,.T.);
#5089 = ORIENTED_EDGE('',*,*,#1492,.T.);
#5090 = FACE_BOUND('',#5091,.T.);
#5091 = EDGE_LOOP('',(#5092,#5093));
#5092 = ORIENTED_EDGE('',*,*,#1534,.T.);
#5093 = ORIENTED_EDGE('',*,*,#1558,.T.);
#5094 = FACE_BOUND('',#5095,.T.);
#5095 = EDGE_LOOP('',(#5096,#5097));
#5096 = ORIENTED_EDGE('',*,*,#1600,.T.);
#5097 = ORIENTED_EDGE('',*,*,#1624,.T.);
#5098 = FACE_BOUND('',#5099,.T.);
#5099 = EDGE_LOOP('',(#5100,#5101));
#5100 = ORIENTED_EDGE('',*,*,#1666,.T.);
#5101 = ORIENTED_EDGE('',*,*,#1690,.T.);
#5102 = FACE_BOUND('',#5103,.T.);
#5103 = EDGE_LOOP('',(#5104,#5105));
#5104 = ORIENTED_EDGE('',*,*,#1732,.T.);
#5105 = ORIENTED_EDGE('',*,*,#1756,.T.);
#5106 = FACE_BOUND('',#5107,.T.);
#5107 = EDGE_LOOP('',(#5108,#5109));
#5108 = ORIENTED_EDGE('',*,*,#1798,.T.);
#5109 = ORIENTED_EDGE('',*,*,#1822,.T.);
#5110 = FACE_BOUND('',#5111,.T.);
#5111 = EDGE_LOOP('',(#5112,#5113));
#5112 = ORIENTED_EDGE('',*,*,#1864,.T.);
#5113 = ORIENTED_EDGE('',*,*,#1888,.T.);
#5114 = FACE_BOUND('',#5115,.T.);
#5115 = EDGE_LOOP('',(#5116,#5117));
#5116 = ORIENTED_EDGE('',*,*,#1930,.T.);
#5117 = ORIENTED_EDGE('',*,*,#1954,.T.);
#5118 = FACE_BOUND('',#5119,.T.);
#5119 = EDGE_LOOP('',(#5120,#5121));
#5120 = ORIENTED_EDGE('',*,*,#1996,.T.);
#5121 = ORIENTED_EDGE('',*,*,#2020,.T.);
#5122 = FACE_BOUND('',#5123,.T.);
#5123 = EDGE_LOOP('',(#5124,#5125));
#5124 = ORIENTED_EDGE('',*,*,#2062,.T.);
#5125 = ORIENTED_EDGE('',*,*,#2086,.T.);
#5126 = FACE_BOUND('',#5127,.T.);
#5127 = EDGE_LOOP('',(#5128,#5129));
#5128 = ORIENTED_EDGE('',*,*,#2128,.T.);
#5129 = ORIENTED_EDGE('',*,*,#2152,.T.);
#5130 = FACE_BOUND('',#5131,.T.);
#5131 = EDGE_LOOP('',(#5132,#5133));
#5132 = ORIENTED_EDGE('',*,*,#2194,.T.);
#5133 = ORIENTED_EDGE('',*,*,#2218,.T.);
#5134 = FACE_BOUND('',#5135,.T.);
#5135 = EDGE_LOOP('',(#5136,#5137));
#5136 = ORIENTED_EDGE('',*,*,#2260,.T.);
#5137 = ORIENTED_EDGE('',*,*,#2284,.T.);
#5138 = FACE_BOUND('',#5139,.T.);
#5139 = EDGE_LOOP('',(#5140,#5141));
#5140 = ORIENTED_EDGE('',*,*,#2326,.T.);
#5141 = ORIENTED_EDGE('',*,*,#2350,.T.);
#5142 = FACE_BOUND('',#5143,.T.);
#5143 = EDGE_LOOP('',(#5144,#5145));
#5144 = ORIENTED_EDGE('',*,*,#2392,.T.);
#5145 = ORIENTED_EDGE('',*,*,#2416,.T.);
#5146 = FACE_BOUND('',#5147,.T.);
#5147 = EDGE_LOOP('',(#5148,#5149));
#5148 = ORIENTED_EDGE('',*,*,#2458,.T.);
#5149 = ORIENTED_EDGE('',*,*,#2482,.T.);
#5150 = FACE_BOUND('',#5151,.T.);
#5151 = EDGE_LOOP('',(#5152,#5153));
#5152 = ORIENTED_EDGE('',*,*,#2524,.T.);
#5153 = ORIENTED_EDGE('',*,*,#2548,.T.);
#5154 = FACE_BOUND('',#5155,.T.);
#5155 = EDGE_LOOP('',(#5156,#5157));
#5156 = ORIENTED_EDGE('',*,*,#2590,.T.);
#5157 = ORIENTED_EDGE('',*,*,#2614,.T.);
#5158 = FACE_BOUND('',#5159,.T.);
#5159 = EDGE_LOOP('',(#5160,#5161));
#5160 = ORIENTED_EDGE('',*,*,#2656,.T.);
#5161 = ORIENTED_EDGE('',*,*,#2680,.T.);
#5162 = FACE_BOUND('',#5163,.T.);
#5163 = EDGE_LOOP('',(#5164,#5165));
#5164 = ORIENTED_EDGE('',*,*,#2722,.T.);
#5165 = ORIENTED_EDGE('',*,*,#2746,.T.);
#5166 = FACE_BOUND('',#5167,.T.);
#5167 = EDGE_LOOP('',(#5168,#5169));
#5168 = ORIENTED_EDGE('',*,*,#2788,.T.);
#5169 = ORIENTED_EDGE('',*,*,#2812,.T.);
#5170 = FACE_BOUND('',#5171,.T.);
#5171 = EDGE_LOOP('',(#5172,#5173));
#5172 = ORIENTED_EDGE('',*,*,#2854,.T.);
#5173 = ORIENTED_EDGE('',*,*,#2878,.T.);
#5174 = FACE_BOUND('',#5175,.T.);
#5175 = EDGE_LOOP('',(#5176,#5177));
#5176 = ORIENTED_EDGE('',*,*,#2920,.T.);
#5177 = ORIENTED_EDGE('',*,*,#2944,.T.);
#5178 = FACE_BOUND('',#5179,.T.);
#5179 = EDGE_LOOP('',(#5180,#5181));
#5180 = ORIENTED_EDGE('',*,*,#2986,.T.);
#5181 = ORIENTED_EDGE('',*,*,#3010,.T.);
#5182 = FACE_BOUND('',#5183,.T.);
#5183 = EDGE_LOOP('',(#5184,#5185));
#5184 = ORIENTED_EDGE('',*,*,#3052,.T.);
#5185 = ORIENTED_EDGE('',*,*,#3076,.T.);
#5186 = FACE_BOUND('',#5187,.T.);
#5187 = EDGE_LOOP('',(#5188,#5189));
#5188 = ORIENTED_EDGE('',*,*,#3118,.T.);
#5189 = ORIENTED_EDGE('',*,*,#3142,.T.);
#5190 = FACE_BOUND('',#5191,.T.);
#5191 = EDGE_LOOP('',(#5192,#5193));
#5192 = ORIENTED_EDGE('',*,*,#3184,.T.);
#5193 = ORIENTED_EDGE('',*,*,#3208,.T.);
#5194 = FACE_BOUND('',#5195,.T.);
#5195 = EDGE_LOOP('',(#5196,#5197));
#5196 = ORIENTED_EDGE('',*,*,#3250,.T.);
#5197 = ORIENTED_EDGE('',*,*,#3274,.T.);
#5198 = FACE_BOUND('',#5199,.T.);
#5199 = EDGE_LOOP('',(#5200,#5201));
#5200 = ORIENTED_EDGE('',*,*,#3316,.T.);
#5201 = ORIENTED_EDGE('',*,*,#3340,.T.);
#5202 = FACE_BOUND('',#5203,.T.);
#5203 = EDGE_LOOP('',(#5204,#5205));
#5204 = ORIENTED_EDGE('',*,*,#3382,.T.);
#5205 = ORIENTED_EDGE('',*,*,#3406,.T.);
#5206 = FACE_BOUND('',#5207,.T.);
#5207 = EDGE_LOOP('',(#5208,#5209));
#5208 = ORIENTED_EDGE('',*,*,#3448,.T.);
#5209 = ORIENTED_EDGE('',*,*,#3472,.T.);
#5210 = FACE_BOUND('',#5211,.T.);
#5211 = EDGE_LOOP('',(#5212,#5213));
#5212 = ORIENTED_EDGE('',*,*,#3514,.T.);
#5213 = ORIENTED_EDGE('',*,*,#3538,.T.);
#5214 = FACE_BOUND('',#5215,.T.);
#5215 = EDGE_LOOP('',(#5216,#5217));
#5216 = ORIENTED_EDGE('',*,*,#3580,.T.);
#5217 = ORIENTED_EDGE('',*,*,#3604,.T.);
#5218 = FACE_BOUND('',#5219,.T.);
#5219 = EDGE_LOOP('',(#5220,#5221));
#5220 = ORIENTED_EDGE('',*,*,#3646,.T.);
#5221 = ORIENTED_EDGE('',*,*,#3670,.T.);
#5222 = FACE_BOUND('',#5223,.T.);
#5223 = EDGE_LOOP('',(#5224,#5225));
#5224 = ORIENTED_EDGE('',*,*,#3712,.T.);
#5225 = ORIENTED_EDGE('',*,*,#3736,.T.);
#5226 = FACE_BOUND('',#5227,.T.);
#5227 = EDGE_LOOP('',(#5228,#5229));
#5228 = ORIENTED_EDGE('',*,*,#3778,.T.);
#5229 = ORIENTED_EDGE('',*,*,#3802,.T.);
#5230 = FACE_BOUND('',#5231,.T.);
#5231 = EDGE_LOOP('',(#5232,#5233));
#5232 = ORIENTED_EDGE('',*,*,#3844,.T.);
#5233 = ORIENTED_EDGE('',*,*,#3868,.T.);
#5234 = FACE_BOUND('',#5235,.T.);
#5235 = EDGE_LOOP('',(#5236,#5237));
#5236 = ORIENTED_EDGE('',*,*,#3910,.T.);
#5237 = ORIENTED_EDGE('',*,*,#3934,.T.);
#5238 = FACE_BOUND('',#5239,.T.);
#5239 = EDGE_LOOP('',(#5240,#5241));
#5240 = ORIENTED_EDGE('',*,*,#3976,.T.);
#5241 = ORIENTED_EDGE('',*,*,#4000,.T.);
#5242 = FACE_BOUND('',#5243,.T.);
#5243 = EDGE_LOOP('',(#5244,#5245));
#5244 = ORIENTED_EDGE('',*,*,#4042,.T.);
#5245 = ORIENTED_EDGE('',*,*,#4066,.T.);
#5246 = FACE_BOUND('',#5247,.T.);
#5247 = EDGE_LOOP('',(#5248,#5249));
#5248 = ORIENTED_EDGE('',*,*,#4108,.T.);
#5249 = ORIENTED_EDGE('',*,*,#4132,.T.);
#5250 = FACE_BOUND('',#5251,.T.);
#5251 = EDGE_LOOP('',(#5252,#5253));
#5252 = ORIENTED_EDGE('',*,*,#4174,.T.);
#5253 = ORIENTED_EDGE('',*,*,#4198,.T.);
#5254 = FACE_BOUND('',#5255,.T.);
#5255 = EDGE_LOOP('',(#5256,#5257));
#5256 = ORIENTED_EDGE('',*,*,#4240,.T.);
#5257 = ORIENTED_EDGE('',*,*,#4264,.T.);
#5258 = FACE_BOUND('',#5259,.T.);
#5259 = EDGE_LOOP('',(#5260,#5261));
#5260 = ORIENTED_EDGE('',*,*,#4306,.T.);
#5261 = ORIENTED_EDGE('',*,*,#4330,.T.);
#5262 = FACE_BOUND('',#5263,.T.);
#5263 = EDGE_LOOP('',(#5264,#5265));
#5264 = ORIENTED_EDGE('',*,*,#4372,.T.);
#5265 = ORIENTED_EDGE('',*,*,#4396,.T.);
#5266 = FACE_BOUND('',#5267,.T.);
#5267 = EDGE_LOOP('',(#5268,#5269));
#5268 = ORIENTED_EDGE('',*,*,#4438,.T.);
#5269 = ORIENTED_EDGE('',*,*,#4462,.T.);
#5270 = FACE_BOUND('',#5271,.T.);
#5271 = EDGE_LOOP('',(#5272,#5273));
#5272 = ORIENTED_EDGE('',*,*,#4504,.T.);
#5273 = ORIENTED_EDGE('',*,*,#4528,.T.);
#5274 = FACE_BOUND('',#5275,.T.);
#5275 = EDGE_LOOP('',(#5276,#5277));
#5276 = ORIENTED_EDGE('',*,*,#4570,.T.);
#5277 = ORIENTED_EDGE('',*,*,#4594,.T.);
#5278 = FACE_BOUND('',#5279,.T.);
#5279 = EDGE_LOOP('',(#5280,#5281));
#5280 = ORIENTED_EDGE('',*,*,#4636,.T.);
#5281 = ORIENTED_EDGE('',*,*,#4660,.T.);
#5282 = FACE_BOUND('',#5283,.T.);
#5283 = EDGE_LOOP('',(#5284,#5285));
#5284 = ORIENTED_EDGE('',*,*,#4702,.T.);
#5285 = ORIENTED_EDGE('',*,*,#4726,.T.);
#5286 = FACE_BOUND('',#5287,.T.);
#5287 = EDGE_LOOP('',(#5288,#5289));
#5288 = ORIENTED_EDGE('',*,*,#4768,.T.);
#5289 = ORIENTED_EDGE('',*,*,#4792,.T.);
#5290 = FACE_BOUND('',#5291,.T.);
#5291 = EDGE_LOOP('',(#5292,#5293));
#5292 = ORIENTED_EDGE('',*,*,#4834,.T.);
#5293 = ORIENTED_EDGE('',*,*,#4858,.T.);
#5294 = FACE_BOUND('',#5295,.T.);
#5295 = EDGE_LOOP('',(#5296,#5297));
#5296 = ORIENTED_EDGE('',*,*,#4900,.T.);
#5297 = ORIENTED_EDGE('',*,*,#4924,.T.);
#5298 = FACE_BOUND('',#5299,.T.);
#5299 = EDGE_LOOP('',(#5300,#5301));
#5300 = ORIENTED_EDGE('',*,*,#4966,.T.);
#5301 = ORIENTED_EDGE('',*,*,#4990,.T.);
#5302 = PLANE('',#5303);
#5303 = AXIS2_PLACEMENT_3D('',#5304,#5305,#5306);
#5304 = CARTESIAN_POINT('',(0.127000254001,0.254000508001,0.));
#5305 = DIRECTION('',(-0.,-0.,-1.));
#5306 = DIRECTION('',(-1.,0.,0.));
#5307 = ADVANCED_FACE('',(#5308,#5312,#5316,#5320,#5324,#5328,#5332,
    #5336,#5340,#5344,#5348,#5352,#5356,#5360,#5364,#5368,#5372,#5376,
    #5380,#5384,#5388,#5392,#5396,#5400,#5404,#5408,#5412,#5416,#5420,
    #5424,#5428,#5432,#5436,#5440,#5444,#5448,#5452,#5456,#5460,#5464,
    #5468,#5472,#5476,#5480,#5484,#5488,#5492,#5496,#5500,#5504,#5508,
    #5512,#5516,#5520,#5524,#5528,#5532,#5536,#5540,#5544,#5548,#5552,
    #5556,#5560,#5564,#5568,#5572,#5576,#5580,#5584,#5588,#5592,#5596,
    #5600,#5604),#5608,.F.);
#5308 = FACE_BOUND('',#5309,.F.);
#5309 = EDGE_LOOP('',(#5310,#5311));
#5310 = ORIENTED_EDGE('',*,*,#65,.T.);
#5311 = ORIENTED_EDGE('',*,*,#98,.T.);
#5312 = FACE_BOUND('',#5313,.F.);
#5313 = EDGE_LOOP('',(#5314,#5315));
#5314 = ORIENTED_EDGE('',*,*,#131,.T.);
#5315 = ORIENTED_EDGE('',*,*,#164,.T.);
#5316 = FACE_BOUND('',#5317,.F.);
#5317 = EDGE_LOOP('',(#5318,#5319));
#5318 = ORIENTED_EDGE('',*,*,#197,.T.);
#5319 = ORIENTED_EDGE('',*,*,#230,.T.);
#5320 = FACE_BOUND('',#5321,.F.);
#5321 = EDGE_LOOP('',(#5322,#5323));
#5322 = ORIENTED_EDGE('',*,*,#263,.T.);
#5323 = ORIENTED_EDGE('',*,*,#296,.T.);
#5324 = FACE_BOUND('',#5325,.F.);
#5325 = EDGE_LOOP('',(#5326,#5327));
#5326 = ORIENTED_EDGE('',*,*,#329,.T.);
#5327 = ORIENTED_EDGE('',*,*,#362,.T.);
#5328 = FACE_BOUND('',#5329,.F.);
#5329 = EDGE_LOOP('',(#5330,#5331));
#5330 = ORIENTED_EDGE('',*,*,#395,.T.);
#5331 = ORIENTED_EDGE('',*,*,#428,.T.);
#5332 = FACE_BOUND('',#5333,.F.);
#5333 = EDGE_LOOP('',(#5334,#5335));
#5334 = ORIENTED_EDGE('',*,*,#461,.T.);
#5335 = ORIENTED_EDGE('',*,*,#494,.T.);
#5336 = FACE_BOUND('',#5337,.F.);
#5337 = EDGE_LOOP('',(#5338,#5339));
#5338 = ORIENTED_EDGE('',*,*,#527,.T.);
#5339 = ORIENTED_EDGE('',*,*,#560,.T.);
#5340 = FACE_BOUND('',#5341,.F.);
#5341 = EDGE_LOOP('',(#5342,#5343));
#5342 = ORIENTED_EDGE('',*,*,#593,.T.);
#5343 = ORIENTED_EDGE('',*,*,#626,.T.);
#5344 = FACE_BOUND('',#5345,.F.);
#5345 = EDGE_LOOP('',(#5346,#5347));
#5346 = ORIENTED_EDGE('',*,*,#659,.T.);
#5347 = ORIENTED_EDGE('',*,*,#692,.T.);
#5348 = FACE_BOUND('',#5349,.F.);
#5349 = EDGE_LOOP('',(#5350,#5351));
#5350 = ORIENTED_EDGE('',*,*,#725,.T.);
#5351 = ORIENTED_EDGE('',*,*,#758,.T.);
#5352 = FACE_BOUND('',#5353,.F.);
#5353 = EDGE_LOOP('',(#5354,#5355));
#5354 = ORIENTED_EDGE('',*,*,#791,.T.);
#5355 = ORIENTED_EDGE('',*,*,#824,.T.);
#5356 = FACE_BOUND('',#5357,.F.);
#5357 = EDGE_LOOP('',(#5358,#5359));
#5358 = ORIENTED_EDGE('',*,*,#857,.T.);
#5359 = ORIENTED_EDGE('',*,*,#890,.T.);
#5360 = FACE_BOUND('',#5361,.F.);
#5361 = EDGE_LOOP('',(#5362,#5363));
#5362 = ORIENTED_EDGE('',*,*,#923,.T.);
#5363 = ORIENTED_EDGE('',*,*,#956,.T.);
#5364 = FACE_BOUND('',#5365,.F.);
#5365 = EDGE_LOOP('',(#5366,#5367));
#5366 = ORIENTED_EDGE('',*,*,#989,.T.);
#5367 = ORIENTED_EDGE('',*,*,#1022,.T.);
#5368 = FACE_BOUND('',#5369,.F.);
#5369 = EDGE_LOOP('',(#5370,#5371));
#5370 = ORIENTED_EDGE('',*,*,#1055,.T.);
#5371 = ORIENTED_EDGE('',*,*,#1088,.T.);
#5372 = FACE_BOUND('',#5373,.F.);
#5373 = EDGE_LOOP('',(#5374,#5375));
#5374 = ORIENTED_EDGE('',*,*,#1121,.T.);
#5375 = ORIENTED_EDGE('',*,*,#1154,.T.);
#5376 = FACE_BOUND('',#5377,.F.);
#5377 = EDGE_LOOP('',(#5378,#5379));
#5378 = ORIENTED_EDGE('',*,*,#1187,.T.);
#5379 = ORIENTED_EDGE('',*,*,#1220,.T.);
#5380 = FACE_BOUND('',#5381,.F.);
#5381 = EDGE_LOOP('',(#5382,#5383));
#5382 = ORIENTED_EDGE('',*,*,#1253,.T.);
#5383 = ORIENTED_EDGE('',*,*,#1286,.T.);
#5384 = FACE_BOUND('',#5385,.F.);
#5385 = EDGE_LOOP('',(#5386,#5387));
#5386 = ORIENTED_EDGE('',*,*,#1319,.T.);
#5387 = ORIENTED_EDGE('',*,*,#1352,.T.);
#5388 = FACE_BOUND('',#5389,.F.);
#5389 = EDGE_LOOP('',(#5390,#5391));
#5390 = ORIENTED_EDGE('',*,*,#1385,.T.);
#5391 = ORIENTED_EDGE('',*,*,#1418,.T.);
#5392 = FACE_BOUND('',#5393,.F.);
#5393 = EDGE_LOOP('',(#5394,#5395));
#5394 = ORIENTED_EDGE('',*,*,#1451,.T.);
#5395 = ORIENTED_EDGE('',*,*,#1484,.T.);
#5396 = FACE_BOUND('',#5397,.F.);
#5397 = EDGE_LOOP('',(#5398,#5399));
#5398 = ORIENTED_EDGE('',*,*,#1517,.T.);
#5399 = ORIENTED_EDGE('',*,*,#1550,.T.);
#5400 = FACE_BOUND('',#5401,.F.);
#5401 = EDGE_LOOP('',(#5402,#5403));
#5402 = ORIENTED_EDGE('',*,*,#1583,.T.);
#5403 = ORIENTED_EDGE('',*,*,#1616,.T.);
#5404 = FACE_BOUND('',#5405,.F.);
#5405 = EDGE_LOOP('',(#5406,#5407));
#5406 = ORIENTED_EDGE('',*,*,#1649,.T.);
#5407 = ORIENTED_EDGE('',*,*,#1682,.T.);
#5408 = FACE_BOUND('',#5409,.F.);
#5409 = EDGE_LOOP('',(#5410,#5411));
#5410 = ORIENTED_EDGE('',*,*,#1715,.T.);
#5411 = ORIENTED_EDGE('',*,*,#1748,.T.);
#5412 = FACE_BOUND('',#5413,.F.);
#5413 = EDGE_LOOP('',(#5414,#5415));
#5414 = ORIENTED_EDGE('',*,*,#1781,.T.);
#5415 = ORIENTED_EDGE('',*,*,#1814,.T.);
#5416 = FACE_BOUND('',#5417,.F.);
#5417 = EDGE_LOOP('',(#5418,#5419));
#5418 = ORIENTED_EDGE('',*,*,#1847,.T.);
#5419 = ORIENTED_EDGE('',*,*,#1880,.T.);
#5420 = FACE_BOUND('',#5421,.F.);
#5421 = EDGE_LOOP('',(#5422,#5423));
#5422 = ORIENTED_EDGE('',*,*,#1913,.T.);
#5423 = ORIENTED_EDGE('',*,*,#1946,.T.);
#5424 = FACE_BOUND('',#5425,.F.);
#5425 = EDGE_LOOP('',(#5426,#5427));
#5426 = ORIENTED_EDGE('',*,*,#1979,.T.);
#5427 = ORIENTED_EDGE('',*,*,#2012,.T.);
#5428 = FACE_BOUND('',#5429,.F.);
#5429 = EDGE_LOOP('',(#5430,#5431));
#5430 = ORIENTED_EDGE('',*,*,#2045,.T.);
#5431 = ORIENTED_EDGE('',*,*,#2078,.T.);
#5432 = FACE_BOUND('',#5433,.F.);
#5433 = EDGE_LOOP('',(#5434,#5435));
#5434 = ORIENTED_EDGE('',*,*,#2111,.T.);
#5435 = ORIENTED_EDGE('',*,*,#2144,.T.);
#5436 = FACE_BOUND('',#5437,.F.);
#5437 = EDGE_LOOP('',(#5438,#5439));
#5438 = ORIENTED_EDGE('',*,*,#2177,.T.);
#5439 = ORIENTED_EDGE('',*,*,#2210,.T.);
#5440 = FACE_BOUND('',#5441,.F.);
#5441 = EDGE_LOOP('',(#5442,#5443));
#5442 = ORIENTED_EDGE('',*,*,#2243,.T.);
#5443 = ORIENTED_EDGE('',*,*,#2276,.T.);
#5444 = FACE_BOUND('',#5445,.F.);
#5445 = EDGE_LOOP('',(#5446,#5447));
#5446 = ORIENTED_EDGE('',*,*,#2309,.T.);
#5447 = ORIENTED_EDGE('',*,*,#2342,.T.);
#5448 = FACE_BOUND('',#5449,.F.);
#5449 = EDGE_LOOP('',(#5450,#5451));
#5450 = ORIENTED_EDGE('',*,*,#2375,.T.);
#5451 = ORIENTED_EDGE('',*,*,#2408,.T.);
#5452 = FACE_BOUND('',#5453,.F.);
#5453 = EDGE_LOOP('',(#5454,#5455));
#5454 = ORIENTED_EDGE('',*,*,#2441,.T.);
#5455 = ORIENTED_EDGE('',*,*,#2474,.T.);
#5456 = FACE_BOUND('',#5457,.F.);
#5457 = EDGE_LOOP('',(#5458,#5459));
#5458 = ORIENTED_EDGE('',*,*,#2507,.T.);
#5459 = ORIENTED_EDGE('',*,*,#2540,.T.);
#5460 = FACE_BOUND('',#5461,.F.);
#5461 = EDGE_LOOP('',(#5462,#5463));
#5462 = ORIENTED_EDGE('',*,*,#2573,.T.);
#5463 = ORIENTED_EDGE('',*,*,#2606,.T.);
#5464 = FACE_BOUND('',#5465,.F.);
#5465 = EDGE_LOOP('',(#5466,#5467));
#5466 = ORIENTED_EDGE('',*,*,#2639,.T.);
#5467 = ORIENTED_EDGE('',*,*,#2672,.T.);
#5468 = FACE_BOUND('',#5469,.F.);
#5469 = EDGE_LOOP('',(#5470,#5471));
#5470 = ORIENTED_EDGE('',*,*,#2705,.T.);
#5471 = ORIENTED_EDGE('',*,*,#2738,.T.);
#5472 = FACE_BOUND('',#5473,.F.);
#5473 = EDGE_LOOP('',(#5474,#5475));
#5474 = ORIENTED_EDGE('',*,*,#2771,.T.);
#5475 = ORIENTED_EDGE('',*,*,#2804,.T.);
#5476 = FACE_BOUND('',#5477,.F.);
#5477 = EDGE_LOOP('',(#5478,#5479));
#5478 = ORIENTED_EDGE('',*,*,#2837,.T.);
#5479 = ORIENTED_EDGE('',*,*,#2870,.T.);
#5480 = FACE_BOUND('',#5481,.F.);
#5481 = EDGE_LOOP('',(#5482,#5483));
#5482 = ORIENTED_EDGE('',*,*,#2903,.T.);
#5483 = ORIENTED_EDGE('',*,*,#2936,.T.);
#5484 = FACE_BOUND('',#5485,.F.);
#5485 = EDGE_LOOP('',(#5486,#5487));
#5486 = ORIENTED_EDGE('',*,*,#2969,.T.);
#5487 = ORIENTED_EDGE('',*,*,#3002,.T.);
#5488 = FACE_BOUND('',#5489,.F.);
#5489 = EDGE_LOOP('',(#5490,#5491));
#5490 = ORIENTED_EDGE('',*,*,#3035,.T.);
#5491 = ORIENTED_EDGE('',*,*,#3068,.T.);
#5492 = FACE_BOUND('',#5493,.F.);
#5493 = EDGE_LOOP('',(#5494,#5495));
#5494 = ORIENTED_EDGE('',*,*,#3101,.T.);
#5495 = ORIENTED_EDGE('',*,*,#3134,.T.);
#5496 = FACE_BOUND('',#5497,.F.);
#5497 = EDGE_LOOP('',(#5498,#5499));
#5498 = ORIENTED_EDGE('',*,*,#3167,.T.);
#5499 = ORIENTED_EDGE('',*,*,#3200,.T.);
#5500 = FACE_BOUND('',#5501,.F.);
#5501 = EDGE_LOOP('',(#5502,#5503));
#5502 = ORIENTED_EDGE('',*,*,#3233,.T.);
#5503 = ORIENTED_EDGE('',*,*,#3266,.T.);
#5504 = FACE_BOUND('',#5505,.F.);
#5505 = EDGE_LOOP('',(#5506,#5507));
#5506 = ORIENTED_EDGE('',*,*,#3299,.T.);
#5507 = ORIENTED_EDGE('',*,*,#3332,.T.);
#5508 = FACE_BOUND('',#5509,.F.);
#5509 = EDGE_LOOP('',(#5510,#5511));
#5510 = ORIENTED_EDGE('',*,*,#3365,.T.);
#5511 = ORIENTED_EDGE('',*,*,#3398,.T.);
#5512 = FACE_BOUND('',#5513,.F.);
#5513 = EDGE_LOOP('',(#5514,#5515));
#5514 = ORIENTED_EDGE('',*,*,#3431,.T.);
#5515 = ORIENTED_EDGE('',*,*,#3464,.T.);
#5516 = FACE_BOUND('',#5517,.F.);
#5517 = EDGE_LOOP('',(#5518,#5519));
#5518 = ORIENTED_EDGE('',*,*,#3497,.T.);
#5519 = ORIENTED_EDGE('',*,*,#3530,.T.);
#5520 = FACE_BOUND('',#5521,.F.);
#5521 = EDGE_LOOP('',(#5522,#5523));
#5522 = ORIENTED_EDGE('',*,*,#3563,.T.);
#5523 = ORIENTED_EDGE('',*,*,#3596,.T.);
#5524 = FACE_BOUND('',#5525,.F.);
#5525 = EDGE_LOOP('',(#5526,#5527));
#5526 = ORIENTED_EDGE('',*,*,#3629,.T.);
#5527 = ORIENTED_EDGE('',*,*,#3662,.T.);
#5528 = FACE_BOUND('',#5529,.F.);
#5529 = EDGE_LOOP('',(#5530,#5531));
#5530 = ORIENTED_EDGE('',*,*,#3695,.T.);
#5531 = ORIENTED_EDGE('',*,*,#3728,.T.);
#5532 = FACE_BOUND('',#5533,.F.);
#5533 = EDGE_LOOP('',(#5534,#5535));
#5534 = ORIENTED_EDGE('',*,*,#3761,.T.);
#5535 = ORIENTED_EDGE('',*,*,#3794,.T.);
#5536 = FACE_BOUND('',#5537,.F.);
#5537 = EDGE_LOOP('',(#5538,#5539));
#5538 = ORIENTED_EDGE('',*,*,#3827,.T.);
#5539 = ORIENTED_EDGE('',*,*,#3860,.T.);
#5540 = FACE_BOUND('',#5541,.F.);
#5541 = EDGE_LOOP('',(#5542,#5543));
#5542 = ORIENTED_EDGE('',*,*,#3893,.T.);
#5543 = ORIENTED_EDGE('',*,*,#3926,.T.);
#5544 = FACE_BOUND('',#5545,.F.);
#5545 = EDGE_LOOP('',(#5546,#5547));
#5546 = ORIENTED_EDGE('',*,*,#3959,.T.);
#5547 = ORIENTED_EDGE('',*,*,#3992,.T.);
#5548 = FACE_BOUND('',#5549,.F.);
#5549 = EDGE_LOOP('',(#5550,#5551));
#5550 = ORIENTED_EDGE('',*,*,#4025,.T.);
#5551 = ORIENTED_EDGE('',*,*,#4058,.T.);
#5552 = FACE_BOUND('',#5553,.F.);
#5553 = EDGE_LOOP('',(#5554,#5555));
#5554 = ORIENTED_EDGE('',*,*,#4091,.T.);
#5555 = ORIENTED_EDGE('',*,*,#4124,.T.);
#5556 = FACE_BOUND('',#5557,.F.);
#5557 = EDGE_LOOP('',(#5558,#5559));
#5558 = ORIENTED_EDGE('',*,*,#4157,.T.);
#5559 = ORIENTED_EDGE('',*,*,#4190,.T.);
#5560 = FACE_BOUND('',#5561,.F.);
#5561 = EDGE_LOOP('',(#5562,#5563));
#5562 = ORIENTED_EDGE('',*,*,#4223,.T.);
#5563 = ORIENTED_EDGE('',*,*,#4256,.T.);
#5564 = FACE_BOUND('',#5565,.F.);
#5565 = EDGE_LOOP('',(#5566,#5567));
#5566 = ORIENTED_EDGE('',*,*,#4289,.T.);
#5567 = ORIENTED_EDGE('',*,*,#4322,.T.);
#5568 = FACE_BOUND('',#5569,.F.);
#5569 = EDGE_LOOP('',(#5570,#5571));
#5570 = ORIENTED_EDGE('',*,*,#4355,.T.);
#5571 = ORIENTED_EDGE('',*,*,#4388,.T.);
#5572 = FACE_BOUND('',#5573,.F.);
#5573 = EDGE_LOOP('',(#5574,#5575));
#5574 = ORIENTED_EDGE('',*,*,#4421,.T.);
#5575 = ORIENTED_EDGE('',*,*,#4454,.T.);
#5576 = FACE_BOUND('',#5577,.F.);
#5577 = EDGE_LOOP('',(#5578,#5579));
#5578 = ORIENTED_EDGE('',*,*,#4487,.T.);
#5579 = ORIENTED_EDGE('',*,*,#4520,.T.);
#5580 = FACE_BOUND('',#5581,.F.);
#5581 = EDGE_LOOP('',(#5582,#5583));
#5582 = ORIENTED_EDGE('',*,*,#4553,.T.);
#5583 = ORIENTED_EDGE('',*,*,#4586,.T.);
#5584 = FACE_BOUND('',#5585,.F.);
#5585 = EDGE_LOOP('',(#5586,#5587));
#5586 = ORIENTED_EDGE('',*,*,#4619,.T.);
#5587 = ORIENTED_EDGE('',*,*,#4652,.T.);
#5588 = FACE_BOUND('',#5589,.F.);
#5589 = EDGE_LOOP('',(#5590,#5591));
#5590 = ORIENTED_EDGE('',*,*,#4685,.T.);
#5591 = ORIENTED_EDGE('',*,*,#4718,.T.);
#5592 = FACE_BOUND('',#5593,.F.);
#5593 = EDGE_LOOP('',(#5594,#5595));
#5594 = ORIENTED_EDGE('',*,*,#4751,.T.);
#5595 = ORIENTED_EDGE('',*,*,#4784,.T.);
#5596 = FACE_BOUND('',#5597,.F.);
#5597 = EDGE_LOOP('',(#5598,#5599));
#5598 = ORIENTED_EDGE('',*,*,#4817,.T.);
#5599 = ORIENTED_EDGE('',*,*,#4850,.T.);
#5600 = FACE_BOUND('',#5601,.F.);
#5601 = EDGE_LOOP('',(#5602,#5603));
#5602 = ORIENTED_EDGE('',*,*,#4883,.T.);
#5603 = ORIENTED_EDGE('',*,*,#4916,.T.);
#5604 = FACE_BOUND('',#5605,.F.);
#5605 = EDGE_LOOP('',(#5606,#5607));
#5606 = ORIENTED_EDGE('',*,*,#4949,.T.);
#5607 = ORIENTED_EDGE('',*,*,#4982,.T.);
#5608 = PLANE('',#5609);
#5609 = AXIS2_PLACEMENT_3D('',#5610,#5611,#5612);
#5610 = CARTESIAN_POINT('',(0.127000254001,0.254000508001,1.600050800102
    ));
#5611 = DIRECTION('',(-0.,-0.,-1.));
#5612 = DIRECTION('',(-1.,0.,0.));
#5613 = ( GEOMETRIC_REPRESENTATION_CONTEXT(3) 
GLOBAL_UNCERTAINTY_ASSIGNED_CONTEXT((#5617)) 
GLOBAL_UNIT_ASSIGNED_CONTEXT((#5614,#5615,#5616)) REPRESENTATION_CONTEXT
('Context #1','3D Context with UNIT and UNCERTAINTY') );
#5614 = ( LENGTH_UNIT() NAMED_UNIT(*) SI_UNIT(.MILLI.,.METRE.) );
#5615 = ( NAMED_UNIT(*) PLANE_ANGLE_UNIT() SI_UNIT($,.RADIAN.) );
#5616 = ( NAMED_UNIT(*) SI_UNIT($,.STERADIAN.) SOLID_ANGLE_UNIT() );
#5617 = UNCERTAINTY_MEASURE_WITH_UNIT(LENGTH_MEASURE(1.E-07),#5614,
  'distance_accuracy_value','confusion accuracy');
#5618 = CONTEXT_DEPENDENT_SHAPE_REPRESENTATION(#5619,#5621);
#5619 = ( REPRESENTATION_RELATIONSHIP('','',#48,#10) 
REPRESENTATION_RELATIONSHIP_WITH_TRANSFORMATION(#5620) 
SHAPE_REPRESENTATION_RELATIONSHIP() );
#5620 = ITEM_DEFINED_TRANSFORMATION('','',#11,#15);
#5621 = PRODUCT_DEFINITION_SHAPE('Placement','Placement of an item',
  #5622);
#5622 = NEXT_ASSEMBLY_USAGE_OCCURRENCE('1','=>[0:1:1:2]','',#5,#43,$);
#5623 = PRODUCT_RELATED_PRODUCT_CATEGORY('part',$,(#45));
#5624 = SHAPE_DEFINITION_REPRESENTATION(#5625,#5631);
#5625 = PRODUCT_DEFINITION_SHAPE('','',#5626);
#5626 = PRODUCT_DEFINITION('design','',#5627,#5630);
#5627 = PRODUCT_DEFINITION_FORMATION('','',#5628);
#5628 = PRODUCT('TopCopper~n1b3','TopCopper~n1b3','',(#5629));
#5629 = PRODUCT_CONTEXT('',#2,'mechanical');
#5630 = PRODUCT_DEFINITION_CONTEXT('part definition',#2,'design');
#5631 = SHAPE_REPRESENTATION('',(#11,#5632,#5680,#5832,#5880,#5928,#5976
    ,#6203,#6251,#6478,#6540,#6588,#6636,#6684,#7024,#7072,#7737,#7785,
    #8166,#8293,#8583,#8710,#8937,#8985,#9275,#9402,#9466,#9530,#9707,
    #10409,#10473,#10537,#10585,#10649,#10851,#10915,#10979,#11027,
    #11075,#11123,#11225,#11352,#11629,#11677,#11739,#11866,#11914,
    #11962),#12010);
#5632 = SHELL_BASED_SURFACE_MODEL('',(#5633));
#5633 = OPEN_SHELL('',(#5634));
#5634 = ADVANCED_FACE('',(#5635,#5655),#5675,.T.);
#5635 = FACE_BOUND('',#5636,.T.);
#5636 = EDGE_LOOP('',(#5637,#5648));
#5637 = ORIENTED_EDGE('',*,*,#5638,.T.);
#5638 = EDGE_CURVE('',#5639,#5641,#5643,.T.);
#5639 = VERTEX_POINT('',#5640);
#5640 = CARTESIAN_POINT('',(-42.66108712217,-2.032004064008,0.));
#5641 = VERTEX_POINT('',#5642);
#5642 = CARTESIAN_POINT('',(-44.46108712217,-2.032004064008,0.));
#5643 = CIRCLE('',#5644,0.9);
#5644 = AXIS2_PLACEMENT_3D('',#5645,#5646,#5647);
#5645 = CARTESIAN_POINT('',(-43.56108712217,-2.032004064008,0.));
#5646 = DIRECTION('',(-0.,0.,-1.));
#5647 = DIRECTION('',(1.,-1.110223024625E-16,-0.));
#5648 = ORIENTED_EDGE('',*,*,#5649,.T.);
#5649 = EDGE_CURVE('',#5641,#5639,#5650,.T.);
#5650 = CIRCLE('',#5651,0.9);
#5651 = AXIS2_PLACEMENT_3D('',#5652,#5653,#5654);
#5652 = CARTESIAN_POINT('',(-43.56108712217,-2.032004064008,0.));
#5653 = DIRECTION('',(0.,0.,-1.));
#5654 = DIRECTION('',(-1.,1.110223024625E-16,0.));
#5655 = FACE_BOUND('',#5656,.T.);
#5656 = EDGE_LOOP('',(#5657,#5668));
#5657 = ORIENTED_EDGE('',*,*,#5658,.T.);
#5658 = EDGE_CURVE('',#5659,#5661,#5663,.T.);
#5659 = VERTEX_POINT('',#5660);
#5660 = CARTESIAN_POINT('',(-44.06108712217,-2.032004064008,0.));
#5661 = VERTEX_POINT('',#5662);
#5662 = CARTESIAN_POINT('',(-43.06108712217,-2.032004064008,0.));
#5663 = CIRCLE('',#5664,0.5);
#5664 = AXIS2_PLACEMENT_3D('',#5665,#5666,#5667);
#5665 = CARTESIAN_POINT('',(-43.56108712217,-2.032004064008,0.));
#5666 = DIRECTION('',(0.,0.,1.));
#5667 = DIRECTION('',(-1.,-1.110223024625E-16,0.));
#5668 = ORIENTED_EDGE('',*,*,#5669,.T.);
#5669 = EDGE_CURVE('',#5661,#5659,#5670,.T.);
#5670 = CIRCLE('',#5671,0.5);
#5671 = AXIS2_PLACEMENT_3D('',#5672,#5673,#5674);
#5672 = CARTESIAN_POINT('',(-43.56108712217,-2.032004064008,0.));
#5673 = DIRECTION('',(0.,0.,1.));
#5674 = DIRECTION('',(1.,1.110223024625E-16,-0.));
#5675 = PLANE('',#5676);
#5676 = AXIS2_PLACEMENT_3D('',#5677,#5678,#5679);
#5677 = CARTESIAN_POINT('',(-43.56108712217,-2.032004064008,0.));
#5678 = DIRECTION('',(-0.,-0.,-1.));
#5679 = DIRECTION('',(-1.,0.,0.));
#5680 = SHELL_BASED_SURFACE_MODEL('',(#5681));
#5681 = OPEN_SHELL('',(#5682));
#5682 = ADVANCED_FACE('',(#5683,#5787,#5807),#5827,.T.);
#5683 = FACE_BOUND('',#5684,.T.);
#5684 = EDGE_LOOP('',(#5685,#5696,#5704,#5713,#5721,#5729,#5738,#5747,
    #5755,#5764,#5772,#5780));
#5685 = ORIENTED_EDGE('',*,*,#5686,.T.);
#5686 = EDGE_CURVE('',#5687,#5689,#5691,.T.);
#5687 = VERTEX_POINT('',#5688);
#5688 = CARTESIAN_POINT('',(-20.01503937007,-6.731013462027,0.));
#5689 = VERTEX_POINT('',#5690);
#5690 = CARTESIAN_POINT('',(-20.59734320081,-6.858013716027,0.));
#5691 = CIRCLE('',#5692,0.305001270003);
#5692 = AXIS2_PLACEMENT_3D('',#5693,#5694,#5695);
#5693 = CARTESIAN_POINT('',(-20.32004064008,-6.731013462027,0.));
#5694 = DIRECTION('',(0.,0.,-1.));
#5695 = DIRECTION('',(1.,6.985553968862E-17,0.));
#5696 = ORIENTED_EDGE('',*,*,#5697,.T.);
#5697 = EDGE_CURVE('',#5689,#5698,#5700,.T.);
#5698 = VERTEX_POINT('',#5699);
#5699 = CARTESIAN_POINT('',(-32.13106426212,-6.858013716027,0.));
#5700 = LINE('',#5701,#5702);
#5701 = CARTESIAN_POINT('',(-20.59734320081,-6.858013716027,0.));
#5702 = VECTOR('',#5703,1.);
#5703 = DIRECTION('',(-1.,7.700710074209E-17,0.));
#5704 = ORIENTED_EDGE('',*,*,#5705,.T.);
#5705 = EDGE_CURVE('',#5698,#5706,#5708,.T.);
#5706 = VERTEX_POINT('',#5707);
#5707 = CARTESIAN_POINT('',(-32.22086700294,-6.820816202843,0.));
#5708 = CIRCLE('',#5709,0.127000254001);
#5709 = AXIS2_PLACEMENT_3D('',#5710,#5711,#5712);
#5710 = CARTESIAN_POINT('',(-32.13106426212,-6.731013462027,0.));
#5711 = DIRECTION('',(-0.,0.,-1.));
#5712 = DIRECTION('',(6.353397210445E-15,-1.,-0.));
#5713 = ORIENTED_EDGE('',*,*,#5714,.T.);
#5714 = EDGE_CURVE('',#5706,#5715,#5717,.T.);
#5715 = VERTEX_POINT('',#5716);
#5716 = CARTESIAN_POINT('',(-36.88267888777,-2.159004318009,0.));
#5717 = LINE('',#5718,#5719);
#5718 = CARTESIAN_POINT('',(-32.22086700294,-6.820816202843,0.));
#5719 = VECTOR('',#5720,1.);
#5720 = DIRECTION('',(-0.707106781187,0.707106781187,0.));
#5721 = ORIENTED_EDGE('',*,*,#5722,.T.);
#5722 = EDGE_CURVE('',#5715,#5723,#5725,.T.);
#5723 = VERTEX_POINT('',#5724);
#5724 = CARTESIAN_POINT('',(-40.13008769005,-2.159004318009,0.));
#5725 = LINE('',#5726,#5727);
#5726 = CARTESIAN_POINT('',(-36.88267888777,-2.159004318009,0.));
#5727 = VECTOR('',#5728,1.);
#5728 = DIRECTION('',(-1.,0.,0.));
#5729 = ORIENTED_EDGE('',*,*,#5730,.T.);
#5730 = EDGE_CURVE('',#5723,#5731,#5733,.T.);
#5731 = VERTEX_POINT('',#5732);
#5732 = CARTESIAN_POINT('',(-41.92108204216,-2.032004064008,0.));
#5733 = CIRCLE('',#5734,0.9);
#5734 = AXIS2_PLACEMENT_3D('',#5735,#5736,#5737);
#5735 = CARTESIAN_POINT('',(-41.02108204216,-2.032004064008,0.));
#5736 = DIRECTION('',(-0.,0.,-1.));
#5737 = DIRECTION('',(0.989993724562,-0.141111393334,-0.));
#5738 = ORIENTED_EDGE('',*,*,#5739,.T.);
#5739 = EDGE_CURVE('',#5731,#5740,#5742,.T.);
#5740 = VERTEX_POINT('',#5741);
#5741 = CARTESIAN_POINT('',(-40.13008769005,-1.905003810008,0.));
#5742 = CIRCLE('',#5743,0.9);
#5743 = AXIS2_PLACEMENT_3D('',#5744,#5745,#5746);
#5744 = CARTESIAN_POINT('',(-41.02108204216,-2.032004064008,0.));
#5745 = DIRECTION('',(0.,0.,-1.));
#5746 = DIRECTION('',(-1.,1.236678654467E-16,0.));
#5747 = ORIENTED_EDGE('',*,*,#5748,.T.);
#5748 = EDGE_CURVE('',#5740,#5749,#5751,.T.);
#5749 = VERTEX_POINT('',#5750);
#5750 = CARTESIAN_POINT('',(-36.83007366014,-1.905003810008,0.));
#5751 = LINE('',#5752,#5753);
#5752 = CARTESIAN_POINT('',(-40.13008769005,-1.905003810008,0.));
#5753 = VECTOR('',#5754,1.);
#5754 = DIRECTION('',(1.,0.,0.));
#5755 = ORIENTED_EDGE('',*,*,#5756,.T.);
#5756 = EDGE_CURVE('',#5749,#5757,#5759,.T.);
#5757 = VERTEX_POINT('',#5758);
#5758 = CARTESIAN_POINT('',(-36.74027091933,-1.942201323192,0.));
#5759 = CIRCLE('',#5760,0.127000254001);
#5760 = AXIS2_PLACEMENT_3D('',#5761,#5762,#5763);
#5761 = CARTESIAN_POINT('',(-36.83007366014,-2.032004064008,0.));
#5762 = DIRECTION('',(0.,0.,-1.));
#5763 = DIRECTION('',(-1.170738362374E-14,1.,0.));
#5764 = ORIENTED_EDGE('',*,*,#5765,.T.);
#5765 = EDGE_CURVE('',#5757,#5766,#5768,.T.);
#5766 = VERTEX_POINT('',#5767);
#5767 = CARTESIAN_POINT('',(-32.07845903449,-6.604013208026,0.));
#5768 = LINE('',#5769,#5770);
#5769 = CARTESIAN_POINT('',(-36.74027091933,-1.942201323192,0.));
#5770 = VECTOR('',#5771,1.);
#5771 = DIRECTION('',(0.707106781187,-0.707106781187,0.));
#5772 = ORIENTED_EDGE('',*,*,#5773,.T.);
#5773 = EDGE_CURVE('',#5766,#5774,#5776,.T.);
#5774 = VERTEX_POINT('',#5775);
#5775 = CARTESIAN_POINT('',(-20.59734320081,-6.604013208026,0.));
#5776 = LINE('',#5777,#5778);
#5777 = CARTESIAN_POINT('',(-32.07845903449,-6.604013208026,0.));
#5778 = VECTOR('',#5779,1.);
#5779 = DIRECTION('',(1.,0.,0.));
#5780 = ORIENTED_EDGE('',*,*,#5781,.T.);
#5781 = EDGE_CURVE('',#5774,#5687,#5782,.T.);
#5782 = CIRCLE('',#5783,0.305001270003);
#5783 = AXIS2_PLACEMENT_3D('',#5784,#5785,#5786);
#5784 = CARTESIAN_POINT('',(-20.32004064008,-6.731013462027,0.));
#5785 = DIRECTION('',(0.,0.,-1.));
#5786 = DIRECTION('',(-0.909184937908,0.416392541577,0.));
#5787 = FACE_BOUND('',#5788,.T.);
#5788 = EDGE_LOOP('',(#5789,#5800));
#5789 = ORIENTED_EDGE('',*,*,#5790,.T.);
#5790 = EDGE_CURVE('',#5791,#5793,#5795,.T.);
#5791 = VERTEX_POINT('',#5792);
#5792 = CARTESIAN_POINT('',(-20.47254000508,-6.731013462027,0.));
#5793 = VERTEX_POINT('',#5794);
#5794 = CARTESIAN_POINT('',(-20.16754127508,-6.731013462027,0.));
#5795 = CIRCLE('',#5796,0.152499364999);
#5796 = AXIS2_PLACEMENT_3D('',#5797,#5798,#5799);
#5797 = CARTESIAN_POINT('',(-20.32004064008,-6.731013462027,0.));
#5798 = DIRECTION('',(0.,0.,1.));
#5799 = DIRECTION('',(-1.,-1.110223024625E-16,0.));
#5800 = ORIENTED_EDGE('',*,*,#5801,.T.);
#5801 = EDGE_CURVE('',#5793,#5791,#5802,.T.);
#5802 = CIRCLE('',#5803,0.152499364999);
#5803 = AXIS2_PLACEMENT_3D('',#5804,#5805,#5806);
#5804 = CARTESIAN_POINT('',(-20.32004064008,-6.731013462027,0.));
#5805 = DIRECTION('',(0.,0.,1.));
#5806 = DIRECTION('',(1.,1.110223024625E-16,-0.));
#5807 = FACE_BOUND('',#5808,.T.);
#5808 = EDGE_LOOP('',(#5809,#5820));
#5809 = ORIENTED_EDGE('',*,*,#5810,.T.);
#5810 = EDGE_CURVE('',#5811,#5813,#5815,.T.);
#5811 = VERTEX_POINT('',#5812);
#5812 = CARTESIAN_POINT('',(-41.52108204216,-2.032004064008,0.));
#5813 = VERTEX_POINT('',#5814);
#5814 = CARTESIAN_POINT('',(-40.52108204216,-2.032004064008,0.));
#5815 = CIRCLE('',#5816,0.5);
#5816 = AXIS2_PLACEMENT_3D('',#5817,#5818,#5819);
#5817 = CARTESIAN_POINT('',(-41.02108204216,-2.032004064008,0.));
#5818 = DIRECTION('',(0.,0.,1.));
#5819 = DIRECTION('',(-1.,-1.110223024625E-16,0.));
#5820 = ORIENTED_EDGE('',*,*,#5821,.T.);
#5821 = EDGE_CURVE('',#5813,#5811,#5822,.T.);
#5822 = CIRCLE('',#5823,0.5);
#5823 = AXIS2_PLACEMENT_3D('',#5824,#5825,#5826);
#5824 = CARTESIAN_POINT('',(-41.02108204216,-2.032004064008,0.));
#5825 = DIRECTION('',(0.,0.,1.));
#5826 = DIRECTION('',(1.,1.110223024625E-16,-0.));
#5827 = PLANE('',#5828);
#5828 = AXIS2_PLACEMENT_3D('',#5829,#5830,#5831);
#5829 = CARTESIAN_POINT('',(-31.47457024109,-4.990499411974,0.));
#5830 = DIRECTION('',(-0.,-0.,-1.));
#5831 = DIRECTION('',(-1.,0.,0.));
#5832 = SHELL_BASED_SURFACE_MODEL('',(#5833));
#5833 = OPEN_SHELL('',(#5834));
#5834 = ADVANCED_FACE('',(#5835,#5855),#5875,.T.);
#5835 = FACE_BOUND('',#5836,.T.);
#5836 = EDGE_LOOP('',(#5837,#5848));
#5837 = ORIENTED_EDGE('',*,*,#5838,.T.);
#5838 = EDGE_CURVE('',#5839,#5841,#5843,.T.);
#5839 = VERTEX_POINT('',#5840);
#5840 = CARTESIAN_POINT('',(-38.34307848615,19.431038862078,0.));
#5841 = VERTEX_POINT('',#5842);
#5842 = CARTESIAN_POINT('',(-40.14307848615,19.431038862078,0.));
#5843 = CIRCLE('',#5844,0.9);
#5844 = AXIS2_PLACEMENT_3D('',#5845,#5846,#5847);
#5845 = CARTESIAN_POINT('',(-39.24307848615,19.431038862078,0.));
#5846 = DIRECTION('',(-0.,0.,-1.));
#5847 = DIRECTION('',(1.,-1.110223024625E-16,-0.));
#5848 = ORIENTED_EDGE('',*,*,#5849,.T.);
#5849 = EDGE_CURVE('',#5841,#5839,#5850,.T.);
#5850 = CIRCLE('',#5851,0.9);
#5851 = AXIS2_PLACEMENT_3D('',#5852,#5853,#5854);
#5852 = CARTESIAN_POINT('',(-39.24307848615,19.431038862078,0.));
#5853 = DIRECTION('',(0.,0.,-1.));
#5854 = DIRECTION('',(-1.,1.110223024625E-16,0.));
#5855 = FACE_BOUND('',#5856,.T.);
#5856 = EDGE_LOOP('',(#5857,#5868));
#5857 = ORIENTED_EDGE('',*,*,#5858,.T.);
#5858 = EDGE_CURVE('',#5859,#5861,#5863,.T.);
#5859 = VERTEX_POINT('',#5860);
#5860 = CARTESIAN_POINT('',(-39.74307848615,19.431038862078,0.));
#5861 = VERTEX_POINT('',#5862);
#5862 = CARTESIAN_POINT('',(-38.74307848615,19.431038862078,0.));
#5863 = CIRCLE('',#5864,0.5);
#5864 = AXIS2_PLACEMENT_3D('',#5865,#5866,#5867);
#5865 = CARTESIAN_POINT('',(-39.24307848615,19.431038862078,0.));
#5866 = DIRECTION('',(0.,0.,1.));
#5867 = DIRECTION('',(-1.,-1.110223024625E-16,0.));
#5868 = ORIENTED_EDGE('',*,*,#5869,.T.);
#5869 = EDGE_CURVE('',#5861,#5859,#5870,.T.);
#5870 = CIRCLE('',#5871,0.5);
#5871 = AXIS2_PLACEMENT_3D('',#5872,#5873,#5874);
#5872 = CARTESIAN_POINT('',(-39.24307848615,19.431038862078,0.));
#5873 = DIRECTION('',(0.,0.,1.));
#5874 = DIRECTION('',(1.,1.110223024625E-16,-0.));
#5875 = PLANE('',#5876);
#5876 = AXIS2_PLACEMENT_3D('',#5877,#5878,#5879);
#5877 = CARTESIAN_POINT('',(-39.24307848615,19.431038862078,0.));
#5878 = DIRECTION('',(-0.,-0.,-1.));
#5879 = DIRECTION('',(-1.,0.,0.));
#5880 = SHELL_BASED_SURFACE_MODEL('',(#5881));
#5881 = OPEN_SHELL('',(#5882));
#5882 = ADVANCED_FACE('',(#5883,#5903),#5923,.T.);
#5883 = FACE_BOUND('',#5884,.T.);
#5884 = EDGE_LOOP('',(#5885,#5896));
#5885 = ORIENTED_EDGE('',*,*,#5886,.T.);
#5886 = EDGE_CURVE('',#5887,#5889,#5891,.T.);
#5887 = VERTEX_POINT('',#5888);
#5888 = CARTESIAN_POINT('',(-35.80307340614,19.431038862078,0.));
#5889 = VERTEX_POINT('',#5890);
#5890 = CARTESIAN_POINT('',(-37.60307340614,19.431038862078,0.));
#5891 = CIRCLE('',#5892,0.9);
#5892 = AXIS2_PLACEMENT_3D('',#5893,#5894,#5895);
#5893 = CARTESIAN_POINT('',(-36.70307340614,19.431038862078,0.));
#5894 = DIRECTION('',(-0.,0.,-1.));
#5895 = DIRECTION('',(1.,-1.110223024625E-16,-0.));
#5896 = ORIENTED_EDGE('',*,*,#5897,.T.);
#5897 = EDGE_CURVE('',#5889,#5887,#5898,.T.);
#5898 = CIRCLE('',#5899,0.9);
#5899 = AXIS2_PLACEMENT_3D('',#5900,#5901,#5902);
#5900 = CARTESIAN_POINT('',(-36.70307340614,19.431038862078,0.));
#5901 = DIRECTION('',(0.,0.,-1.));
#5902 = DIRECTION('',(-1.,1.110223024625E-16,0.));
#5903 = FACE_BOUND('',#5904,.T.);
#5904 = EDGE_LOOP('',(#5905,#5916));
#5905 = ORIENTED_EDGE('',*,*,#5906,.T.);
#5906 = EDGE_CURVE('',#5907,#5909,#5911,.T.);
#5907 = VERTEX_POINT('',#5908);
#5908 = CARTESIAN_POINT('',(-37.20307340614,19.431038862078,0.));
#5909 = VERTEX_POINT('',#5910);
#5910 = CARTESIAN_POINT('',(-36.20307340614,19.431038862078,0.));
#5911 = CIRCLE('',#5912,0.5);
#5912 = AXIS2_PLACEMENT_3D('',#5913,#5914,#5915);
#5913 = CARTESIAN_POINT('',(-36.70307340614,19.431038862078,0.));
#5914 = DIRECTION('',(0.,0.,1.));
#5915 = DIRECTION('',(-1.,-1.110223024625E-16,0.));
#5916 = ORIENTED_EDGE('',*,*,#5917,.T.);
#5917 = EDGE_CURVE('',#5909,#5907,#5918,.T.);
#5918 = CIRCLE('',#5919,0.5);
#5919 = AXIS2_PLACEMENT_3D('',#5920,#5921,#5922);
#5920 = CARTESIAN_POINT('',(-36.70307340614,19.431038862078,0.));
#5921 = DIRECTION('',(0.,0.,1.));
#5922 = DIRECTION('',(1.,1.110223024625E-16,-0.));
#5923 = PLANE('',#5924);
#5924 = AXIS2_PLACEMENT_3D('',#5925,#5926,#5927);
#5925 = CARTESIAN_POINT('',(-36.70307340614,19.431038862078,0.));
#5926 = DIRECTION('',(-0.,-0.,-1.));
#5927 = DIRECTION('',(-1.,0.,0.));
#5928 = SHELL_BASED_SURFACE_MODEL('',(#5929));
#5929 = OPEN_SHELL('',(#5930));
#5930 = ADVANCED_FACE('',(#5931,#5951),#5971,.T.);
#5931 = FACE_BOUND('',#5932,.T.);
#5932 = EDGE_LOOP('',(#5933,#5944));
#5933 = ORIENTED_EDGE('',*,*,#5934,.T.);
#5934 = EDGE_CURVE('',#5935,#5937,#5939,.T.);
#5935 = VERTEX_POINT('',#5936);
#5936 = CARTESIAN_POINT('',(-34.27907035814,-25.0190500381,0.));
#5937 = VERTEX_POINT('',#5938);
#5938 = CARTESIAN_POINT('',(-36.07907035814,-25.0190500381,0.));
#5939 = CIRCLE('',#5940,0.9);
#5940 = AXIS2_PLACEMENT_3D('',#5941,#5942,#5943);
#5941 = CARTESIAN_POINT('',(-35.17907035814,-25.0190500381,0.));
#5942 = DIRECTION('',(-0.,0.,-1.));
#5943 = DIRECTION('',(1.,-1.110223024625E-16,-0.));
#5944 = ORIENTED_EDGE('',*,*,#5945,.T.);
#5945 = EDGE_CURVE('',#5937,#5935,#5946,.T.);
#5946 = CIRCLE('',#5947,0.9);
#5947 = AXIS2_PLACEMENT_3D('',#5948,#5949,#5950);
#5948 = CARTESIAN_POINT('',(-35.17907035814,-25.0190500381,0.));
#5949 = DIRECTION('',(0.,0.,-1.));
#5950 = DIRECTION('',(-1.,1.110223024625E-16,0.));
#5951 = FACE_BOUND('',#5952,.T.);
#5952 = EDGE_LOOP('',(#5953,#5964));
#5953 = ORIENTED_EDGE('',*,*,#5954,.T.);
#5954 = EDGE_CURVE('',#5955,#5957,#5959,.T.);
#5955 = VERTEX_POINT('',#5956);
#5956 = CARTESIAN_POINT('',(-35.67907035814,-25.0190500381,0.));
#5957 = VERTEX_POINT('',#5958);
#5958 = CARTESIAN_POINT('',(-34.67907035814,-25.0190500381,0.));
#5959 = CIRCLE('',#5960,0.5);
#5960 = AXIS2_PLACEMENT_3D('',#5961,#5962,#5963);
#5961 = CARTESIAN_POINT('',(-35.17907035814,-25.0190500381,0.));
#5962 = DIRECTION('',(0.,0.,1.));
#5963 = DIRECTION('',(-1.,-1.110223024625E-16,0.));
#5964 = ORIENTED_EDGE('',*,*,#5965,.T.);
#5965 = EDGE_CURVE('',#5957,#5955,#5966,.T.);
#5966 = CIRCLE('',#5967,0.5);
#5967 = AXIS2_PLACEMENT_3D('',#5968,#5969,#5970);
#5968 = CARTESIAN_POINT('',(-35.17907035814,-25.0190500381,0.));
#5969 = DIRECTION('',(0.,0.,1.));
#5970 = DIRECTION('',(1.,1.110223024625E-16,-0.));
#5971 = PLANE('',#5972);
#5972 = AXIS2_PLACEMENT_3D('',#5973,#5974,#5975);
#5973 = CARTESIAN_POINT('',(-35.17907035814,-25.0190500381,0.));
#5974 = DIRECTION('',(-0.,-0.,-1.));
#5975 = DIRECTION('',(-1.,0.,0.));
#5976 = SHELL_BASED_SURFACE_MODEL('',(#5977));
#5977 = OPEN_SHELL('',(#5978));
#5978 = ADVANCED_FACE('',(#5979,#6158,#6178),#6198,.T.);
#5979 = FACE_BOUND('',#5980,.T.);
#5980 = EDGE_LOOP('',(#5981,#5991,#5999,#6008,#6016,#6025,#6034,#6042,
    #6050,#6059,#6067,#6076,#6084,#6093,#6101,#6109,#6118,#6127,#6135,
    #6144,#6152));
#5981 = ORIENTED_EDGE('',*,*,#5982,.T.);
#5982 = EDGE_CURVE('',#5983,#5985,#5987,.T.);
#5983 = VERTEX_POINT('',#5984);
#5984 = CARTESIAN_POINT('',(-33.90906781813,2.21160954564,0.));
#5985 = VERTEX_POINT('',#5986);
#5986 = CARTESIAN_POINT('',(-29.28445344648,-2.41300482601,0.));
#5987 = LINE('',#5988,#5989);
#5988 = CARTESIAN_POINT('',(-33.90906781813,2.21160954564,0.));
#5989 = VECTOR('',#5990,1.);
#5990 = DIRECTION('',(0.707106781187,-0.707106781187,0.));
#5991 = ORIENTED_EDGE('',*,*,#5992,.T.);
#5992 = EDGE_CURVE('',#5985,#5993,#5995,.T.);
#5993 = VERTEX_POINT('',#5994);
#5994 = CARTESIAN_POINT('',(-21.97104394208,-2.41300482601,0.));
#5995 = LINE('',#5996,#5997);
#5996 = CARTESIAN_POINT('',(-29.28445344648,-2.41300482601,0.));
#5997 = VECTOR('',#5998,1.);
#5998 = DIRECTION('',(1.,0.,0.));
#5999 = ORIENTED_EDGE('',*,*,#6000,.T.);
#6000 = EDGE_CURVE('',#5993,#6001,#6003,.T.);
#6001 = VERTEX_POINT('',#6002);
#6002 = CARTESIAN_POINT('',(-21.88124120127,-2.450202339194,0.));
#6003 = CIRCLE('',#6004,0.127000254001);
#6004 = AXIS2_PLACEMENT_3D('',#6005,#6006,#6007);
#6005 = CARTESIAN_POINT('',(-21.97104394208,-2.54000508001,0.));
#6006 = DIRECTION('',(0.,0.,-1.));
#6007 = DIRECTION('',(-3.640710761041E-15,1.,0.));
#6008 = ORIENTED_EDGE('',*,*,#6009,.T.);
#6009 = EDGE_CURVE('',#6001,#6010,#6012,.T.);
#6010 = VERTEX_POINT('',#6011);
#6011 = CARTESIAN_POINT('',(-18.39431635638,-5.937127184077,0.));
#6012 = LINE('',#6013,#6014);
#6013 = CARTESIAN_POINT('',(-21.88124120127,-2.450202339194,0.));
#6014 = VECTOR('',#6015,1.);
#6015 = DIRECTION('',(0.707106781187,-0.707106781187,0.));
#6016 = ORIENTED_EDGE('',*,*,#6017,.T.);
#6017 = EDGE_CURVE('',#6010,#6018,#6020,.T.);
#6018 = VERTEX_POINT('',#6019);
#6019 = CARTESIAN_POINT('',(-18.07236810978,-6.438680912314,0.));
#6020 = CIRCLE('',#6021,0.305001270003);
#6021 = AXIS2_PLACEMENT_3D('',#6022,#6023,#6024);
#6022 = CARTESIAN_POINT('',(-18.28803657607,-6.223012446025,0.));
#6023 = DIRECTION('',(0.,0.,-1.));
#6024 = DIRECTION('',(-0.348456845163,0.937324824732,0.));
#6025 = ORIENTED_EDGE('',*,*,#6026,.T.);
#6026 = EDGE_CURVE('',#6018,#6027,#6029,.T.);
#6027 = VERTEX_POINT('',#6028);
#6028 = CARTESIAN_POINT('',(-18.57392183802,-6.116732665709,0.));
#6029 = CIRCLE('',#6030,0.305001270003);
#6030 = AXIS2_PLACEMENT_3D('',#6031,#6032,#6033);
#6031 = CARTESIAN_POINT('',(-18.28803657607,-6.223012446025,0.));
#6032 = DIRECTION('',(-0.,0.,-1.));
#6033 = DIRECTION('',(0.707106781187,-0.707106781187,-0.));
#6034 = ORIENTED_EDGE('',*,*,#6035,.T.);
#6035 = EDGE_CURVE('',#6027,#6036,#6038,.T.);
#6036 = VERTEX_POINT('',#6037);
#6037 = CARTESIAN_POINT('',(-22.02364916972,-2.667005334011,0.));
#6038 = LINE('',#6039,#6040);
#6039 = CARTESIAN_POINT('',(-18.57392183802,-6.116732665709,0.));
#6040 = VECTOR('',#6041,1.);
#6041 = DIRECTION('',(-0.707106781187,0.707106781187,0.));
#6042 = ORIENTED_EDGE('',*,*,#6043,.T.);
#6043 = EDGE_CURVE('',#6036,#6044,#6046,.T.);
#6044 = VERTEX_POINT('',#6045);
#6045 = CARTESIAN_POINT('',(-29.33705867411,-2.667005334011,0.));
#6046 = LINE('',#6047,#6048);
#6047 = CARTESIAN_POINT('',(-22.02364916972,-2.667005334011,0.));
#6048 = VECTOR('',#6049,1.);
#6049 = DIRECTION('',(-1.,0.,0.));
#6050 = ORIENTED_EDGE('',*,*,#6051,.T.);
#6051 = EDGE_CURVE('',#6044,#6052,#6054,.T.);
#6052 = VERTEX_POINT('',#6053);
#6053 = CARTESIAN_POINT('',(-29.42686141493,-2.629807820826,0.));
#6054 = CIRCLE('',#6055,0.127000254001);
#6055 = AXIS2_PLACEMENT_3D('',#6056,#6057,#6058);
#6056 = CARTESIAN_POINT('',(-29.33705867411,-2.54000508001,0.));
#6057 = DIRECTION('',(0.,0.,-1.));
#6058 = DIRECTION('',(-4.425962101659E-15,-1.,-0.));
#6059 = ORIENTED_EDGE('',*,*,#6060,.T.);
#6060 = EDGE_CURVE('',#6052,#6061,#6063,.T.);
#6061 = VERTEX_POINT('',#6062);
#6062 = CARTESIAN_POINT('',(-34.12587081295,2.069201577192,0.));
#6063 = LINE('',#6064,#6065);
#6064 = CARTESIAN_POINT('',(-29.42686141493,-2.629807820826,0.));
#6065 = VECTOR('',#6066,1.);
#6066 = DIRECTION('',(-0.707106781187,0.707106781187,0.));
#6067 = ORIENTED_EDGE('',*,*,#6068,.T.);
#6068 = EDGE_CURVE('',#6061,#6069,#6071,.T.);
#6069 = VERTEX_POINT('',#6070);
#6070 = CARTESIAN_POINT('',(-34.16306832613,2.159004318009,0.));
#6071 = CIRCLE('',#6072,0.127000254001);
#6072 = AXIS2_PLACEMENT_3D('',#6073,#6074,#6075);
#6073 = CARTESIAN_POINT('',(-34.03606807213,2.159004318009,0.));
#6074 = DIRECTION('',(0.,0.,-1.));
#6075 = DIRECTION('',(-0.707106781187,-0.707106781187,-0.));
#6076 = ORIENTED_EDGE('',*,*,#6077,.T.);
#6077 = EDGE_CURVE('',#6069,#6078,#6080,.T.);
#6078 = VERTEX_POINT('',#6079);
#6079 = CARTESIAN_POINT('',(-34.16306832613,14.478028956058,0.));
#6080 = LINE('',#6081,#6082);
#6081 = CARTESIAN_POINT('',(-34.16306832613,2.159004318009,0.));
#6082 = VECTOR('',#6083,1.);
#6083 = DIRECTION('',(-5.76784897049E-16,1.,0.));
#6084 = ORIENTED_EDGE('',*,*,#6085,.T.);
#6085 = EDGE_CURVE('',#6078,#6086,#6088,.T.);
#6086 = VERTEX_POINT('',#6087);
#6087 = CARTESIAN_POINT('',(-34.12587081295,14.567831696874,0.));
#6088 = CIRCLE('',#6089,0.127000254001);
#6089 = AXIS2_PLACEMENT_3D('',#6090,#6091,#6092);
#6090 = CARTESIAN_POINT('',(-34.03606807213,14.478028956058,0.));
#6091 = DIRECTION('',(0.,0.,-1.));
#6092 = DIRECTION('',(-1.,3.319471576243E-14,0.));
#6093 = ORIENTED_EDGE('',*,*,#6094,.T.);
#6094 = EDGE_CURVE('',#6086,#6095,#6097,.T.);
#6095 = VERTEX_POINT('',#6096);
#6096 = CARTESIAN_POINT('',(-17.39903479807,31.294667711757,0.));
#6097 = LINE('',#6098,#6099);
#6098 = CARTESIAN_POINT('',(-34.12587081295,14.567831696874,0.));
#6099 = VECTOR('',#6100,1.);
#6100 = DIRECTION('',(0.707106781187,0.707106781187,0.));
#6101 = ORIENTED_EDGE('',*,*,#6102,.T.);
#6102 = EDGE_CURVE('',#6095,#6103,#6105,.T.);
#6103 = VERTEX_POINT('',#6104);
#6104 = CARTESIAN_POINT('',(-17.39903479807,36.193079816043,0.));
#6105 = LINE('',#6106,#6107);
#6106 = CARTESIAN_POINT('',(-17.39903479807,31.294667711757,0.));
#6107 = VECTOR('',#6108,1.);
#6108 = DIRECTION('',(0.,1.,0.));
#6109 = ORIENTED_EDGE('',*,*,#6110,.T.);
#6110 = EDGE_CURVE('',#6103,#6111,#6113,.T.);
#6111 = VERTEX_POINT('',#6112);
#6112 = CARTESIAN_POINT('',(-17.27203454406,37.984074168148,0.));
#6113 = CIRCLE('',#6114,0.9);
#6114 = AXIS2_PLACEMENT_3D('',#6115,#6116,#6117);
#6115 = CARTESIAN_POINT('',(-17.27203454406,37.084074168148,0.));
#6116 = DIRECTION('',(0.,0.,-1.));
#6117 = DIRECTION('',(-0.141111393334,-0.989993724562,-0.));
#6118 = ORIENTED_EDGE('',*,*,#6119,.T.);
#6119 = EDGE_CURVE('',#6111,#6120,#6122,.T.);
#6120 = VERTEX_POINT('',#6121);
#6121 = CARTESIAN_POINT('',(-17.14503429006,36.193079816043,0.));
#6122 = CIRCLE('',#6123,0.9);
#6123 = AXIS2_PLACEMENT_3D('',#6124,#6125,#6126);
#6124 = CARTESIAN_POINT('',(-17.27203454406,37.084074168148,0.));
#6125 = DIRECTION('',(0.,0.,-1.));
#6126 = DIRECTION('',(8.656750581266E-16,1.,0.));
#6127 = ORIENTED_EDGE('',*,*,#6128,.T.);
#6128 = EDGE_CURVE('',#6120,#6129,#6131,.T.);
#6129 = VERTEX_POINT('',#6130);
#6130 = CARTESIAN_POINT('',(-17.14503429006,31.242062484125,0.));
#6131 = LINE('',#6132,#6133);
#6132 = CARTESIAN_POINT('',(-17.14503429006,36.193079816043,0.));
#6133 = VECTOR('',#6134,1.);
#6134 = DIRECTION('',(0.,-1.,0.));
#6135 = ORIENTED_EDGE('',*,*,#6136,.T.);
#6136 = EDGE_CURVE('',#6129,#6137,#6139,.T.);
#6137 = VERTEX_POINT('',#6138);
#6138 = CARTESIAN_POINT('',(-17.18223180325,31.152259743309,0.));
#6139 = CIRCLE('',#6140,0.127000254001);
#6140 = AXIS2_PLACEMENT_3D('',#6141,#6142,#6143);
#6141 = CARTESIAN_POINT('',(-17.27203454406,31.242062484125,0.));
#6142 = DIRECTION('',(0.,0.,-1.));
#6143 = DIRECTION('',(1.,4.77575588066E-14,0.));
#6144 = ORIENTED_EDGE('',*,*,#6145,.T.);
#6145 = EDGE_CURVE('',#6137,#6146,#6148,.T.);
#6146 = VERTEX_POINT('',#6147);
#6147 = CARTESIAN_POINT('',(-33.90906781813,14.425423728426,0.));
#6148 = LINE('',#6149,#6150);
#6149 = CARTESIAN_POINT('',(-17.18223180325,31.152259743309,0.));
#6150 = VECTOR('',#6151,1.);
#6151 = DIRECTION('',(-0.707106781187,-0.707106781187,0.));
#6152 = ORIENTED_EDGE('',*,*,#6153,.T.);
#6153 = EDGE_CURVE('',#6146,#5983,#6154,.T.);
#6154 = LINE('',#6155,#6156);
#6155 = CARTESIAN_POINT('',(-33.90906781813,14.425423728426,0.));
#6156 = VECTOR('',#6157,1.);
#6157 = DIRECTION('',(0.,-1.,0.));
#6158 = FACE_BOUND('',#6159,.T.);
#6159 = EDGE_LOOP('',(#6160,#6171));
#6160 = ORIENTED_EDGE('',*,*,#6161,.T.);
#6161 = EDGE_CURVE('',#6162,#6164,#6166,.T.);
#6162 = VERTEX_POINT('',#6163);
#6163 = CARTESIAN_POINT('',(-18.44053594107,-6.223012446025,0.));
#6164 = VERTEX_POINT('',#6165);
#6165 = CARTESIAN_POINT('',(-18.13553721107,-6.223012446025,0.));
#6166 = CIRCLE('',#6167,0.152499364999);
#6167 = AXIS2_PLACEMENT_3D('',#6168,#6169,#6170);
#6168 = CARTESIAN_POINT('',(-18.28803657607,-6.223012446025,0.));
#6169 = DIRECTION('',(0.,0.,1.));
#6170 = DIRECTION('',(-1.,-1.110223024625E-16,0.));
#6171 = ORIENTED_EDGE('',*,*,#6172,.T.);
#6172 = EDGE_CURVE('',#6164,#6162,#6173,.T.);
#6173 = CIRCLE('',#6174,0.152499364999);
#6174 = AXIS2_PLACEMENT_3D('',#6175,#6176,#6177);
#6175 = CARTESIAN_POINT('',(-18.28803657607,-6.223012446025,0.));
#6176 = DIRECTION('',(0.,0.,1.));
#6177 = DIRECTION('',(1.,1.110223024625E-16,-0.));
#6178 = FACE_BOUND('',#6179,.T.);
#6179 = EDGE_LOOP('',(#6180,#6191));
#6180 = ORIENTED_EDGE('',*,*,#6181,.T.);
#6181 = EDGE_CURVE('',#6182,#6184,#6186,.T.);
#6182 = VERTEX_POINT('',#6183);
#6183 = CARTESIAN_POINT('',(-17.77203454406,37.084074168148,0.));
#6184 = VERTEX_POINT('',#6185);
#6185 = CARTESIAN_POINT('',(-16.77203454406,37.084074168148,0.));
#6186 = CIRCLE('',#6187,0.5);
#6187 = AXIS2_PLACEMENT_3D('',#6188,#6189,#6190);
#6188 = CARTESIAN_POINT('',(-17.27203454406,37.084074168148,0.));
#6189 = DIRECTION('',(0.,0.,1.));
#6190 = DIRECTION('',(-1.,-1.110223024625E-16,0.));
#6191 = ORIENTED_EDGE('',*,*,#6192,.T.);
#6192 = EDGE_CURVE('',#6184,#6182,#6193,.T.);
#6193 = CIRCLE('',#6194,0.5);
#6194 = AXIS2_PLACEMENT_3D('',#6195,#6196,#6197);
#6195 = CARTESIAN_POINT('',(-17.27203454406,37.084074168148,0.));
#6196 = DIRECTION('',(0.,0.,1.));
#6197 = DIRECTION('',(1.,1.110223024625E-16,-0.));
#6198 = PLANE('',#6199);
#6199 = AXIS2_PLACEMENT_3D('',#6200,#6201,#6202);
#6200 = CARTESIAN_POINT('',(-26.40392714802,13.607167076377,0.));
#6201 = DIRECTION('',(-0.,-0.,-1.));
#6202 = DIRECTION('',(-1.,0.,0.));
#6203 = SHELL_BASED_SURFACE_MODEL('',(#6204));
#6204 = OPEN_SHELL('',(#6205));
#6205 = ADVANCED_FACE('',(#6206,#6226),#6246,.T.);
#6206 = FACE_BOUND('',#6207,.T.);
#6207 = EDGE_LOOP('',(#6208,#6219));
#6208 = ORIENTED_EDGE('',*,*,#6209,.T.);
#6209 = EDGE_CURVE('',#6210,#6212,#6214,.T.);
#6210 = VERTEX_POINT('',#6211);
#6211 = CARTESIAN_POINT('',(-31.73906527813,-25.0190500381,0.));
#6212 = VERTEX_POINT('',#6213);
#6213 = CARTESIAN_POINT('',(-33.53906527813,-25.0190500381,0.));
#6214 = CIRCLE('',#6215,0.9);
#6215 = AXIS2_PLACEMENT_3D('',#6216,#6217,#6218);
#6216 = CARTESIAN_POINT('',(-32.63906527813,-25.0190500381,0.));
#6217 = DIRECTION('',(-0.,0.,-1.));
#6218 = DIRECTION('',(1.,-1.110223024625E-16,-0.));
#6219 = ORIENTED_EDGE('',*,*,#6220,.T.);
#6220 = EDGE_CURVE('',#6212,#6210,#6221,.T.);
#6221 = CIRCLE('',#6222,0.9);
#6222 = AXIS2_PLACEMENT_3D('',#6223,#6224,#6225);
#6223 = CARTESIAN_POINT('',(-32.63906527813,-25.0190500381,0.));
#6224 = DIRECTION('',(0.,0.,-1.));
#6225 = DIRECTION('',(-1.,1.110223024625E-16,0.));
#6226 = FACE_BOUND('',#6227,.T.);
#6227 = EDGE_LOOP('',(#6228,#6239));
#6228 = ORIENTED_EDGE('',*,*,#6229,.T.);
#6229 = EDGE_CURVE('',#6230,#6232,#6234,.T.);
#6230 = VERTEX_POINT('',#6231);
#6231 = CARTESIAN_POINT('',(-33.13906527813,-25.0190500381,0.));
#6232 = VERTEX_POINT('',#6233);
#6233 = CARTESIAN_POINT('',(-32.13906527813,-25.0190500381,0.));
#6234 = CIRCLE('',#6235,0.5);
#6235 = AXIS2_PLACEMENT_3D('',#6236,#6237,#6238);
#6236 = CARTESIAN_POINT('',(-32.63906527813,-25.0190500381,0.));
#6237 = DIRECTION('',(0.,0.,1.));
#6238 = DIRECTION('',(-1.,-1.110223024625E-16,0.));
#6239 = ORIENTED_EDGE('',*,*,#6240,.T.);
#6240 = EDGE_CURVE('',#6232,#6230,#6241,.T.);
#6241 = CIRCLE('',#6242,0.5);
#6242 = AXIS2_PLACEMENT_3D('',#6243,#6244,#6245);
#6243 = CARTESIAN_POINT('',(-32.63906527813,-25.0190500381,0.));
#6244 = DIRECTION('',(0.,0.,1.));
#6245 = DIRECTION('',(1.,1.110223024625E-16,-0.));
#6246 = PLANE('',#6247);
#6247 = AXIS2_PLACEMENT_3D('',#6248,#6249,#6250);
#6248 = CARTESIAN_POINT('',(-32.63906527813,-25.0190500381,0.));
#6249 = DIRECTION('',(-0.,-0.,-1.));
#6250 = DIRECTION('',(-1.,0.,0.));
#6251 = SHELL_BASED_SURFACE_MODEL('',(#6252));
#6252 = OPEN_SHELL('',(#6253));
#6253 = ADVANCED_FACE('',(#6254,#6433,#6453),#6473,.T.);
#6254 = FACE_BOUND('',#6255,.T.);
#6255 = EDGE_LOOP('',(#6256,#6266,#6274,#6282,#6290,#6299,#6308,#6316,
    #6325,#6333,#6342,#6350,#6359,#6367,#6376,#6384,#6393,#6401,#6410,
    #6419,#6427));
#6256 = ORIENTED_EDGE('',*,*,#6257,.T.);
#6257 = EDGE_CURVE('',#6258,#6260,#6262,.T.);
#6258 = VERTEX_POINT('',#6259);
#6259 = CARTESIAN_POINT('',(-14.9642409909,17.07064008128,0.));
#6260 = VERTEX_POINT('',#6261);
#6261 = CARTESIAN_POINT('',(-23.64383622525,17.07064008128,0.));
#6262 = LINE('',#6263,#6264);
#6263 = CARTESIAN_POINT('',(-14.9642409909,17.07064008128,0.));
#6264 = VECTOR('',#6265,1.);
#6265 = DIRECTION('',(-1.,0.,0.));
#6266 = ORIENTED_EDGE('',*,*,#6267,.T.);
#6267 = EDGE_CURVE('',#6260,#6268,#6270,.T.);
#6268 = VERTEX_POINT('',#6269);
#6269 = CARTESIAN_POINT('',(-23.74904749809,16.965428808436,0.));
#6270 = LINE('',#6271,#6272);
#6271 = CARTESIAN_POINT('',(-23.64383622525,17.07064008128,0.));
#6272 = VECTOR('',#6273,1.);
#6273 = DIRECTION('',(-0.707106781187,-0.707106781187,0.));
#6274 = ORIENTED_EDGE('',*,*,#6275,.T.);
#6275 = EDGE_CURVE('',#6268,#6276,#6278,.T.);
#6276 = VERTEX_POINT('',#6277);
#6277 = CARTESIAN_POINT('',(-23.74904749809,7.799620721663,0.));
#6278 = LINE('',#6279,#6280);
#6279 = CARTESIAN_POINT('',(-23.74904749809,16.965428808436,0.));
#6280 = VECTOR('',#6281,1.);
#6281 = DIRECTION('',(0.,-1.,0.));
#6282 = ORIENTED_EDGE('',*,*,#6283,.T.);
#6283 = EDGE_CURVE('',#6276,#6284,#6286,.T.);
#6284 = VERTEX_POINT('',#6285);
#6285 = CARTESIAN_POINT('',(-22.14991216536,6.200485388933,0.));
#6286 = LINE('',#6287,#6288);
#6287 = CARTESIAN_POINT('',(-23.74904749809,7.799620721663,0.));
#6288 = VECTOR('',#6289,1.);
#6289 = DIRECTION('',(0.707106781187,-0.707106781187,0.));
#6290 = ORIENTED_EDGE('',*,*,#6291,.T.);
#6291 = EDGE_CURVE('',#6284,#6292,#6294,.T.);
#6292 = VERTEX_POINT('',#6293);
#6293 = CARTESIAN_POINT('',(-21.18671334819,5.057681090132,0.));
#6294 = CIRCLE('',#6295,0.75);
#6295 = AXIS2_PLACEMENT_3D('',#6296,#6297,#6298);
#6296 = CARTESIAN_POINT('',(-21.71704343408,5.588011176022,0.));
#6297 = DIRECTION('',(0.,0.,-1.));
#6298 = DIRECTION('',(-0.577158308372,0.816632283882,0.));
#6299 = ORIENTED_EDGE('',*,*,#6300,.T.);
#6300 = EDGE_CURVE('',#6292,#6301,#6303,.T.);
#6301 = VERTEX_POINT('',#6302);
#6302 = CARTESIAN_POINT('',(-22.32951764699,6.020879907301,0.));
#6303 = CIRCLE('',#6304,0.75);
#6304 = AXIS2_PLACEMENT_3D('',#6305,#6306,#6307);
#6305 = CARTESIAN_POINT('',(-21.71704343408,5.588011176022,0.));
#6306 = DIRECTION('',(-0.,0.,-1.));
#6307 = DIRECTION('',(0.707106781187,-0.707106781187,-0.));
#6308 = ORIENTED_EDGE('',*,*,#6309,.T.);
#6309 = EDGE_CURVE('',#6301,#6310,#6312,.T.);
#6310 = VERTEX_POINT('',#6311);
#6311 = CARTESIAN_POINT('',(-23.96585049291,7.657212753215,0.));
#6312 = LINE('',#6313,#6314);
#6313 = CARTESIAN_POINT('',(-22.32951764699,6.020879907301,0.));
#6314 = VECTOR('',#6315,1.);
#6315 = DIRECTION('',(-0.707106781187,0.707106781187,0.));
#6316 = ORIENTED_EDGE('',*,*,#6317,.T.);
#6317 = EDGE_CURVE('',#6310,#6318,#6320,.T.);
#6318 = VERTEX_POINT('',#6319);
#6319 = CARTESIAN_POINT('',(-24.00304800609,7.747015494031,0.));
#6320 = CIRCLE('',#6321,0.127000254001);
#6321 = AXIS2_PLACEMENT_3D('',#6322,#6323,#6324);
#6322 = CARTESIAN_POINT('',(-23.87604775209,7.747015494031,0.));
#6323 = DIRECTION('',(0.,0.,-1.));
#6324 = DIRECTION('',(-0.707106781187,-0.707106781187,-0.));
#6325 = ORIENTED_EDGE('',*,*,#6326,.T.);
#6326 = EDGE_CURVE('',#6318,#6327,#6329,.T.);
#6327 = VERTEX_POINT('',#6328);
#6328 = CARTESIAN_POINT('',(-24.00304800609,17.018034036068,0.));
#6329 = LINE('',#6330,#6331);
#6330 = CARTESIAN_POINT('',(-24.00304800609,7.747015494031,0.));
#6331 = VECTOR('',#6332,1.);
#6332 = DIRECTION('',(0.,1.,0.));
#6333 = ORIENTED_EDGE('',*,*,#6334,.T.);
#6334 = EDGE_CURVE('',#6327,#6335,#6337,.T.);
#6335 = VERTEX_POINT('',#6336);
#6336 = CARTESIAN_POINT('',(-23.96585049291,17.107836776884,0.));
#6337 = CIRCLE('',#6338,0.127000254001);
#6338 = AXIS2_PLACEMENT_3D('',#6339,#6340,#6341);
#6339 = CARTESIAN_POINT('',(-23.87604775209,17.018034036068,0.));
#6340 = DIRECTION('',(0.,0.,-1.));
#6341 = DIRECTION('',(-1.,-7.067262065551E-15,-0.));
#6342 = ORIENTED_EDGE('',*,*,#6343,.T.);
#6343 = EDGE_CURVE('',#6335,#6344,#6346,.T.);
#6344 = VERTEX_POINT('',#6345);
#6345 = CARTESIAN_POINT('',(-23.78624419369,17.287443076097,0.));
#6346 = LINE('',#6347,#6348);
#6347 = CARTESIAN_POINT('',(-23.96585049291,17.107836776884,0.));
#6348 = VECTOR('',#6349,1.);
#6349 = DIRECTION('',(0.707106781187,0.707106781187,0.));
#6350 = ORIENTED_EDGE('',*,*,#6351,.T.);
#6351 = EDGE_CURVE('',#6344,#6352,#6354,.T.);
#6352 = VERTEX_POINT('',#6353);
#6353 = CARTESIAN_POINT('',(-23.69644145288,17.324640589281,0.));
#6354 = CIRCLE('',#6355,0.127000254001);
#6355 = AXIS2_PLACEMENT_3D('',#6356,#6357,#6358);
#6356 = CARTESIAN_POINT('',(-23.69644145288,17.197640335281,0.));
#6357 = DIRECTION('',(0.,0.,-1.));
#6358 = DIRECTION('',(-0.707106781187,0.707106781187,0.));
#6359 = ORIENTED_EDGE('',*,*,#6360,.T.);
#6360 = EDGE_CURVE('',#6352,#6361,#6363,.T.);
#6361 = VERTEX_POINT('',#6362);
#6362 = CARTESIAN_POINT('',(-14.91163576327,17.324640589281,0.));
#6363 = LINE('',#6364,#6365);
#6364 = CARTESIAN_POINT('',(-23.69644145288,17.324640589281,0.));
#6365 = VECTOR('',#6366,1.);
#6366 = DIRECTION('',(1.,-4.044157383016E-16,0.));
#6367 = ORIENTED_EDGE('',*,*,#6368,.T.);
#6368 = EDGE_CURVE('',#6361,#6369,#6371,.T.);
#6369 = VERTEX_POINT('',#6370);
#6370 = CARTESIAN_POINT('',(-14.82183302245,17.287443076097,0.));
#6371 = CIRCLE('',#6372,0.127000254001);
#6372 = AXIS2_PLACEMENT_3D('',#6373,#6374,#6375);
#6373 = CARTESIAN_POINT('',(-14.91163576327,17.197640335281,0.));
#6374 = DIRECTION('',(0.,0.,-1.));
#6375 = DIRECTION('',(-3.383719413203E-14,1.,0.));
#6376 = ORIENTED_EDGE('',*,*,#6377,.T.);
#6377 = EDGE_CURVE('',#6369,#6378,#6380,.T.);
#6378 = VERTEX_POINT('',#6379);
#6379 = CARTESIAN_POINT('',(-14.00722545324,16.472835506882,0.));
#6380 = LINE('',#6381,#6382);
#6381 = CARTESIAN_POINT('',(-14.82183302245,17.287443076097,0.));
#6382 = VECTOR('',#6383,1.);
#6383 = DIRECTION('',(0.707106781187,-0.707106781187,0.));
#6384 = ORIENTED_EDGE('',*,*,#6385,.T.);
#6385 = EDGE_CURVE('',#6378,#6386,#6388,.T.);
#6386 = VERTEX_POINT('',#6387);
#6387 = CARTESIAN_POINT('',(-13.97002794005,16.383032766066,0.));
#6388 = CIRCLE('',#6389,0.127000254001);
#6389 = AXIS2_PLACEMENT_3D('',#6390,#6391,#6392);
#6390 = CARTESIAN_POINT('',(-14.09702819405,16.383032766066,0.));
#6391 = DIRECTION('',(0.,0.,-1.));
#6392 = DIRECTION('',(0.707106781187,0.707106781187,0.));
#6393 = ORIENTED_EDGE('',*,*,#6394,.T.);
#6394 = EDGE_CURVE('',#6386,#6395,#6397,.T.);
#6395 = VERTEX_POINT('',#6396);
#6396 = CARTESIAN_POINT('',(-13.97002794005,13.947195500555,0.));
#6397 = LINE('',#6398,#6399);
#6398 = CARTESIAN_POINT('',(-13.97002794005,16.383032766066,0.));
#6399 = VECTOR('',#6400,1.);
#6400 = DIRECTION('',(0.,-1.,0.));
#6401 = ORIENTED_EDGE('',*,*,#6402,.T.);
#6402 = EDGE_CURVE('',#6395,#6403,#6405,.T.);
#6403 = VERTEX_POINT('',#6404);
#6404 = CARTESIAN_POINT('',(-14.09702819405,12.458026416053,0.));
#6405 = CIRCLE('',#6406,0.75);
#6406 = AXIS2_PLACEMENT_3D('',#6407,#6408,#6409);
#6407 = CARTESIAN_POINT('',(-14.09702819405,13.208026416053,0.));
#6408 = DIRECTION('',(0.,0.,-1.));
#6409 = DIRECTION('',(0.169333672001,0.985558779336,0.));
#6410 = ORIENTED_EDGE('',*,*,#6411,.T.);
#6411 = EDGE_CURVE('',#6403,#6412,#6414,.T.);
#6412 = VERTEX_POINT('',#6413);
#6413 = CARTESIAN_POINT('',(-14.22402844805,13.947195500555,0.));
#6414 = CIRCLE('',#6415,0.75);
#6415 = AXIS2_PLACEMENT_3D('',#6416,#6417,#6418);
#6416 = CARTESIAN_POINT('',(-14.09702819405,13.208026416053,0.));
#6417 = DIRECTION('',(-0.,0.,-1.));
#6418 = DIRECTION('',(3.714177021547E-17,-1.,-0.));
#6419 = ORIENTED_EDGE('',*,*,#6420,.T.);
#6420 = EDGE_CURVE('',#6412,#6421,#6423,.T.);
#6421 = VERTEX_POINT('',#6422);
#6422 = CARTESIAN_POINT('',(-14.22402844805,16.330427538434,0.));
#6423 = LINE('',#6424,#6425);
#6424 = CARTESIAN_POINT('',(-14.22402844805,13.947195500555,0.));
#6425 = VECTOR('',#6426,1.);
#6426 = DIRECTION('',(0.,1.,0.));
#6427 = ORIENTED_EDGE('',*,*,#6428,.T.);
#6428 = EDGE_CURVE('',#6421,#6258,#6429,.T.);
#6429 = LINE('',#6430,#6431);
#6430 = CARTESIAN_POINT('',(-14.22402844805,16.330427538434,0.));
#6431 = VECTOR('',#6432,1.);
#6432 = DIRECTION('',(-0.707106781187,0.707106781187,0.));
#6433 = FACE_BOUND('',#6434,.T.);
#6434 = EDGE_LOOP('',(#6435,#6446));
#6435 = ORIENTED_EDGE('',*,*,#6436,.T.);
#6436 = EDGE_CURVE('',#6437,#6439,#6441,.T.);
#6437 = VERTEX_POINT('',#6438);
#6438 = CARTESIAN_POINT('',(-22.16705613411,5.588011176022,0.));
#6439 = VERTEX_POINT('',#6440);
#6440 = CARTESIAN_POINT('',(-21.26703073406,5.588011176022,0.));
#6441 = CIRCLE('',#6442,0.450012700025);
#6442 = AXIS2_PLACEMENT_3D('',#6443,#6444,#6445);
#6443 = CARTESIAN_POINT('',(-21.71704343408,5.588011176022,0.));
#6444 = DIRECTION('',(0.,0.,1.));
#6445 = DIRECTION('',(-1.,-1.110223024625E-16,0.));
#6446 = ORIENTED_EDGE('',*,*,#6447,.T.);
#6447 = EDGE_CURVE('',#6439,#6437,#6448,.T.);
#6448 = CIRCLE('',#6449,0.450012700025);
#6449 = AXIS2_PLACEMENT_3D('',#6450,#6451,#6452);
#6450 = CARTESIAN_POINT('',(-21.71704343408,5.588011176022,0.));
#6451 = DIRECTION('',(0.,0.,1.));
#6452 = DIRECTION('',(1.,1.110223024625E-16,-0.));
#6453 = FACE_BOUND('',#6454,.T.);
#6454 = EDGE_LOOP('',(#6455,#6466));
#6455 = ORIENTED_EDGE('',*,*,#6456,.T.);
#6456 = EDGE_CURVE('',#6457,#6459,#6461,.T.);
#6457 = VERTEX_POINT('',#6458);
#6458 = CARTESIAN_POINT('',(-14.54704089408,13.208026416053,0.));
#6459 = VERTEX_POINT('',#6460);
#6460 = CARTESIAN_POINT('',(-13.64701549403,13.208026416053,0.));
#6461 = CIRCLE('',#6462,0.450012700025);
#6462 = AXIS2_PLACEMENT_3D('',#6463,#6464,#6465);
#6463 = CARTESIAN_POINT('',(-14.09702819405,13.208026416053,0.));
#6464 = DIRECTION('',(0.,0.,1.));
#6465 = DIRECTION('',(-1.,-1.110223024625E-16,0.));
#6466 = ORIENTED_EDGE('',*,*,#6467,.T.);
#6467 = EDGE_CURVE('',#6459,#6457,#6468,.T.);
#6468 = CIRCLE('',#6469,0.450012700025);
#6469 = AXIS2_PLACEMENT_3D('',#6470,#6471,#6472);
#6470 = CARTESIAN_POINT('',(-14.09702819405,13.208026416053,0.));
#6471 = DIRECTION('',(0.,0.,1.));
#6472 = DIRECTION('',(1.,1.110223024625E-16,-0.));
#6473 = PLANE('',#6474);
#6474 = AXIS2_PLACEMENT_3D('',#6475,#6476,#6477);
#6475 = CARTESIAN_POINT('',(-20.28616647567,13.429651266012,0.));
#6476 = DIRECTION('',(-0.,-0.,-1.));
#6477 = DIRECTION('',(-1.,0.,0.));
#6478 = SHELL_BASED_SURFACE_MODEL('',(#6479));
#6479 = OPEN_SHELL('',(#6480));
#6480 = ADVANCED_FACE('',(#6481,#6515),#6535,.T.);
#6481 = FACE_BOUND('',#6482,.T.);
#6482 = EDGE_LOOP('',(#6483,#6493,#6501,#6509));
#6483 = ORIENTED_EDGE('',*,*,#6484,.T.);
#6484 = EDGE_CURVE('',#6485,#6487,#6489,.T.);
#6485 = VERTEX_POINT('',#6486);
#6486 = CARTESIAN_POINT('',(-22.46704343408,12.458026416053,0.));
#6487 = VERTEX_POINT('',#6488);
#6488 = CARTESIAN_POINT('',(-22.46704343408,13.958026416053,0.));
#6489 = LINE('',#6490,#6491);
#6490 = CARTESIAN_POINT('',(-22.46704343408,12.458026416053,0.));
#6491 = VECTOR('',#6492,1.);
#6492 = DIRECTION('',(0.,1.,0.));
#6493 = ORIENTED_EDGE('',*,*,#6494,.T.);
#6494 = EDGE_CURVE('',#6487,#6495,#6497,.T.);
#6495 = VERTEX_POINT('',#6496);
#6496 = CARTESIAN_POINT('',(-20.96704343408,13.958026416053,0.));
#6497 = LINE('',#6498,#6499);
#6498 = CARTESIAN_POINT('',(-22.46704343408,13.958026416053,0.));
#6499 = VECTOR('',#6500,1.);
#6500 = DIRECTION('',(1.,0.,0.));
#6501 = ORIENTED_EDGE('',*,*,#6502,.T.);
#6502 = EDGE_CURVE('',#6495,#6503,#6505,.T.);
#6503 = VERTEX_POINT('',#6504);
#6504 = CARTESIAN_POINT('',(-20.96704343408,12.458026416053,0.));
#6505 = LINE('',#6506,#6507);
#6506 = CARTESIAN_POINT('',(-20.96704343408,13.958026416053,0.));
#6507 = VECTOR('',#6508,1.);
#6508 = DIRECTION('',(0.,-1.,0.));
#6509 = ORIENTED_EDGE('',*,*,#6510,.T.);
#6510 = EDGE_CURVE('',#6503,#6485,#6511,.T.);
#6511 = LINE('',#6512,#6513);
#6512 = CARTESIAN_POINT('',(-20.96704343408,12.458026416053,0.));
#6513 = VECTOR('',#6514,1.);
#6514 = DIRECTION('',(-1.,0.,0.));
#6515 = FACE_BOUND('',#6516,.T.);
#6516 = EDGE_LOOP('',(#6517,#6528));
#6517 = ORIENTED_EDGE('',*,*,#6518,.T.);
#6518 = EDGE_CURVE('',#6519,#6521,#6523,.T.);
#6519 = VERTEX_POINT('',#6520);
#6520 = CARTESIAN_POINT('',(-22.16705613411,13.208026416053,0.));
#6521 = VERTEX_POINT('',#6522);
#6522 = CARTESIAN_POINT('',(-21.26703073406,13.208026416053,0.));
#6523 = CIRCLE('',#6524,0.450012700025);
#6524 = AXIS2_PLACEMENT_3D('',#6525,#6526,#6527);
#6525 = CARTESIAN_POINT('',(-21.71704343408,13.208026416053,0.));
#6526 = DIRECTION('',(0.,0.,1.));
#6527 = DIRECTION('',(-1.,-1.110223024625E-16,0.));
#6528 = ORIENTED_EDGE('',*,*,#6529,.T.);
#6529 = EDGE_CURVE('',#6521,#6519,#6530,.T.);
#6530 = CIRCLE('',#6531,0.450012700025);
#6531 = AXIS2_PLACEMENT_3D('',#6532,#6533,#6534);
#6532 = CARTESIAN_POINT('',(-21.71704343408,13.208026416053,0.));
#6533 = DIRECTION('',(0.,0.,1.));
#6534 = DIRECTION('',(1.,1.110223024625E-16,-0.));
#6535 = PLANE('',#6536);
#6536 = AXIS2_PLACEMENT_3D('',#6537,#6538,#6539);
#6537 = CARTESIAN_POINT('',(-21.71704343408,13.208026416053,0.));
#6538 = DIRECTION('',(-0.,-0.,-1.));
#6539 = DIRECTION('',(-1.,0.,0.));
#6540 = SHELL_BASED_SURFACE_MODEL('',(#6541));
#6541 = OPEN_SHELL('',(#6542));
#6542 = ADVANCED_FACE('',(#6543,#6563),#6583,.T.);
#6543 = FACE_BOUND('',#6544,.T.);
#6544 = EDGE_LOOP('',(#6545,#6556));
#6545 = ORIENTED_EDGE('',*,*,#6546,.T.);
#6546 = EDGE_CURVE('',#6547,#6549,#6551,.T.);
#6547 = VERTEX_POINT('',#6548);
#6548 = CARTESIAN_POINT('',(-20.96704343408,10.668021336043,0.));
#6549 = VERTEX_POINT('',#6550);
#6550 = CARTESIAN_POINT('',(-22.46704343408,10.668021336043,0.));
#6551 = CIRCLE('',#6552,0.75);
#6552 = AXIS2_PLACEMENT_3D('',#6553,#6554,#6555);
#6553 = CARTESIAN_POINT('',(-21.71704343408,10.668021336043,0.));
#6554 = DIRECTION('',(-0.,0.,-1.));
#6555 = DIRECTION('',(1.,-1.110223024625E-16,-0.));
#6556 = ORIENTED_EDGE('',*,*,#6557,.T.);
#6557 = EDGE_CURVE('',#6549,#6547,#6558,.T.);
#6558 = CIRCLE('',#6559,0.75);
#6559 = AXIS2_PLACEMENT_3D('',#6560,#6561,#6562);
#6560 = CARTESIAN_POINT('',(-21.71704343408,10.668021336043,0.));
#6561 = DIRECTION('',(0.,0.,-1.));
#6562 = DIRECTION('',(-1.,1.110223024625E-16,0.));
#6563 = FACE_BOUND('',#6564,.T.);
#6564 = EDGE_LOOP('',(#6565,#6576));
#6565 = ORIENTED_EDGE('',*,*,#6566,.T.);
#6566 = EDGE_CURVE('',#6567,#6569,#6571,.T.);
#6567 = VERTEX_POINT('',#6568);
#6568 = CARTESIAN_POINT('',(-22.16705613411,10.668021336043,0.));
#6569 = VERTEX_POINT('',#6570);
#6570 = CARTESIAN_POINT('',(-21.26703073406,10.668021336043,0.));
#6571 = CIRCLE('',#6572,0.450012700025);
#6572 = AXIS2_PLACEMENT_3D('',#6573,#6574,#6575);
#6573 = CARTESIAN_POINT('',(-21.71704343408,10.668021336043,0.));
#6574 = DIRECTION('',(0.,0.,1.));
#6575 = DIRECTION('',(-1.,-1.110223024625E-16,0.));
#6576 = ORIENTED_EDGE('',*,*,#6577,.T.);
#6577 = EDGE_CURVE('',#6569,#6567,#6578,.T.);
#6578 = CIRCLE('',#6579,0.450012700025);
#6579 = AXIS2_PLACEMENT_3D('',#6580,#6581,#6582);
#6580 = CARTESIAN_POINT('',(-21.71704343408,10.668021336043,0.));
#6581 = DIRECTION('',(0.,0.,1.));
#6582 = DIRECTION('',(1.,1.110223024625E-16,-0.));
#6583 = PLANE('',#6584);
#6584 = AXIS2_PLACEMENT_3D('',#6585,#6586,#6587);
#6585 = CARTESIAN_POINT('',(-21.71704343408,10.668021336043,0.));
#6586 = DIRECTION('',(-0.,-0.,-1.));
#6587 = DIRECTION('',(-1.,0.,0.));
#6588 = SHELL_BASED_SURFACE_MODEL('',(#6589));
#6589 = OPEN_SHELL('',(#6590));
#6590 = ADVANCED_FACE('',(#6591,#6611),#6631,.T.);
#6591 = FACE_BOUND('',#6592,.T.);
#6592 = EDGE_LOOP('',(#6593,#6604));
#6593 = ORIENTED_EDGE('',*,*,#6594,.T.);
#6594 = EDGE_CURVE('',#6595,#6597,#6599,.T.);
#6595 = VERTEX_POINT('',#6596);
#6596 = CARTESIAN_POINT('',(-20.96704343408,8.128016256033,0.));
#6597 = VERTEX_POINT('',#6598);
#6598 = CARTESIAN_POINT('',(-22.46704343408,8.128016256033,0.));
#6599 = CIRCLE('',#6600,0.75);
#6600 = AXIS2_PLACEMENT_3D('',#6601,#6602,#6603);
#6601 = CARTESIAN_POINT('',(-21.71704343408,8.128016256033,0.));
#6602 = DIRECTION('',(-0.,0.,-1.));
#6603 = DIRECTION('',(1.,-1.110223024625E-16,-0.));
#6604 = ORIENTED_EDGE('',*,*,#6605,.T.);
#6605 = EDGE_CURVE('',#6597,#6595,#6606,.T.);
#6606 = CIRCLE('',#6607,0.75);
#6607 = AXIS2_PLACEMENT_3D('',#6608,#6609,#6610);
#6608 = CARTESIAN_POINT('',(-21.71704343408,8.128016256033,0.));
#6609 = DIRECTION('',(0.,0.,-1.));
#6610 = DIRECTION('',(-1.,1.110223024625E-16,0.));
#6611 = FACE_BOUND('',#6612,.T.);
#6612 = EDGE_LOOP('',(#6613,#6624));
#6613 = ORIENTED_EDGE('',*,*,#6614,.T.);
#6614 = EDGE_CURVE('',#6615,#6617,#6619,.T.);
#6615 = VERTEX_POINT('',#6616);
#6616 = CARTESIAN_POINT('',(-22.16705613411,8.128016256033,0.));
#6617 = VERTEX_POINT('',#6618);
#6618 = CARTESIAN_POINT('',(-21.26703073406,8.128016256033,0.));
#6619 = CIRCLE('',#6620,0.450012700025);
#6620 = AXIS2_PLACEMENT_3D('',#6621,#6622,#6623);
#6621 = CARTESIAN_POINT('',(-21.71704343408,8.128016256033,0.));
#6622 = DIRECTION('',(0.,0.,1.));
#6623 = DIRECTION('',(-1.,-1.110223024625E-16,0.));
#6624 = ORIENTED_EDGE('',*,*,#6625,.T.);
#6625 = EDGE_CURVE('',#6617,#6615,#6626,.T.);
#6626 = CIRCLE('',#6627,0.450012700025);
#6627 = AXIS2_PLACEMENT_3D('',#6628,#6629,#6630);
#6628 = CARTESIAN_POINT('',(-21.71704343408,8.128016256033,0.));
#6629 = DIRECTION('',(0.,0.,1.));
#6630 = DIRECTION('',(1.,1.110223024625E-16,-0.));
#6631 = PLANE('',#6632);
#6632 = AXIS2_PLACEMENT_3D('',#6633,#6634,#6635);
#6633 = CARTESIAN_POINT('',(-21.71704343408,8.128016256033,0.));
#6634 = DIRECTION('',(-0.,-0.,-1.));
#6635 = DIRECTION('',(-1.,0.,0.));
#6636 = SHELL_BASED_SURFACE_MODEL('',(#6637));
#6637 = OPEN_SHELL('',(#6638));
#6638 = ADVANCED_FACE('',(#6639,#6659),#6679,.T.);
#6639 = FACE_BOUND('',#6640,.T.);
#6640 = EDGE_LOOP('',(#6641,#6652));
#6641 = ORIENTED_EDGE('',*,*,#6642,.T.);
#6642 = EDGE_CURVE('',#6643,#6645,#6647,.T.);
#6643 = VERTEX_POINT('',#6644);
#6644 = CARTESIAN_POINT('',(-18.91203962407,37.084074168148,0.));
#6645 = VERTEX_POINT('',#6646);
#6646 = CARTESIAN_POINT('',(-20.71203962407,37.084074168148,0.));
#6647 = CIRCLE('',#6648,0.9);
#6648 = AXIS2_PLACEMENT_3D('',#6649,#6650,#6651);
#6649 = CARTESIAN_POINT('',(-19.81203962407,37.084074168148,0.));
#6650 = DIRECTION('',(-0.,0.,-1.));
#6651 = DIRECTION('',(1.,-1.110223024625E-16,-0.));
#6652 = ORIENTED_EDGE('',*,*,#6653,.T.);
#6653 = EDGE_CURVE('',#6645,#6643,#6654,.T.);
#6654 = CIRCLE('',#6655,0.9);
#6655 = AXIS2_PLACEMENT_3D('',#6656,#6657,#6658);
#6656 = CARTESIAN_POINT('',(-19.81203962407,37.084074168148,0.));
#6657 = DIRECTION('',(0.,0.,-1.));
#6658 = DIRECTION('',(-1.,1.110223024625E-16,0.));
#6659 = FACE_BOUND('',#6660,.T.);
#6660 = EDGE_LOOP('',(#6661,#6672));
#6661 = ORIENTED_EDGE('',*,*,#6662,.T.);
#6662 = EDGE_CURVE('',#6663,#6665,#6667,.T.);
#6663 = VERTEX_POINT('',#6664);
#6664 = CARTESIAN_POINT('',(-20.31203962407,37.084074168148,0.));
#6665 = VERTEX_POINT('',#6666);
#6666 = CARTESIAN_POINT('',(-19.31203962407,37.084074168148,0.));
#6667 = CIRCLE('',#6668,0.5);
#6668 = AXIS2_PLACEMENT_3D('',#6669,#6670,#6671);
#6669 = CARTESIAN_POINT('',(-19.81203962407,37.084074168148,0.));
#6670 = DIRECTION('',(0.,0.,1.));
#6671 = DIRECTION('',(-1.,-1.110223024625E-16,0.));
#6672 = ORIENTED_EDGE('',*,*,#6673,.T.);
#6673 = EDGE_CURVE('',#6665,#6663,#6674,.T.);
#6674 = CIRCLE('',#6675,0.5);
#6675 = AXIS2_PLACEMENT_3D('',#6676,#6677,#6678);
#6676 = CARTESIAN_POINT('',(-19.81203962407,37.084074168148,0.));
#6677 = DIRECTION('',(0.,0.,1.));
#6678 = DIRECTION('',(1.,1.110223024625E-16,-0.));
#6679 = PLANE('',#6680);
#6680 = AXIS2_PLACEMENT_3D('',#6681,#6682,#6683);
#6681 = CARTESIAN_POINT('',(-19.81203962407,37.084074168148,0.));
#6682 = DIRECTION('',(-0.,-0.,-1.));
#6683 = DIRECTION('',(-1.,0.,0.));
#6684 = SHELL_BASED_SURFACE_MODEL('',(#6685));
#6685 = OPEN_SHELL('',(#6686));
#6686 = ADVANCED_FACE('',(#6687,#6959,#6979,#6999),#7019,.T.);
#6687 = FACE_BOUND('',#6688,.T.);
#6688 = EDGE_LOOP('',(#6689,#6699,#6708,#6716,#6724,#6732,#6741,#6750,
    #6758,#6766,#6775,#6783,#6791,#6800,#6808,#6817,#6826,#6834,#6842,
    #6851,#6859,#6867,#6876,#6884,#6893,#6901,#6910,#6918,#6927,#6935,
    #6943,#6952));
#6689 = ORIENTED_EDGE('',*,*,#6690,.T.);
#6690 = EDGE_CURVE('',#6691,#6693,#6695,.T.);
#6691 = VERTEX_POINT('',#6692);
#6692 = CARTESIAN_POINT('',(-17.25603251206,-11.68155233631,0.));
#6693 = VERTEX_POINT('',#6694);
#6694 = CARTESIAN_POINT('',(-17.25603251206,-2.143002286005,0.));
#6695 = LINE('',#6696,#6697);
#6696 = CARTESIAN_POINT('',(-17.25603251206,-11.68155233631,0.));
#6697 = VECTOR('',#6698,1.);
#6698 = DIRECTION('',(0.,1.,0.));
#6699 = ORIENTED_EDGE('',*,*,#6700,.T.);
#6700 = EDGE_CURVE('',#6693,#6701,#6703,.T.);
#6701 = VERTEX_POINT('',#6702);
#6702 = CARTESIAN_POINT('',(-17.21883499888,-2.053199545188,0.));
#6703 = CIRCLE('',#6704,0.127000254001);
#6704 = AXIS2_PLACEMENT_3D('',#6705,#6706,#6707);
#6705 = CARTESIAN_POINT('',(-17.12903225806,-2.143002286005,0.));
#6706 = DIRECTION('',(0.,0.,-1.));
#6707 = DIRECTION('',(-1.,-3.248085090733E-14,-0.));
#6708 = ORIENTED_EDGE('',*,*,#6709,.T.);
#6709 = EDGE_CURVE('',#6701,#6710,#6712,.T.);
#6710 = VERTEX_POINT('',#6711);
#6711 = CARTESIAN_POINT('',(-12.06502413004,3.100611323644,0.));
#6712 = LINE('',#6713,#6714);
#6713 = CARTESIAN_POINT('',(-17.21883499888,-2.053199545188,0.));
#6714 = VECTOR('',#6715,1.);
#6715 = DIRECTION('',(0.707106781187,0.707106781187,0.));
#6716 = ORIENTED_EDGE('',*,*,#6717,.T.);
#6717 = EDGE_CURVE('',#6710,#6718,#6720,.T.);
#6718 = VERTEX_POINT('',#6719);
#6719 = CARTESIAN_POINT('',(-12.06502413004,5.916406710392,0.));
#6720 = LINE('',#6721,#6722);
#6721 = CARTESIAN_POINT('',(-12.06502413004,3.100611323644,0.));
#6722 = VECTOR('',#6723,1.);
#6723 = DIRECTION('',(0.,1.,0.));
#6724 = ORIENTED_EDGE('',*,*,#6725,.T.);
#6725 = EDGE_CURVE('',#6718,#6726,#6728,.T.);
#6726 = VERTEX_POINT('',#6727);
#6727 = CARTESIAN_POINT('',(-13.66415946277,7.515542043121,0.));
#6728 = LINE('',#6729,#6730);
#6729 = CARTESIAN_POINT('',(-12.06502413004,5.916406710392,0.));
#6730 = VECTOR('',#6731,1.);
#6731 = DIRECTION('',(-0.707106781187,0.707106781187,0.));
#6732 = ORIENTED_EDGE('',*,*,#6733,.T.);
#6733 = EDGE_CURVE('',#6726,#6734,#6736,.T.);
#6734 = VERTEX_POINT('',#6735);
#6735 = CARTESIAN_POINT('',(-14.78993784344,8.415028830306,0.));
#6736 = CIRCLE('',#6737,0.75);
#6737 = AXIS2_PLACEMENT_3D('',#6738,#6739,#6740);
#6738 = CARTESIAN_POINT('',(-14.09702819405,8.128016256033,0.));
#6739 = DIRECTION('',(-0.,0.,-1.));
#6740 = DIRECTION('',(0.577158308372,-0.816632283881,-0.));
#6741 = ORIENTED_EDGE('',*,*,#6742,.T.);
#6742 = EDGE_CURVE('',#6734,#6743,#6745,.T.);
#6743 = VERTEX_POINT('',#6744);
#6744 = CARTESIAN_POINT('',(-13.35785910955,8.255016510033,0.));
#6745 = CIRCLE('',#6746,0.75);
#6746 = AXIS2_PLACEMENT_3D('',#6747,#6748,#6749);
#6747 = CARTESIAN_POINT('',(-14.09702819405,8.128016256033,0.));
#6748 = DIRECTION('',(0.,0.,-1.));
#6749 = DIRECTION('',(-0.923879532511,0.382683432365,0.));
#6750 = ORIENTED_EDGE('',*,*,#6751,.T.);
#6751 = EDGE_CURVE('',#6743,#6752,#6754,.T.);
#6752 = VERTEX_POINT('',#6753);
#6753 = CARTESIAN_POINT('',(-11.86362884967,8.255016510033,0.));
#6754 = LINE('',#6755,#6756);
#6755 = CARTESIAN_POINT('',(-13.35785910955,8.255016510033,0.));
#6756 = VECTOR('',#6757,1.);
#6757 = DIRECTION('',(1.,0.,0.));
#6758 = ORIENTED_EDGE('',*,*,#6759,.T.);
#6759 = EDGE_CURVE('',#6752,#6760,#6762,.T.);
#6760 = VERTEX_POINT('',#6761);
#6761 = CARTESIAN_POINT('',(-8.979820520852,11.13882483886,0.));
#6762 = LINE('',#6763,#6764);
#6763 = CARTESIAN_POINT('',(-11.86362884967,8.255016510033,0.));
#6764 = VECTOR('',#6765,1.);
#6765 = DIRECTION('',(0.707106781187,0.707106781187,0.));
#6766 = ORIENTED_EDGE('',*,*,#6767,.T.);
#6767 = EDGE_CURVE('',#6760,#6768,#6770,.T.);
#6768 = VERTEX_POINT('',#6769);
#6769 = CARTESIAN_POINT('',(-8.890017780036,11.176022352045,0.));
#6770 = CIRCLE('',#6771,0.127000254001);
#6771 = AXIS2_PLACEMENT_3D('',#6772,#6773,#6774);
#6772 = CARTESIAN_POINT('',(-8.890017780036,11.049022098044,0.));
#6773 = DIRECTION('',(0.,0.,-1.));
#6774 = DIRECTION('',(-0.707106781187,0.707106781187,0.));
#6775 = ORIENTED_EDGE('',*,*,#6776,.T.);
#6776 = EDGE_CURVE('',#6768,#6777,#6779,.T.);
#6777 = VERTEX_POINT('',#6778);
#6778 = CARTESIAN_POINT('',(0.45539578837,11.176022352045,0.));
#6779 = LINE('',#6780,#6781);
#6780 = CARTESIAN_POINT('',(-8.890017780036,11.176022352045,0.));
#6781 = VECTOR('',#6782,1.);
#6782 = DIRECTION('',(1.,0.,0.));
#6783 = ORIENTED_EDGE('',*,*,#6784,.T.);
#6784 = EDGE_CURVE('',#6777,#6785,#6787,.T.);
#6785 = VERTEX_POINT('',#6786);
#6786 = CARTESIAN_POINT('',(3.339204117198,14.059830680872,0.));
#6787 = LINE('',#6788,#6789);
#6788 = CARTESIAN_POINT('',(0.45539578837,11.176022352045,0.));
#6789 = VECTOR('',#6790,1.);
#6790 = DIRECTION('',(0.707106781187,0.707106781187,0.));
#6791 = ORIENTED_EDGE('',*,*,#6792,.T.);
#6792 = EDGE_CURVE('',#6785,#6793,#6795,.T.);
#6793 = VERTEX_POINT('',#6794);
#6794 = CARTESIAN_POINT('',(3.429006858014,14.097028194056,0.));
#6795 = CIRCLE('',#6796,0.127000254001);
#6796 = AXIS2_PLACEMENT_3D('',#6797,#6798,#6799);
#6797 = CARTESIAN_POINT('',(3.429006858014,13.970027940056,0.));
#6798 = DIRECTION('',(0.,0.,-1.));
#6799 = DIRECTION('',(-0.707106781187,0.707106781187,0.));
#6800 = ORIENTED_EDGE('',*,*,#6801,.T.);
#6801 = EDGE_CURVE('',#6793,#6802,#6804,.T.);
#6802 = VERTEX_POINT('',#6803);
#6803 = CARTESIAN_POINT('',(6.253678014819,14.097028194056,0.));
#6804 = LINE('',#6805,#6806);
#6805 = CARTESIAN_POINT('',(3.429006858014,14.097028194056,0.));
#6806 = VECTOR('',#6807,1.);
#6807 = DIRECTION('',(1.,0.,0.));
#6808 = ORIENTED_EDGE('',*,*,#6809,.T.);
#6809 = EDGE_CURVE('',#6802,#6810,#6812,.T.);
#6810 = VERTEX_POINT('',#6811);
#6811 = CARTESIAN_POINT('',(7.741888401166,13.794786417291,0.));
#6812 = CIRCLE('',#6813,0.762001524003);
#6813 = AXIS2_PLACEMENT_3D('',#6814,#6815,#6816);
#6814 = CARTESIAN_POINT('',(6.985013970028,13.883032766066,0.));
#6815 = DIRECTION('',(0.,0.,-1.));
#6816 = DIRECTION('',(-0.959756551886,0.280833333333,0.));
#6817 = ORIENTED_EDGE('',*,*,#6818,.T.);
#6818 = EDGE_CURVE('',#6810,#6819,#6821,.T.);
#6819 = VERTEX_POINT('',#6820);
#6820 = CARTESIAN_POINT('',(6.224063303982,13.843027686055,0.));
#6821 = CIRCLE('',#6822,0.762001524003);
#6822 = AXIS2_PLACEMENT_3D('',#6823,#6824,#6825);
#6823 = CARTESIAN_POINT('',(6.985013970028,13.883032766066,0.));
#6824 = DIRECTION('',(-0.,0.,-1.));
#6825 = DIRECTION('',(0.99327154513,-0.115808625042,-0.));
#6826 = ORIENTED_EDGE('',*,*,#6827,.T.);
#6827 = EDGE_CURVE('',#6819,#6828,#6830,.T.);
#6828 = VERTEX_POINT('',#6829);
#6829 = CARTESIAN_POINT('',(3.481612085646,13.843027686055,0.));
#6830 = LINE('',#6831,#6832);
#6831 = CARTESIAN_POINT('',(6.224063303982,13.843027686055,0.));
#6832 = VECTOR('',#6833,1.);
#6833 = DIRECTION('',(-1.,0.,0.));
#6834 = ORIENTED_EDGE('',*,*,#6835,.T.);
#6835 = EDGE_CURVE('',#6828,#6836,#6838,.T.);
#6836 = VERTEX_POINT('',#6837);
#6837 = CARTESIAN_POINT('',(0.597803756818,10.959219357228,0.));
#6838 = LINE('',#6839,#6840);
#6839 = CARTESIAN_POINT('',(3.481612085646,13.843027686055,0.));
#6840 = VECTOR('',#6841,1.);
#6841 = DIRECTION('',(-0.707106781187,-0.707106781187,0.));
#6842 = ORIENTED_EDGE('',*,*,#6843,.T.);
#6843 = EDGE_CURVE('',#6836,#6844,#6846,.T.);
#6844 = VERTEX_POINT('',#6845);
#6845 = CARTESIAN_POINT('',(0.508001016002,10.922021844044,0.));
#6846 = CIRCLE('',#6847,0.127000254001);
#6847 = AXIS2_PLACEMENT_3D('',#6848,#6849,#6850);
#6848 = CARTESIAN_POINT('',(0.508001016002,11.049022098044,0.));
#6849 = DIRECTION('',(0.,0.,-1.));
#6850 = DIRECTION('',(0.707106781187,-0.707106781187,0.));
#6851 = ORIENTED_EDGE('',*,*,#6852,.T.);
#6852 = EDGE_CURVE('',#6844,#6853,#6855,.T.);
#6853 = VERTEX_POINT('',#6854);
#6854 = CARTESIAN_POINT('',(-8.837412552404,10.922021844044,0.));
#6855 = LINE('',#6856,#6857);
#6856 = CARTESIAN_POINT('',(0.508001016002,10.922021844044,0.));
#6857 = VECTOR('',#6858,1.);
#6858 = DIRECTION('',(-1.,0.,0.));
#6859 = ORIENTED_EDGE('',*,*,#6860,.T.);
#6860 = EDGE_CURVE('',#6853,#6861,#6863,.T.);
#6861 = VERTEX_POINT('',#6862);
#6862 = CARTESIAN_POINT('',(-11.72122088123,8.038213515216,0.));
#6863 = LINE('',#6864,#6865);
#6864 = CARTESIAN_POINT('',(-8.837412552404,10.922021844044,0.));
#6865 = VECTOR('',#6866,1.);
#6866 = DIRECTION('',(-0.707106781187,-0.707106781187,0.));
#6867 = ORIENTED_EDGE('',*,*,#6868,.T.);
#6868 = EDGE_CURVE('',#6861,#6869,#6871,.T.);
#6869 = VERTEX_POINT('',#6870);
#6870 = CARTESIAN_POINT('',(-11.81102362204,8.001016002032,0.));
#6871 = CIRCLE('',#6872,0.127000254001);
#6872 = AXIS2_PLACEMENT_3D('',#6873,#6874,#6875);
#6873 = CARTESIAN_POINT('',(-11.81102362204,8.128016256033,0.));
#6874 = DIRECTION('',(0.,0.,-1.));
#6875 = DIRECTION('',(0.707106781187,-0.707106781187,0.));
#6876 = ORIENTED_EDGE('',*,*,#6877,.T.);
#6877 = EDGE_CURVE('',#6869,#6878,#6880,.T.);
#6878 = VERTEX_POINT('',#6879);
#6879 = CARTESIAN_POINT('',(-13.35785910955,8.001016002032,0.));
#6880 = LINE('',#6881,#6882);
#6881 = CARTESIAN_POINT('',(-11.81102362204,8.001016002032,0.));
#6882 = VECTOR('',#6883,1.);
#6883 = DIRECTION('',(-1.,0.,0.));
#6884 = ORIENTED_EDGE('',*,*,#6885,.T.);
#6885 = EDGE_CURVE('',#6878,#6886,#6888,.T.);
#6886 = VERTEX_POINT('',#6887);
#6887 = CARTESIAN_POINT('',(-13.48455398114,7.695147524754,0.));
#6888 = CIRCLE('',#6889,0.75);
#6889 = AXIS2_PLACEMENT_3D('',#6890,#6891,#6892);
#6890 = CARTESIAN_POINT('',(-14.09702819405,8.128016256033,0.));
#6891 = DIRECTION('',(0.,0.,-1.));
#6892 = DIRECTION('',(0.985558779336,-0.169333672001,0.));
#6893 = ORIENTED_EDGE('',*,*,#6894,.T.);
#6894 = EDGE_CURVE('',#6886,#6895,#6897,.T.);
#6895 = VERTEX_POINT('',#6896);
#6896 = CARTESIAN_POINT('',(-11.84822113523,6.05881467884,0.));
#6897 = LINE('',#6898,#6899);
#6898 = CARTESIAN_POINT('',(-13.48455398114,7.695147524754,0.));
#6899 = VECTOR('',#6900,1.);
#6900 = DIRECTION('',(0.707106781187,-0.707106781187,0.));
#6901 = ORIENTED_EDGE('',*,*,#6902,.T.);
#6902 = EDGE_CURVE('',#6895,#6903,#6905,.T.);
#6903 = VERTEX_POINT('',#6904);
#6904 = CARTESIAN_POINT('',(-11.81102362204,5.969011938024,0.));
#6905 = CIRCLE('',#6906,0.127000254001);
#6906 = AXIS2_PLACEMENT_3D('',#6907,#6908,#6909);
#6907 = CARTESIAN_POINT('',(-11.93802387604,5.969011938024,0.));
#6908 = DIRECTION('',(0.,0.,-1.));
#6909 = DIRECTION('',(0.707106781187,0.707106781187,0.));
#6910 = ORIENTED_EDGE('',*,*,#6911,.T.);
#6911 = EDGE_CURVE('',#6903,#6912,#6914,.T.);
#6912 = VERTEX_POINT('',#6913);
#6913 = CARTESIAN_POINT('',(-11.81102362204,3.048006096012,0.));
#6914 = LINE('',#6915,#6916);
#6915 = CARTESIAN_POINT('',(-11.81102362204,5.969011938024,0.));
#6916 = VECTOR('',#6917,1.);
#6917 = DIRECTION('',(-6.081319023234E-16,-1.,0.));
#6918 = ORIENTED_EDGE('',*,*,#6919,.T.);
#6919 = EDGE_CURVE('',#6912,#6920,#6922,.T.);
#6920 = VERTEX_POINT('',#6921);
#6921 = CARTESIAN_POINT('',(-11.84822113523,2.958203355196,0.));
#6922 = CIRCLE('',#6923,0.127000254001);
#6923 = AXIS2_PLACEMENT_3D('',#6924,#6925,#6926);
#6924 = CARTESIAN_POINT('',(-11.93802387604,3.048006096012,0.));
#6925 = DIRECTION('',(0.,0.,-1.));
#6926 = DIRECTION('',(1.,-8.566378261274E-16,0.));
#6927 = ORIENTED_EDGE('',*,*,#6928,.T.);
#6928 = EDGE_CURVE('',#6920,#6929,#6931,.T.);
#6929 = VERTEX_POINT('',#6930);
#6930 = CARTESIAN_POINT('',(-17.00203200406,-2.195607513636,0.));
#6931 = LINE('',#6932,#6933);
#6932 = CARTESIAN_POINT('',(-11.84822113523,2.958203355196,0.));
#6933 = VECTOR('',#6934,1.);
#6934 = DIRECTION('',(-0.707106781187,-0.707106781187,0.));
#6935 = ORIENTED_EDGE('',*,*,#6936,.T.);
#6936 = EDGE_CURVE('',#6929,#6937,#6939,.T.);
#6937 = VERTEX_POINT('',#6938);
#6938 = CARTESIAN_POINT('',(-17.00203200406,-11.68155233631,0.));
#6939 = LINE('',#6940,#6941);
#6940 = CARTESIAN_POINT('',(-17.00203200406,-2.195607513636,0.));
#6941 = VECTOR('',#6942,1.);
#6942 = DIRECTION('',(0.,-1.,0.));
#6943 = ORIENTED_EDGE('',*,*,#6944,.T.);
#6944 = EDGE_CURVE('',#6937,#6945,#6947,.T.);
#6945 = VERTEX_POINT('',#6946);
#6946 = CARTESIAN_POINT('',(-17.12903225806,-12.96902463804,0.));
#6947 = CIRCLE('',#6948,0.65);
#6948 = AXIS2_PLACEMENT_3D('',#6949,#6950,#6951);
#6949 = CARTESIAN_POINT('',(-17.12903225806,-12.31902463804,0.));
#6950 = DIRECTION('',(0.,0.,-1.));
#6951 = DIRECTION('',(0.195385006155,0.980726618059,0.));
#6952 = ORIENTED_EDGE('',*,*,#6953,.T.);
#6953 = EDGE_CURVE('',#6945,#6691,#6954,.T.);
#6954 = CIRCLE('',#6955,0.65);
#6955 = AXIS2_PLACEMENT_3D('',#6956,#6957,#6958);
#6956 = CARTESIAN_POINT('',(-17.12903225806,-12.31902463804,0.));
#6957 = DIRECTION('',(0.,0.,-1.));
#6958 = DIRECTION('',(-1.287243968092E-15,-1.,-0.));
#6959 = FACE_BOUND('',#6960,.T.);
#6960 = EDGE_LOOP('',(#6961,#6972));
#6961 = ORIENTED_EDGE('',*,*,#6962,.T.);
#6962 = EDGE_CURVE('',#6963,#6965,#6967,.T.);
#6963 = VERTEX_POINT('',#6964);
#6964 = CARTESIAN_POINT('',(-17.52903225806,-12.31902463804,0.));
#6965 = VERTEX_POINT('',#6966);
#6966 = CARTESIAN_POINT('',(-16.72903225806,-12.31902463804,0.));
#6967 = CIRCLE('',#6968,0.4);
#6968 = AXIS2_PLACEMENT_3D('',#6969,#6970,#6971);
#6969 = CARTESIAN_POINT('',(-17.12903225806,-12.31902463804,0.));
#6970 = DIRECTION('',(0.,0.,1.));
#6971 = DIRECTION('',(-1.,-1.110223024625E-16,0.));
#6972 = ORIENTED_EDGE('',*,*,#6973,.T.);
#6973 = EDGE_CURVE('',#6965,#6963,#6974,.T.);
#6974 = CIRCLE('',#6975,0.4);
#6975 = AXIS2_PLACEMENT_3D('',#6976,#6977,#6978);
#6976 = CARTESIAN_POINT('',(-17.12903225806,-12.31902463804,0.));
#6977 = DIRECTION('',(0.,0.,1.));
#6978 = DIRECTION('',(1.,1.110223024625E-16,-0.));
#6979 = FACE_BOUND('',#6980,.T.);
#6980 = EDGE_LOOP('',(#6981,#6992));
#6981 = ORIENTED_EDGE('',*,*,#6982,.T.);
#6982 = EDGE_CURVE('',#6983,#6985,#6987,.T.);
#6983 = VERTEX_POINT('',#6984);
#6984 = CARTESIAN_POINT('',(6.604013208026,13.883032766066,0.));
#6985 = VERTEX_POINT('',#6986);
#6986 = CARTESIAN_POINT('',(7.366014732029,13.883032766066,0.));
#6987 = CIRCLE('',#6988,0.381000762002);
#6988 = AXIS2_PLACEMENT_3D('',#6989,#6990,#6991);
#6989 = CARTESIAN_POINT('',(6.985013970028,13.883032766066,0.));
#6990 = DIRECTION('',(0.,0.,1.));
#6991 = DIRECTION('',(-1.,-1.110223024625E-16,0.));
#6992 = ORIENTED_EDGE('',*,*,#6993,.T.);
#6993 = EDGE_CURVE('',#6985,#6983,#6994,.T.);
#6994 = CIRCLE('',#6995,0.381000762002);
#6995 = AXIS2_PLACEMENT_3D('',#6996,#6997,#6998);
#6996 = CARTESIAN_POINT('',(6.985013970028,13.883032766066,0.));
#6997 = DIRECTION('',(0.,0.,1.));
#6998 = DIRECTION('',(1.,1.110223024625E-16,-0.));
#6999 = FACE_BOUND('',#7000,.T.);
#7000 = EDGE_LOOP('',(#7001,#7012));
#7001 = ORIENTED_EDGE('',*,*,#7002,.T.);
#7002 = EDGE_CURVE('',#7003,#7005,#7007,.T.);
#7003 = VERTEX_POINT('',#7004);
#7004 = CARTESIAN_POINT('',(-14.54704089408,8.128016256033,0.));
#7005 = VERTEX_POINT('',#7006);
#7006 = CARTESIAN_POINT('',(-13.64701549403,8.128016256033,0.));
#7007 = CIRCLE('',#7008,0.450012700025);
#7008 = AXIS2_PLACEMENT_3D('',#7009,#7010,#7011);
#7009 = CARTESIAN_POINT('',(-14.09702819405,8.128016256033,0.));
#7010 = DIRECTION('',(0.,0.,1.));
#7011 = DIRECTION('',(-1.,-1.110223024625E-16,0.));
#7012 = ORIENTED_EDGE('',*,*,#7013,.T.);
#7013 = EDGE_CURVE('',#7005,#7003,#7014,.T.);
#7014 = CIRCLE('',#7015,0.450012700025);
#7015 = AXIS2_PLACEMENT_3D('',#7016,#7017,#7018);
#7016 = CARTESIAN_POINT('',(-14.09702819405,8.128016256033,0.));
#7017 = DIRECTION('',(0.,0.,1.));
#7018 = DIRECTION('',(1.,1.110223024625E-16,-0.));
#7019 = PLANE('',#7020);
#7020 = AXIS2_PLACEMENT_3D('',#7021,#7022,#7023);
#7021 = CARTESIAN_POINT('',(-9.156285385656,4.727964900779,0.));
#7022 = DIRECTION('',(-0.,-0.,-1.));
#7023 = DIRECTION('',(-1.,0.,0.));
#7024 = SHELL_BASED_SURFACE_MODEL('',(#7025));
#7025 = OPEN_SHELL('',(#7026));
#7026 = ADVANCED_FACE('',(#7027,#7047),#7067,.T.);
#7027 = FACE_BOUND('',#7028,.T.);
#7028 = EDGE_LOOP('',(#7029,#7040));
#7029 = ORIENTED_EDGE('',*,*,#7030,.T.);
#7030 = EDGE_CURVE('',#7031,#7033,#7035,.T.);
#7031 = VERTEX_POINT('',#7032);
#7032 = CARTESIAN_POINT('',(-14.97503175006,-39.37007874015,0.));
#7033 = VERTEX_POINT('',#7034);
#7034 = CARTESIAN_POINT('',(-16.77503175006,-39.37007874015,0.));
#7035 = CIRCLE('',#7036,0.9);
#7036 = AXIS2_PLACEMENT_3D('',#7037,#7038,#7039);
#7037 = CARTESIAN_POINT('',(-15.87503175006,-39.37007874015,0.));
#7038 = DIRECTION('',(-0.,0.,-1.));
#7039 = DIRECTION('',(1.,-1.110223024625E-16,-0.));
#7040 = ORIENTED_EDGE('',*,*,#7041,.T.);
#7041 = EDGE_CURVE('',#7033,#7031,#7042,.T.);
#7042 = CIRCLE('',#7043,0.9);
#7043 = AXIS2_PLACEMENT_3D('',#7044,#7045,#7046);
#7044 = CARTESIAN_POINT('',(-15.87503175006,-39.37007874015,0.));
#7045 = DIRECTION('',(0.,0.,-1.));
#7046 = DIRECTION('',(-1.,1.110223024625E-16,0.));
#7047 = FACE_BOUND('',#7048,.T.);
#7048 = EDGE_LOOP('',(#7049,#7060));
#7049 = ORIENTED_EDGE('',*,*,#7050,.T.);
#7050 = EDGE_CURVE('',#7051,#7053,#7055,.T.);
#7051 = VERTEX_POINT('',#7052);
#7052 = CARTESIAN_POINT('',(-16.37503175006,-39.37007874015,0.));
#7053 = VERTEX_POINT('',#7054);
#7054 = CARTESIAN_POINT('',(-15.37503175006,-39.37007874015,0.));
#7055 = CIRCLE('',#7056,0.5);
#7056 = AXIS2_PLACEMENT_3D('',#7057,#7058,#7059);
#7057 = CARTESIAN_POINT('',(-15.87503175006,-39.37007874015,0.));
#7058 = DIRECTION('',(0.,0.,1.));
#7059 = DIRECTION('',(-1.,-1.110223024625E-16,0.));
#7060 = ORIENTED_EDGE('',*,*,#7061,.T.);
#7061 = EDGE_CURVE('',#7053,#7051,#7062,.T.);
#7062 = CIRCLE('',#7063,0.5);
#7063 = AXIS2_PLACEMENT_3D('',#7064,#7065,#7066);
#7064 = CARTESIAN_POINT('',(-15.87503175006,-39.37007874015,0.));
#7065 = DIRECTION('',(0.,0.,1.));
#7066 = DIRECTION('',(1.,1.110223024625E-16,-0.));
#7067 = PLANE('',#7068);
#7068 = AXIS2_PLACEMENT_3D('',#7069,#7070,#7071);
#7069 = CARTESIAN_POINT('',(-15.87503175006,-39.37007874015,0.));
#7070 = DIRECTION('',(-0.,-0.,-1.));
#7071 = DIRECTION('',(-1.,0.,0.));
#7072 = SHELL_BASED_SURFACE_MODEL('',(#7073));
#7073 = OPEN_SHELL('',(#7074));
#7074 = ADVANCED_FACE('',(#7075,#7612,#7632,#7652,#7672,#7692,#7712),
  #7732,.T.);
#7075 = FACE_BOUND('',#7076,.T.);
#7076 = EDGE_LOOP('',(#7077,#7087,#7096,#7104,#7113,#7121,#7130,#7138,
    #7147,#7155,#7164,#7172,#7180,#7189,#7197,#7206,#7214,#7223,#7231,
    #7239,#7247,#7256,#7265,#7273,#7282,#7290,#7299,#7307,#7315,#7323,
    #7332,#7340,#7348,#7357,#7365,#7374,#7383,#7391,#7399,#7407,#7416,
    #7424,#7432,#7440,#7448,#7456,#7464,#7472,#7480,#7489,#7497,#7505,
    #7514,#7523,#7531,#7540,#7548,#7556,#7565,#7573,#7582,#7590,#7598,
    #7606));
#7077 = ORIENTED_EDGE('',*,*,#7078,.T.);
#7078 = EDGE_CURVE('',#7079,#7081,#7083,.T.);
#7079 = VERTEX_POINT('',#7080);
#7080 = CARTESIAN_POINT('',(-2.592610307642,-20.19304038608,0.));
#7081 = VERTEX_POINT('',#7082);
#7082 = CARTESIAN_POINT('',(2.196201831193,-15.40422824724,0.));
#7083 = LINE('',#7084,#7085);
#7084 = CARTESIAN_POINT('',(-2.592610307642,-20.19304038608,0.));
#7085 = VECTOR('',#7086,1.);
#7086 = DIRECTION('',(0.707106781187,0.707106781187,0.));
#7087 = ORIENTED_EDGE('',*,*,#7088,.T.);
#7088 = EDGE_CURVE('',#7081,#7089,#7091,.T.);
#7089 = VERTEX_POINT('',#7090);
#7090 = CARTESIAN_POINT('',(2.286004572009,-15.36703073406,0.));
#7091 = CIRCLE('',#7092,0.127000254001);
#7092 = AXIS2_PLACEMENT_3D('',#7093,#7094,#7095);
#7093 = CARTESIAN_POINT('',(2.286004572009,-15.49403098806,0.));
#7094 = DIRECTION('',(0.,0.,-1.));
#7095 = DIRECTION('',(-0.707106781187,0.707106781187,0.));
#7096 = ORIENTED_EDGE('',*,*,#7097,.T.);
#7097 = EDGE_CURVE('',#7089,#7098,#7100,.T.);
#7098 = VERTEX_POINT('',#7099);
#7099 = CARTESIAN_POINT('',(5.461010922022,-15.36703073406,0.));
#7100 = LINE('',#7101,#7102);
#7101 = CARTESIAN_POINT('',(2.286004572009,-15.36703073406,0.));
#7102 = VECTOR('',#7103,1.);
#7103 = DIRECTION('',(1.,-5.594813501375E-16,0.));
#7104 = ORIENTED_EDGE('',*,*,#7105,.T.);
#7105 = EDGE_CURVE('',#7098,#7106,#7108,.T.);
#7106 = VERTEX_POINT('',#7107);
#7107 = CARTESIAN_POINT('',(5.550813662838,-15.40422824724,0.));
#7108 = CIRCLE('',#7109,0.127000254001);
#7109 = AXIS2_PLACEMENT_3D('',#7110,#7111,#7112);
#7110 = CARTESIAN_POINT('',(5.461010922022,-15.49403098806,0.));
#7111 = DIRECTION('',(0.,0.,-1.));
#7112 = DIRECTION('',(-1.570502681234E-14,1.,0.));
#7113 = ORIENTED_EDGE('',*,*,#7114,.T.);
#7114 = EDGE_CURVE('',#7106,#7115,#7117,.T.);
#7115 = VERTEX_POINT('',#7116);
#7116 = CARTESIAN_POINT('',(8.984793642482,-18.83820822688,0.));
#7117 = LINE('',#7118,#7119);
#7118 = CARTESIAN_POINT('',(5.550813662838,-15.40422824724,0.));
#7119 = VECTOR('',#7120,1.);
#7120 = DIRECTION('',(0.707106781187,-0.707106781187,0.));
#7121 = ORIENTED_EDGE('',*,*,#7122,.T.);
#7122 = EDGE_CURVE('',#7115,#7123,#7125,.T.);
#7123 = VERTEX_POINT('',#7124);
#7124 = CARTESIAN_POINT('',(9.274363728727,-18.69364805301,0.));
#7125 = CIRCLE('',#7126,0.9);
#7126 = AXIS2_PLACEMENT_3D('',#7127,#7128,#7129);
#7127 = CARTESIAN_POINT('',(9.525019050038,-19.55803911607,0.));
#7128 = DIRECTION('',(0.,0.,-1.));
#7129 = DIRECTION('',(-0.600250452841,0.799812099099,0.));
#7130 = ORIENTED_EDGE('',*,*,#7131,.T.);
#7131 = EDGE_CURVE('',#7123,#7132,#7134,.T.);
#7132 = VERTEX_POINT('',#7133);
#7133 = CARTESIAN_POINT('',(9.274363728727,-4.862083923075,0.));
#7134 = LINE('',#7135,#7136);
#7135 = CARTESIAN_POINT('',(9.274363728727,-18.69364805301,0.));
#7136 = VECTOR('',#7137,1.);
#7137 = DIRECTION('',(-1.284277629567E-16,1.,0.));
#7138 = ORIENTED_EDGE('',*,*,#7139,.T.);
#7139 = EDGE_CURVE('',#7132,#7140,#7142,.T.);
#7140 = VERTEX_POINT('',#7141);
#7141 = CARTESIAN_POINT('',(8.681361442723,-4.153370586741,0.));
#7142 = CIRCLE('',#7143,0.720002540005);
#7143 = AXIS2_PLACEMENT_3D('',#7144,#7145,#7146);
#7144 = CARTESIAN_POINT('',(9.401363982728,-4.153370586741,0.));
#7145 = DIRECTION('',(0.,0.,-1.));
#7146 = DIRECTION('',(-0.176388619406,-0.98432060577,-0.));
#7147 = ORIENTED_EDGE('',*,*,#7148,.T.);
#7148 = EDGE_CURVE('',#7140,#7149,#7151,.T.);
#7149 = VERTEX_POINT('',#7150);
#7150 = CARTESIAN_POINT('',(8.681361442723,-3.793375666751,0.));
#7151 = LINE('',#7152,#7153);
#7152 = CARTESIAN_POINT('',(8.681361442723,-4.153370586741,0.));
#7153 = VECTOR('',#7154,1.);
#7154 = DIRECTION('',(0.,1.,0.));
#7155 = ORIENTED_EDGE('',*,*,#7156,.T.);
#7156 = EDGE_CURVE('',#7149,#7157,#7159,.T.);
#7157 = VERTEX_POINT('',#7158);
#7158 = CARTESIAN_POINT('',(10.121366522733,-3.793375666751,0.));
#7159 = CIRCLE('',#7160,0.720002540005);
#7160 = AXIS2_PLACEMENT_3D('',#7161,#7162,#7163);
#7161 = CARTESIAN_POINT('',(9.401363982728,-3.793375666751,0.));
#7162 = DIRECTION('',(0.,0.,-1.));
#7163 = DIRECTION('',(-1.,1.110223024625E-16,0.));
#7164 = ORIENTED_EDGE('',*,*,#7165,.T.);
#7165 = EDGE_CURVE('',#7157,#7166,#7168,.T.);
#7166 = VERTEX_POINT('',#7167);
#7167 = CARTESIAN_POINT('',(10.121366522733,-3.846372872746,0.));
#7168 = LINE('',#7169,#7170);
#7169 = CARTESIAN_POINT('',(10.121366522733,-3.793375666751,0.));
#7170 = VECTOR('',#7171,1.);
#7171 = DIRECTION('',(0.,-1.,0.));
#7172 = ORIENTED_EDGE('',*,*,#7173,.T.);
#7173 = EDGE_CURVE('',#7166,#7174,#7176,.T.);
#7174 = VERTEX_POINT('',#7175);
#7175 = CARTESIAN_POINT('',(16.348986095889,-3.846372872746,0.));
#7176 = LINE('',#7177,#7178);
#7177 = CARTESIAN_POINT('',(10.121366522733,-3.846372872746,0.));
#7178 = VECTOR('',#7179,1.);
#7179 = DIRECTION('',(1.,0.,0.));
#7180 = ORIENTED_EDGE('',*,*,#7181,.T.);
#7181 = EDGE_CURVE('',#7174,#7182,#7184,.T.);
#7182 = VERTEX_POINT('',#7183);
#7183 = CARTESIAN_POINT('',(17.848481814305,-3.385953771908,0.));
#7184 = CIRCLE('',#7185,0.8);
#7185 = AXIS2_PLACEMENT_3D('',#7186,#7187,#7188);
#7186 = CARTESIAN_POINT('',(17.145034290069,-3.766954533909,0.));
#7187 = DIRECTION('',(0.,0.,-1.));
#7188 = DIRECTION('',(-0.995060242724,-9.927292354585E-02,-0.));
#7189 = ORIENTED_EDGE('',*,*,#7190,.T.);
#7190 = EDGE_CURVE('',#7182,#7191,#7193,.T.);
#7191 = VERTEX_POINT('',#7192);
#7192 = CARTESIAN_POINT('',(19.514986029972,-3.385953771908,0.));
#7193 = LINE('',#7194,#7195);
#7194 = CARTESIAN_POINT('',(17.848481814305,-3.385953771908,0.));
#7195 = VECTOR('',#7196,1.);
#7196 = DIRECTION('',(1.,-2.664794998267E-16,0.));
#7197 = ORIENTED_EDGE('',*,*,#7198,.T.);
#7198 = EDGE_CURVE('',#7191,#7199,#7201,.T.);
#7199 = VERTEX_POINT('',#7200);
#7200 = CARTESIAN_POINT('',(19.604788770788,-3.423151285092,0.));
#7201 = CIRCLE('',#7202,0.127000254001);
#7202 = AXIS2_PLACEMENT_3D('',#7203,#7204,#7205);
#7203 = CARTESIAN_POINT('',(19.514986029972,-3.512954025908,0.));
#7204 = DIRECTION('',(0.,0.,-1.));
#7205 = DIRECTION('',(-8.994697174337E-15,1.,0.));
#7206 = ORIENTED_EDGE('',*,*,#7207,.T.);
#7207 = EDGE_CURVE('',#7199,#7208,#7210,.T.);
#7208 = VERTEX_POINT('',#7209);
#7209 = CARTESIAN_POINT('',(20.663843888898,-4.482206403202,0.));
#7210 = LINE('',#7211,#7212);
#7211 = CARTESIAN_POINT('',(19.604788770788,-3.423151285092,0.));
#7212 = VECTOR('',#7213,1.);
#7213 = DIRECTION('',(0.707106781187,-0.707106781187,0.));
#7214 = ORIENTED_EDGE('',*,*,#7215,.T.);
#7215 = EDGE_CURVE('',#7208,#7216,#7218,.T.);
#7216 = VERTEX_POINT('',#7217);
#7217 = CARTESIAN_POINT('',(20.701041402083,-4.572009144018,0.));
#7218 = CIRCLE('',#7219,0.127000254001);
#7219 = AXIS2_PLACEMENT_3D('',#7220,#7221,#7222);
#7220 = CARTESIAN_POINT('',(20.574041148082,-4.572009144018,0.));
#7221 = DIRECTION('',(0.,0.,-1.));
#7222 = DIRECTION('',(0.707106781187,0.707106781187,0.));
#7223 = ORIENTED_EDGE('',*,*,#7224,.T.);
#7224 = EDGE_CURVE('',#7216,#7225,#7227,.T.);
#7225 = VERTEX_POINT('',#7226);
#7226 = CARTESIAN_POINT('',(20.701041402083,-13.53642195042,0.));
#7227 = LINE('',#7228,#7229);
#7228 = CARTESIAN_POINT('',(20.701041402083,-4.572009144018,0.));
#7229 = VECTOR('',#7230,1.);
#7230 = DIRECTION('',(3.963130386256E-16,-1.,0.));
#7231 = ORIENTED_EDGE('',*,*,#7232,.T.);
#7232 = EDGE_CURVE('',#7225,#7233,#7235,.T.);
#7233 = VERTEX_POINT('',#7234);
#7234 = CARTESIAN_POINT('',(21.769648661719,-14.60502921005,0.));
#7235 = LINE('',#7236,#7237);
#7236 = CARTESIAN_POINT('',(20.701041402083,-13.53642195042,0.));
#7237 = VECTOR('',#7238,1.);
#7238 = DIRECTION('',(0.707106781187,-0.707106781187,0.));
#7239 = ORIENTED_EDGE('',*,*,#7240,.T.);
#7240 = EDGE_CURVE('',#7233,#7241,#7243,.T.);
#7241 = VERTEX_POINT('',#7242);
#7242 = CARTESIAN_POINT('',(24.197117028899,-14.60502921005,0.));
#7243 = LINE('',#7244,#7245);
#7244 = CARTESIAN_POINT('',(21.769648661719,-14.60502921005,0.));
#7245 = VECTOR('',#7246,1.);
#7246 = DIRECTION('',(1.,0.,0.));
#7247 = ORIENTED_EDGE('',*,*,#7248,.T.);
#7248 = EDGE_CURVE('',#7241,#7249,#7251,.T.);
#7249 = VERTEX_POINT('',#7250);
#7250 = CARTESIAN_POINT('',(25.558208340357,-14.30593695447,0.));
#7251 = CIRCLE('',#7252,0.7);
#7252 = AXIS2_PLACEMENT_3D('',#7253,#7254,#7255);
#7253 = CARTESIAN_POINT('',(24.8920497841,-14.52095504191,0.));
#7254 = DIRECTION('',(0.,0.,-1.));
#7255 = DIRECTION('',(-0.992761078857,-0.120105954498,-0.));
#7256 = ORIENTED_EDGE('',*,*,#7257,.T.);
#7257 = EDGE_CURVE('',#7249,#7258,#7260,.T.);
#7258 = VERTEX_POINT('',#7259);
#7259 = CARTESIAN_POINT('',(24.279101569854,-14.85902971805,0.));
#7260 = CIRCLE('',#7261,0.7);
#7261 = AXIS2_PLACEMENT_3D('',#7262,#7263,#7264);
#7262 = CARTESIAN_POINT('',(24.8920497841,-14.52095504191,0.));
#7263 = DIRECTION('',(0.,0.,-1.));
#7264 = DIRECTION('',(0.951655080368,0.307168696336,0.));
#7265 = ORIENTED_EDGE('',*,*,#7266,.T.);
#7266 = EDGE_CURVE('',#7258,#7267,#7269,.T.);
#7267 = VERTEX_POINT('',#7268);
#7268 = CARTESIAN_POINT('',(21.717043434087,-14.85902971805,0.));
#7269 = LINE('',#7270,#7271);
#7270 = CARTESIAN_POINT('',(24.279101569854,-14.85902971805,0.));
#7271 = VECTOR('',#7272,1.);
#7272 = DIRECTION('',(-1.,6.933319797086E-16,0.));
#7273 = ORIENTED_EDGE('',*,*,#7274,.T.);
#7274 = EDGE_CURVE('',#7267,#7275,#7277,.T.);
#7275 = VERTEX_POINT('',#7276);
#7276 = CARTESIAN_POINT('',(21.627240693271,-14.82183220487,0.));
#7277 = CIRCLE('',#7278,0.127000254001);
#7278 = AXIS2_PLACEMENT_3D('',#7279,#7280,#7281);
#7279 = CARTESIAN_POINT('',(21.717043434087,-14.73202946405,0.));
#7280 = DIRECTION('',(-0.,0.,-1.));
#7281 = DIRECTION('',(2.391447264606E-14,-1.,-0.));
#7282 = ORIENTED_EDGE('',*,*,#7283,.T.);
#7283 = EDGE_CURVE('',#7275,#7284,#7286,.T.);
#7284 = VERTEX_POINT('',#7285);
#7285 = CARTESIAN_POINT('',(20.484238407266,-13.67882991887,0.));
#7286 = LINE('',#7287,#7288);
#7287 = CARTESIAN_POINT('',(21.627240693271,-14.82183220487,0.));
#7288 = VECTOR('',#7289,1.);
#7289 = DIRECTION('',(-0.707106781187,0.707106781187,0.));
#7290 = ORIENTED_EDGE('',*,*,#7291,.T.);
#7291 = EDGE_CURVE('',#7284,#7292,#7294,.T.);
#7292 = VERTEX_POINT('',#7293);
#7293 = CARTESIAN_POINT('',(20.447040894082,-13.58902717805,0.));
#7294 = CIRCLE('',#7295,0.127000254001);
#7295 = AXIS2_PLACEMENT_3D('',#7296,#7297,#7298);
#7296 = CARTESIAN_POINT('',(20.574041148082,-13.58902717805,0.));
#7297 = DIRECTION('',(0.,0.,-1.));
#7298 = DIRECTION('',(-0.707106781187,-0.707106781187,-0.));
#7299 = ORIENTED_EDGE('',*,*,#7300,.T.);
#7300 = EDGE_CURVE('',#7292,#7301,#7303,.T.);
#7301 = VERTEX_POINT('',#7302);
#7302 = CARTESIAN_POINT('',(20.447040894082,-4.62461437165,0.));
#7303 = LINE('',#7304,#7305);
#7304 = CARTESIAN_POINT('',(20.447040894082,-13.58902717805,0.));
#7305 = VECTOR('',#7306,1.);
#7306 = DIRECTION('',(3.963130386256E-16,1.,0.));
#7307 = ORIENTED_EDGE('',*,*,#7308,.T.);
#7308 = EDGE_CURVE('',#7301,#7309,#7311,.T.);
#7309 = VERTEX_POINT('',#7310);
#7310 = CARTESIAN_POINT('',(19.46238080234,-3.639954279909,0.));
#7311 = LINE('',#7312,#7313);
#7312 = CARTESIAN_POINT('',(20.447040894082,-4.62461437165,0.));
#7313 = VECTOR('',#7314,1.);
#7314 = DIRECTION('',(-0.707106781187,0.707106781187,0.));
#7315 = ORIENTED_EDGE('',*,*,#7316,.T.);
#7316 = EDGE_CURVE('',#7309,#7317,#7319,.T.);
#7317 = VERTEX_POINT('',#7318);
#7318 = CARTESIAN_POINT('',(17.934889299221,-3.639954279909,0.));
#7319 = LINE('',#7320,#7321);
#7320 = CARTESIAN_POINT('',(19.46238080234,-3.639954279909,0.));
#7321 = VECTOR('',#7322,1.);
#7322 = DIRECTION('',(-1.,0.,0.));
#7323 = ORIENTED_EDGE('',*,*,#7324,.T.);
#7324 = EDGE_CURVE('',#7317,#7325,#7327,.T.);
#7325 = VERTEX_POINT('',#7326);
#7326 = CARTESIAN_POINT('',(16.417826016894,-4.100373380747,0.));
#7327 = CIRCLE('',#7328,0.8);
#7328 = AXIS2_PLACEMENT_3D('',#7329,#7330,#7331);
#7329 = CARTESIAN_POINT('',(17.145034290069,-3.766954533909,0.));
#7330 = DIRECTION('',(0.,0.,-1.));
#7331 = DIRECTION('',(0.987318761441,0.158750317501,0.));
#7332 = ORIENTED_EDGE('',*,*,#7333,.T.);
#7333 = EDGE_CURVE('',#7325,#7334,#7336,.T.);
#7334 = VERTEX_POINT('',#7335);
#7335 = CARTESIAN_POINT('',(10.121366522733,-4.100373380747,0.));
#7336 = LINE('',#7337,#7338);
#7337 = CARTESIAN_POINT('',(16.417826016894,-4.100373380747,0.));
#7338 = VECTOR('',#7339,1.);
#7339 = DIRECTION('',(-1.,-1.410599751374E-16,0.));
#7340 = ORIENTED_EDGE('',*,*,#7341,.T.);
#7341 = EDGE_CURVE('',#7334,#7342,#7344,.T.);
#7342 = VERTEX_POINT('',#7343);
#7343 = CARTESIAN_POINT('',(10.121366522733,-4.153370586741,0.));
#7344 = LINE('',#7345,#7346);
#7345 = CARTESIAN_POINT('',(10.121366522733,-4.100373380747,0.));
#7346 = VECTOR('',#7347,1.);
#7347 = DIRECTION('',(0.,-1.,0.));
#7348 = ORIENTED_EDGE('',*,*,#7349,.T.);
#7349 = EDGE_CURVE('',#7342,#7350,#7352,.T.);
#7350 = VERTEX_POINT('',#7351);
#7351 = CARTESIAN_POINT('',(9.528364236728,-4.862083923075,0.));
#7352 = CIRCLE('',#7353,0.720002540005);
#7353 = AXIS2_PLACEMENT_3D('',#7354,#7355,#7356);
#7354 = CARTESIAN_POINT('',(9.401363982728,-4.153370586741,0.));
#7355 = DIRECTION('',(0.,0.,-1.));
#7356 = DIRECTION('',(1.,6.007171602108E-17,0.));
#7357 = ORIENTED_EDGE('',*,*,#7358,.T.);
#7358 = EDGE_CURVE('',#7350,#7359,#7361,.T.);
#7359 = VERTEX_POINT('',#7360);
#7360 = CARTESIAN_POINT('',(9.528364236728,-18.65804533291,0.));
#7361 = LINE('',#7362,#7363);
#7362 = CARTESIAN_POINT('',(9.528364236728,-4.862083923075,0.));
#7363 = VECTOR('',#7364,1.);
#7364 = DIRECTION('',(1.28759191667E-16,-1.,0.));
#7365 = ORIENTED_EDGE('',*,*,#7366,.T.);
#7366 = EDGE_CURVE('',#7359,#7367,#7369,.T.);
#7367 = VERTEX_POINT('',#7368);
#7368 = CARTESIAN_POINT('',(9.925888432122,-20.36383297216,0.));
#7369 = CIRCLE('',#7370,0.9);
#7370 = AXIS2_PLACEMENT_3D('',#7371,#7372,#7373);
#7371 = CARTESIAN_POINT('',(9.525019050038,-19.55803911607,0.));
#7372 = DIRECTION('',(0.,0.,-1.));
#7373 = DIRECTION('',(3.716874100417E-03,0.9999930924,0.));
#7374 = ORIENTED_EDGE('',*,*,#7375,.T.);
#7375 = EDGE_CURVE('',#7367,#7376,#7378,.T.);
#7376 = VERTEX_POINT('',#7377);
#7377 = CARTESIAN_POINT('',(8.805188160849,-19.01781370852,0.));
#7378 = CIRCLE('',#7379,0.9);
#7379 = AXIS2_PLACEMENT_3D('',#7380,#7381,#7382);
#7380 = CARTESIAN_POINT('',(9.525019050038,-19.55803911607,0.));
#7381 = DIRECTION('',(-0.,0.,-1.));
#7382 = DIRECTION('',(0.445410424538,-0.895326506763,-0.));
#7383 = ORIENTED_EDGE('',*,*,#7384,.T.);
#7384 = EDGE_CURVE('',#7376,#7385,#7387,.T.);
#7385 = VERTEX_POINT('',#7386);
#7386 = CARTESIAN_POINT('',(5.40840569439,-15.62103124206,0.));
#7387 = LINE('',#7388,#7389);
#7388 = CARTESIAN_POINT('',(8.805188160849,-19.01781370852,0.));
#7389 = VECTOR('',#7390,1.);
#7390 = DIRECTION('',(-0.707106781187,0.707106781187,0.));
#7391 = ORIENTED_EDGE('',*,*,#7392,.T.);
#7392 = EDGE_CURVE('',#7385,#7393,#7395,.T.);
#7393 = VERTEX_POINT('',#7394);
#7394 = CARTESIAN_POINT('',(2.338609799641,-15.62103124206,0.));
#7395 = LINE('',#7396,#7397);
#7396 = CARTESIAN_POINT('',(5.40840569439,-15.62103124206,0.));
#7397 = VECTOR('',#7398,1.);
#7398 = DIRECTION('',(-1.,0.,0.));
#7399 = ORIENTED_EDGE('',*,*,#7400,.T.);
#7400 = EDGE_CURVE('',#7393,#7401,#7403,.T.);
#7401 = VERTEX_POINT('',#7402);
#7402 = CARTESIAN_POINT('',(-2.450202339194,-20.40984338089,0.));
#7403 = LINE('',#7404,#7405);
#7404 = CARTESIAN_POINT('',(2.338609799641,-15.62103124206,0.));
#7405 = VECTOR('',#7406,1.);
#7406 = DIRECTION('',(-0.707106781187,-0.707106781187,0.));
#7407 = ORIENTED_EDGE('',*,*,#7408,.T.);
#7408 = EDGE_CURVE('',#7401,#7409,#7411,.T.);
#7409 = VERTEX_POINT('',#7410);
#7410 = CARTESIAN_POINT('',(-2.54000508001,-20.44704089408,0.));
#7411 = CIRCLE('',#7412,0.127000254001);
#7412 = AXIS2_PLACEMENT_3D('',#7413,#7414,#7415);
#7413 = CARTESIAN_POINT('',(-2.54000508001,-20.32004064008,0.));
#7414 = DIRECTION('',(0.,0.,-1.));
#7415 = DIRECTION('',(0.707106781187,-0.707106781187,0.));
#7416 = ORIENTED_EDGE('',*,*,#7417,.T.);
#7417 = EDGE_CURVE('',#7409,#7418,#7420,.T.);
#7418 = VERTEX_POINT('',#7419);
#7419 = CARTESIAN_POINT('',(-3.95300990602,-20.44704089408,0.));
#7420 = LINE('',#7421,#7422);
#7421 = CARTESIAN_POINT('',(-2.54000508001,-20.44704089408,0.));
#7422 = VECTOR('',#7423,1.);
#7423 = DIRECTION('',(-1.,-2.514296917749E-15,0.));
#7424 = ORIENTED_EDGE('',*,*,#7425,.T.);
#7425 = EDGE_CURVE('',#7418,#7426,#7428,.T.);
#7426 = VERTEX_POINT('',#7427);
#7427 = CARTESIAN_POINT('',(-3.95300990602,-21.32004064008,0.));
#7428 = LINE('',#7429,#7430);
#7429 = CARTESIAN_POINT('',(-3.95300990602,-20.44704089408,0.));
#7430 = VECTOR('',#7431,1.);
#7431 = DIRECTION('',(0.,-1.,0.));
#7432 = ORIENTED_EDGE('',*,*,#7433,.T.);
#7433 = EDGE_CURVE('',#7426,#7434,#7436,.T.);
#7434 = VERTEX_POINT('',#7435);
#7435 = CARTESIAN_POINT('',(-5.95300990602,-21.32004064008,0.));
#7436 = LINE('',#7437,#7438);
#7437 = CARTESIAN_POINT('',(-3.95300990602,-21.32004064008,0.));
#7438 = VECTOR('',#7439,1.);
#7439 = DIRECTION('',(-1.,0.,0.));
#7440 = ORIENTED_EDGE('',*,*,#7441,.T.);
#7441 = EDGE_CURVE('',#7434,#7442,#7444,.T.);
#7442 = VERTEX_POINT('',#7443);
#7443 = CARTESIAN_POINT('',(-5.95300990602,-19.32004064008,0.));
#7444 = LINE('',#7445,#7446);
#7445 = CARTESIAN_POINT('',(-5.95300990602,-21.32004064008,0.));
#7446 = VECTOR('',#7447,1.);
#7447 = DIRECTION('',(0.,1.,0.));
#7448 = ORIENTED_EDGE('',*,*,#7449,.T.);
#7449 = EDGE_CURVE('',#7442,#7450,#7452,.T.);
#7450 = VERTEX_POINT('',#7451);
#7451 = CARTESIAN_POINT('',(-5.08001016002,-19.32004064008,0.));
#7452 = LINE('',#7453,#7454);
#7453 = CARTESIAN_POINT('',(-5.95300990602,-19.32004064008,0.));
#7454 = VECTOR('',#7455,1.);
#7455 = DIRECTION('',(1.,0.,0.));
#7456 = ORIENTED_EDGE('',*,*,#7457,.T.);
#7457 = EDGE_CURVE('',#7450,#7458,#7460,.T.);
#7458 = VERTEX_POINT('',#7459);
#7459 = CARTESIAN_POINT('',(-5.08001016002,-18.4676420577,0.));
#7460 = LINE('',#7461,#7462);
#7461 = CARTESIAN_POINT('',(-5.08001016002,-19.32004064008,0.));
#7462 = VECTOR('',#7463,1.);
#7463 = DIRECTION('',(0.,1.,0.));
#7464 = ORIENTED_EDGE('',*,*,#7465,.T.);
#7465 = EDGE_CURVE('',#7458,#7466,#7468,.T.);
#7466 = VERTEX_POINT('',#7467);
#7467 = CARTESIAN_POINT('',(-6.021617165656,-17.52603505207,0.));
#7468 = LINE('',#7469,#7470);
#7469 = CARTESIAN_POINT('',(-5.08001016002,-18.4676420577,0.));
#7470 = VECTOR('',#7471,1.);
#7471 = DIRECTION('',(-0.707106781187,0.707106781187,0.));
#7472 = ORIENTED_EDGE('',*,*,#7473,.T.);
#7473 = EDGE_CURVE('',#7466,#7474,#7476,.T.);
#7474 = VERTEX_POINT('',#7475);
#7475 = CARTESIAN_POINT('',(-7.49301498603,-17.52603505207,0.));
#7476 = LINE('',#7477,#7478);
#7477 = CARTESIAN_POINT('',(-6.021617165656,-17.52603505207,0.));
#7478 = VECTOR('',#7479,1.);
#7479 = DIRECTION('',(-1.,0.,0.));
#7480 = ORIENTED_EDGE('',*,*,#7481,.T.);
#7481 = EDGE_CURVE('',#7474,#7482,#7484,.T.);
#7482 = VERTEX_POINT('',#7483);
#7483 = CARTESIAN_POINT('',(-7.582817726846,-17.48883753888,0.));
#7484 = CIRCLE('',#7485,0.127000254001);
#7485 = AXIS2_PLACEMENT_3D('',#7486,#7487,#7488);
#7486 = CARTESIAN_POINT('',(-7.49301498603,-17.39903479807,0.));
#7487 = DIRECTION('',(-0.,0.,-1.));
#7488 = DIRECTION('',(3.926256703084E-14,-1.,-0.));
#7489 = ORIENTED_EDGE('',*,*,#7490,.T.);
#7490 = EDGE_CURVE('',#7482,#7491,#7493,.T.);
#7491 = VERTEX_POINT('',#7492);
#7492 = CARTESIAN_POINT('',(-12.62563037368,-12.44602489205,0.));
#7493 = LINE('',#7494,#7495);
#7494 = CARTESIAN_POINT('',(-7.582817726846,-17.48883753888,0.));
#7495 = VECTOR('',#7496,1.);
#7496 = DIRECTION('',(-0.707106781187,0.707106781187,0.));
#7497 = ORIENTED_EDGE('',*,*,#7498,.T.);
#7498 = EDGE_CURVE('',#7491,#7499,#7501,.T.);
#7499 = VERTEX_POINT('',#7500);
#7500 = CARTESIAN_POINT('',(-14.49155995632,-12.44602489205,0.));
#7501 = LINE('',#7502,#7503);
#7502 = CARTESIAN_POINT('',(-12.62563037368,-12.44602489205,0.));
#7503 = VECTOR('',#7504,1.);
#7504 = DIRECTION('',(-1.,0.,0.));
#7505 = ORIENTED_EDGE('',*,*,#7506,.T.);
#7506 = EDGE_CURVE('',#7499,#7507,#7509,.T.);
#7507 = VERTEX_POINT('',#7508);
#7508 = CARTESIAN_POINT('',(-15.77903225806,-12.31902463804,0.));
#7509 = CIRCLE('',#7510,0.65);
#7510 = AXIS2_PLACEMENT_3D('',#7511,#7512,#7513);
#7511 = CARTESIAN_POINT('',(-15.12903225806,-12.31902463804,0.));
#7512 = DIRECTION('',(-0.,0.,-1.));
#7513 = DIRECTION('',(0.980726618059,-0.195385006155,-0.));
#7514 = ORIENTED_EDGE('',*,*,#7515,.T.);
#7515 = EDGE_CURVE('',#7507,#7516,#7518,.T.);
#7516 = VERTEX_POINT('',#7517);
#7517 = CARTESIAN_POINT('',(-14.49155995632,-12.19202438404,0.));
#7518 = CIRCLE('',#7519,0.65);
#7519 = AXIS2_PLACEMENT_3D('',#7520,#7521,#7522);
#7520 = CARTESIAN_POINT('',(-15.12903225806,-12.31902463804,0.));
#7521 = DIRECTION('',(0.,0.,-1.));
#7522 = DIRECTION('',(-1.,-8.581626453948E-17,-0.));
#7523 = ORIENTED_EDGE('',*,*,#7524,.T.);
#7524 = EDGE_CURVE('',#7516,#7525,#7527,.T.);
#7525 = VERTEX_POINT('',#7526);
#7526 = CARTESIAN_POINT('',(-12.57302514605,-12.19202438404,0.));
#7527 = LINE('',#7528,#7529);
#7528 = CARTESIAN_POINT('',(-14.49155995632,-12.19202438404,0.));
#7529 = VECTOR('',#7530,1.);
#7530 = DIRECTION('',(1.,0.,0.));
#7531 = ORIENTED_EDGE('',*,*,#7532,.T.);
#7532 = EDGE_CURVE('',#7525,#7533,#7535,.T.);
#7533 = VERTEX_POINT('',#7534);
#7534 = CARTESIAN_POINT('',(-12.48322240523,-12.22922189723,0.));
#7535 = CIRCLE('',#7536,0.127000254001);
#7536 = AXIS2_PLACEMENT_3D('',#7537,#7538,#7539);
#7537 = CARTESIAN_POINT('',(-12.57302514605,-12.31902463804,0.));
#7538 = DIRECTION('',(0.,0.,-1.));
#7539 = DIRECTION('',(1.284956739191E-14,1.,0.));
#7540 = ORIENTED_EDGE('',*,*,#7541,.T.);
#7541 = EDGE_CURVE('',#7533,#7542,#7544,.T.);
#7542 = VERTEX_POINT('',#7543);
#7543 = CARTESIAN_POINT('',(-7.440409758398,-17.27203454406,0.));
#7544 = LINE('',#7545,#7546);
#7545 = CARTESIAN_POINT('',(-12.48322240523,-12.22922189723,0.));
#7546 = VECTOR('',#7547,1.);
#7547 = DIRECTION('',(0.707106781187,-0.707106781187,0.));
#7548 = ORIENTED_EDGE('',*,*,#7549,.T.);
#7549 = EDGE_CURVE('',#7542,#7550,#7552,.T.);
#7550 = VERTEX_POINT('',#7551);
#7551 = CARTESIAN_POINT('',(-5.969011938024,-17.27203454406,0.));
#7552 = LINE('',#7553,#7554);
#7553 = CARTESIAN_POINT('',(-7.440409758398,-17.27203454406,0.));
#7554 = VECTOR('',#7555,1.);
#7555 = DIRECTION('',(1.,0.,0.));
#7556 = ORIENTED_EDGE('',*,*,#7557,.T.);
#7557 = EDGE_CURVE('',#7550,#7558,#7560,.T.);
#7558 = VERTEX_POINT('',#7559);
#7559 = CARTESIAN_POINT('',(-5.879209197208,-17.30923205725,0.));
#7560 = CIRCLE('',#7561,0.127000254001);
#7561 = AXIS2_PLACEMENT_3D('',#7562,#7563,#7564);
#7562 = CARTESIAN_POINT('',(-5.969011938024,-17.39903479807,0.));
#7563 = DIRECTION('',(0.,0.,-1.));
#7564 = DIRECTION('',(4.711508043701E-15,1.,0.));
#7565 = ORIENTED_EDGE('',*,*,#7566,.T.);
#7566 = EDGE_CURVE('',#7558,#7567,#7569,.T.);
#7567 = VERTEX_POINT('',#7568);
#7568 = CARTESIAN_POINT('',(-4.863207165204,-18.32523408925,0.));
#7569 = LINE('',#7570,#7571);
#7570 = CARTESIAN_POINT('',(-5.879209197208,-17.30923205725,0.));
#7571 = VECTOR('',#7572,1.);
#7572 = DIRECTION('',(0.707106781187,-0.707106781187,0.));
#7573 = ORIENTED_EDGE('',*,*,#7574,.T.);
#7574 = EDGE_CURVE('',#7567,#7575,#7577,.T.);
#7575 = VERTEX_POINT('',#7576);
#7576 = CARTESIAN_POINT('',(-4.826009652019,-18.41503683007,0.));
#7577 = CIRCLE('',#7578,0.127000254001);
#7578 = AXIS2_PLACEMENT_3D('',#7579,#7580,#7581);
#7579 = CARTESIAN_POINT('',(-4.95300990602,-18.41503683007,0.));
#7580 = DIRECTION('',(0.,0.,-1.));
#7581 = DIRECTION('',(0.707106781187,0.707106781187,0.));
#7582 = ORIENTED_EDGE('',*,*,#7583,.T.);
#7583 = EDGE_CURVE('',#7575,#7584,#7586,.T.);
#7584 = VERTEX_POINT('',#7585);
#7585 = CARTESIAN_POINT('',(-4.826009652019,-19.32004064008,0.));
#7586 = LINE('',#7587,#7588);
#7587 = CARTESIAN_POINT('',(-4.826009652019,-18.41503683007,0.));
#7588 = VECTOR('',#7589,1.);
#7589 = DIRECTION('',(0.,-1.,0.));
#7590 = ORIENTED_EDGE('',*,*,#7591,.T.);
#7591 = EDGE_CURVE('',#7584,#7592,#7594,.T.);
#7592 = VERTEX_POINT('',#7593);
#7593 = CARTESIAN_POINT('',(-3.95300990602,-19.32004064008,0.));
#7594 = LINE('',#7595,#7596);
#7595 = CARTESIAN_POINT('',(-4.826009652019,-19.32004064008,0.));
#7596 = VECTOR('',#7597,1.);
#7597 = DIRECTION('',(1.,0.,0.));
#7598 = ORIENTED_EDGE('',*,*,#7599,.T.);
#7599 = EDGE_CURVE('',#7592,#7600,#7602,.T.);
#7600 = VERTEX_POINT('',#7601);
#7601 = CARTESIAN_POINT('',(-3.95300990602,-20.19304038608,0.));
#7602 = LINE('',#7603,#7604);
#7603 = CARTESIAN_POINT('',(-3.95300990602,-19.32004064008,0.));
#7604 = VECTOR('',#7605,1.);
#7605 = DIRECTION('',(0.,-1.,0.));
#7606 = ORIENTED_EDGE('',*,*,#7607,.T.);
#7607 = EDGE_CURVE('',#7600,#7079,#7608,.T.);
#7608 = LINE('',#7609,#7610);
#7609 = CARTESIAN_POINT('',(-3.95300990602,-20.19304038608,0.));
#7610 = VECTOR('',#7611,1.);
#7611 = DIRECTION('',(1.,0.,0.));
#7612 = FACE_BOUND('',#7613,.T.);
#7613 = EDGE_LOOP('',(#7614,#7625));
#7614 = ORIENTED_EDGE('',*,*,#7615,.T.);
#7615 = EDGE_CURVE('',#7616,#7618,#7620,.T.);
#7616 = VERTEX_POINT('',#7617);
#7617 = CARTESIAN_POINT('',(8.925019050038,-19.55803911607,0.));
#7618 = VERTEX_POINT('',#7619);
#7619 = CARTESIAN_POINT('',(10.125019050038,-19.55803911607,0.));
#7620 = CIRCLE('',#7621,0.6);
#7621 = AXIS2_PLACEMENT_3D('',#7622,#7623,#7624);
#7622 = CARTESIAN_POINT('',(9.525019050038,-19.55803911607,0.));
#7623 = DIRECTION('',(0.,0.,1.));
#7624 = DIRECTION('',(-1.,-1.110223024625E-16,0.));
#7625 = ORIENTED_EDGE('',*,*,#7626,.T.);
#7626 = EDGE_CURVE('',#7618,#7616,#7627,.T.);
#7627 = CIRCLE('',#7628,0.6);
#7628 = AXIS2_PLACEMENT_3D('',#7629,#7630,#7631);
#7629 = CARTESIAN_POINT('',(9.525019050038,-19.55803911607,0.));
#7630 = DIRECTION('',(0.,0.,1.));
#7631 = DIRECTION('',(1.,1.110223024625E-16,-0.));
#7632 = FACE_BOUND('',#7633,.T.);
#7633 = EDGE_LOOP('',(#7634,#7645));
#7634 = ORIENTED_EDGE('',*,*,#7635,.T.);
#7635 = EDGE_CURVE('',#7636,#7638,#7640,.T.);
#7636 = VERTEX_POINT('',#7637);
#7637 = CARTESIAN_POINT('',(24.542037084074,-14.52103124206,0.));
#7638 = VERTEX_POINT('',#7639);
#7639 = CARTESIAN_POINT('',(25.242062484125,-14.52103124206,0.));
#7640 = CIRCLE('',#7641,0.350012700025);
#7641 = AXIS2_PLACEMENT_3D('',#7642,#7643,#7644);
#7642 = CARTESIAN_POINT('',(24.8920497841,-14.52103124206,0.));
#7643 = DIRECTION('',(0.,0.,1.));
#7644 = DIRECTION('',(-1.,-1.110223024625E-16,0.));
#7645 = ORIENTED_EDGE('',*,*,#7646,.T.);
#7646 = EDGE_CURVE('',#7638,#7636,#7647,.T.);
#7647 = CIRCLE('',#7648,0.350012700025);
#7648 = AXIS2_PLACEMENT_3D('',#7649,#7650,#7651);
#7649 = CARTESIAN_POINT('',(24.8920497841,-14.52103124206,0.));
#7650 = DIRECTION('',(0.,0.,1.));
#7651 = DIRECTION('',(1.,1.110223024625E-16,-0.));
#7652 = FACE_BOUND('',#7653,.T.);
#7653 = EDGE_LOOP('',(#7654,#7665));
#7654 = ORIENTED_EDGE('',*,*,#7655,.T.);
#7655 = EDGE_CURVE('',#7656,#7658,#7660,.T.);
#7656 = VERTEX_POINT('',#7657);
#7657 = CARTESIAN_POINT('',(-5.55300990602,-20.32004064008,0.));
#7658 = VERTEX_POINT('',#7659);
#7659 = CARTESIAN_POINT('',(-4.35300990602,-20.32004064008,0.));
#7660 = CIRCLE('',#7661,0.6);
#7661 = AXIS2_PLACEMENT_3D('',#7662,#7663,#7664);
#7662 = CARTESIAN_POINT('',(-4.95300990602,-20.32004064008,0.));
#7663 = DIRECTION('',(0.,0.,1.));
#7664 = DIRECTION('',(-1.,-1.110223024625E-16,0.));
#7665 = ORIENTED_EDGE('',*,*,#7666,.T.);
#7666 = EDGE_CURVE('',#7658,#7656,#7667,.T.);
#7667 = CIRCLE('',#7668,0.6);
#7668 = AXIS2_PLACEMENT_3D('',#7669,#7670,#7671);
#7669 = CARTESIAN_POINT('',(-4.95300990602,-20.32004064008,0.));
#7670 = DIRECTION('',(0.,0.,1.));
#7671 = DIRECTION('',(1.,1.110223024625E-16,-0.));
#7672 = FACE_BOUND('',#7673,.T.);
#7673 = EDGE_LOOP('',(#7674,#7685));
#7674 = ORIENTED_EDGE('',*,*,#7675,.T.);
#7675 = EDGE_CURVE('',#7676,#7678,#7680,.T.);
#7676 = VERTEX_POINT('',#7677);
#7677 = CARTESIAN_POINT('',(-15.52903225806,-12.31902463804,0.));
#7678 = VERTEX_POINT('',#7679);
#7679 = CARTESIAN_POINT('',(-14.72903225806,-12.31902463804,0.));
#7680 = CIRCLE('',#7681,0.4);
#7681 = AXIS2_PLACEMENT_3D('',#7682,#7683,#7684);
#7682 = CARTESIAN_POINT('',(-15.12903225806,-12.31902463804,0.));
#7683 = DIRECTION('',(0.,0.,1.));
#7684 = DIRECTION('',(-1.,-1.110223024625E-16,0.));
#7685 = ORIENTED_EDGE('',*,*,#7686,.T.);
#7686 = EDGE_CURVE('',#7678,#7676,#7687,.T.);
#7687 = CIRCLE('',#7688,0.4);
#7688 = AXIS2_PLACEMENT_3D('',#7689,#7690,#7691);
#7689 = CARTESIAN_POINT('',(-15.12903225806,-12.31902463804,0.));
#7690 = DIRECTION('',(0.,0.,1.));
#7691 = DIRECTION('',(1.,1.110223024625E-16,-0.));
#7692 = FACE_BOUND('',#7693,.T.);
#7693 = EDGE_LOOP('',(#7694,#7705));
#7694 = ORIENTED_EDGE('',*,*,#7695,.T.);
#7695 = EDGE_CURVE('',#7696,#7698,#7700,.T.);
#7696 = VERTEX_POINT('',#7697);
#7697 = CARTESIAN_POINT('',(16.687833375667,-3.766954533909,0.));
#7698 = VERTEX_POINT('',#7699);
#7699 = CARTESIAN_POINT('',(17.60223520447,-3.766954533909,0.));
#7700 = CIRCLE('',#7701,0.457200914402);
#7701 = AXIS2_PLACEMENT_3D('',#7702,#7703,#7704);
#7702 = CARTESIAN_POINT('',(17.145034290069,-3.766954533909,0.));
#7703 = DIRECTION('',(0.,0.,1.));
#7704 = DIRECTION('',(-1.,-1.110223024625E-16,0.));
#7705 = ORIENTED_EDGE('',*,*,#7706,.T.);
#7706 = EDGE_CURVE('',#7698,#7696,#7707,.T.);
#7707 = CIRCLE('',#7708,0.457200914402);
#7708 = AXIS2_PLACEMENT_3D('',#7709,#7710,#7711);
#7709 = CARTESIAN_POINT('',(17.145034290069,-3.766954533909,0.));
#7710 = DIRECTION('',(0.,0.,1.));
#7711 = DIRECTION('',(1.,1.110223024625E-16,-0.));
#7712 = FACE_BOUND('',#7713,.T.);
#7713 = EDGE_LOOP('',(#7714,#7725));
#7714 = ORIENTED_EDGE('',*,*,#7715,.T.);
#7715 = EDGE_CURVE('',#7716,#7718,#7720,.T.);
#7716 = VERTEX_POINT('',#7717);
#7717 = CARTESIAN_POINT('',(9.001338582677,-3.973347726695,0.));
#7718 = VERTEX_POINT('',#7719);
#7719 = CARTESIAN_POINT('',(9.801338582677,-3.973347726695,0.));
#7720 = CIRCLE('',#7721,0.4);
#7721 = AXIS2_PLACEMENT_3D('',#7722,#7723,#7724);
#7722 = CARTESIAN_POINT('',(9.401338582677,-3.973347726695,0.));
#7723 = DIRECTION('',(0.,0.,1.));
#7724 = DIRECTION('',(-1.,-1.110223024625E-16,0.));
#7725 = ORIENTED_EDGE('',*,*,#7726,.T.);
#7726 = EDGE_CURVE('',#7718,#7716,#7727,.T.);
#7727 = CIRCLE('',#7728,0.4);
#7728 = AXIS2_PLACEMENT_3D('',#7729,#7730,#7731);
#7729 = CARTESIAN_POINT('',(9.401338582677,-3.973347726695,0.));
#7730 = DIRECTION('',(0.,0.,1.));
#7731 = DIRECTION('',(1.,1.110223024625E-16,-0.));
#7732 = PLANE('',#7733);
#7733 = AXIS2_PLACEMENT_3D('',#7734,#7735,#7736);
#7734 = CARTESIAN_POINT('',(6.957220468704,-12.70962909367,0.));
#7735 = DIRECTION('',(-0.,-0.,-1.));
#7736 = DIRECTION('',(-1.,0.,0.));
#7737 = SHELL_BASED_SURFACE_MODEL('',(#7738));
#7738 = OPEN_SHELL('',(#7739));
#7739 = ADVANCED_FACE('',(#7740,#7760),#7780,.T.);
#7740 = FACE_BOUND('',#7741,.T.);
#7741 = EDGE_LOOP('',(#7742,#7753));
#7742 = ORIENTED_EDGE('',*,*,#7743,.T.);
#7743 = EDGE_CURVE('',#7744,#7746,#7748,.T.);
#7744 = VERTEX_POINT('',#7745);
#7745 = CARTESIAN_POINT('',(-13.34702819405,5.588011176022,0.));
#7746 = VERTEX_POINT('',#7747);
#7747 = CARTESIAN_POINT('',(-14.84702819405,5.588011176022,0.));
#7748 = CIRCLE('',#7749,0.75);
#7749 = AXIS2_PLACEMENT_3D('',#7750,#7751,#7752);
#7750 = CARTESIAN_POINT('',(-14.09702819405,5.588011176022,0.));
#7751 = DIRECTION('',(-0.,0.,-1.));
#7752 = DIRECTION('',(1.,-1.110223024625E-16,-0.));
#7753 = ORIENTED_EDGE('',*,*,#7754,.T.);
#7754 = EDGE_CURVE('',#7746,#7744,#7755,.T.);
#7755 = CIRCLE('',#7756,0.75);
#7756 = AXIS2_PLACEMENT_3D('',#7757,#7758,#7759);
#7757 = CARTESIAN_POINT('',(-14.09702819405,5.588011176022,0.));
#7758 = DIRECTION('',(0.,0.,-1.));
#7759 = DIRECTION('',(-1.,1.110223024625E-16,0.));
#7760 = FACE_BOUND('',#7761,.T.);
#7761 = EDGE_LOOP('',(#7762,#7773));
#7762 = ORIENTED_EDGE('',*,*,#7763,.T.);
#7763 = EDGE_CURVE('',#7764,#7766,#7768,.T.);
#7764 = VERTEX_POINT('',#7765);
#7765 = CARTESIAN_POINT('',(-14.54704089408,5.588011176022,0.));
#7766 = VERTEX_POINT('',#7767);
#7767 = CARTESIAN_POINT('',(-13.64701549403,5.588011176022,0.));
#7768 = CIRCLE('',#7769,0.450012700025);
#7769 = AXIS2_PLACEMENT_3D('',#7770,#7771,#7772);
#7770 = CARTESIAN_POINT('',(-14.09702819405,5.588011176022,0.));
#7771 = DIRECTION('',(0.,0.,1.));
#7772 = DIRECTION('',(-1.,-1.110223024625E-16,0.));
#7773 = ORIENTED_EDGE('',*,*,#7774,.T.);
#7774 = EDGE_CURVE('',#7766,#7764,#7775,.T.);
#7775 = CIRCLE('',#7776,0.450012700025);
#7776 = AXIS2_PLACEMENT_3D('',#7777,#7778,#7779);
#7777 = CARTESIAN_POINT('',(-14.09702819405,5.588011176022,0.));
#7778 = DIRECTION('',(0.,0.,1.));
#7779 = DIRECTION('',(1.,1.110223024625E-16,-0.));
#7780 = PLANE('',#7781);
#7781 = AXIS2_PLACEMENT_3D('',#7782,#7783,#7784);
#7782 = CARTESIAN_POINT('',(-14.09702819405,5.588011176022,0.));
#7783 = DIRECTION('',(-0.,-0.,-1.));
#7784 = DIRECTION('',(-1.,0.,0.));
#7785 = SHELL_BASED_SURFACE_MODEL('',(#7786));
#7786 = OPEN_SHELL('',(#7787));
#7787 = ADVANCED_FACE('',(#7788,#8101,#8121,#8141),#8161,.T.);
#7788 = FACE_BOUND('',#7789,.T.);
#7789 = EDGE_LOOP('',(#7790,#7800,#7808,#7816,#7825,#7833,#7842,#7850,
    #7858,#7866,#7875,#7883,#7891,#7900,#7908,#7916,#7925,#7934,#7942,
    #7951,#7959,#7967,#7976,#7984,#7993,#8001,#8010,#8018,#8027,#8035,
    #8043,#8051,#8060,#8068,#8077,#8085,#8094));
#7790 = ORIENTED_EDGE('',*,*,#7791,.T.);
#7791 = EDGE_CURVE('',#7792,#7794,#7796,.T.);
#7792 = VERTEX_POINT('',#7793);
#7793 = CARTESIAN_POINT('',(24.638049276099,-3.368790894029,0.));
#7794 = VERTEX_POINT('',#7795);
#7795 = CARTESIAN_POINT('',(24.638049276099,0.32839553437,0.));
#7796 = LINE('',#7797,#7798);
#7797 = CARTESIAN_POINT('',(24.638049276099,-3.368790894029,0.));
#7798 = VECTOR('',#7799,1.);
#7799 = DIRECTION('',(0.,1.,0.));
#7800 = ORIENTED_EDGE('',*,*,#7801,.T.);
#7801 = EDGE_CURVE('',#7794,#7802,#7804,.T.);
#7802 = VERTEX_POINT('',#7803);
#7803 = CARTESIAN_POINT('',(23.315441508462,1.651003302007,0.));
#7804 = LINE('',#7805,#7806);
#7805 = CARTESIAN_POINT('',(24.638049276099,0.32839553437,0.));
#7806 = VECTOR('',#7807,1.);
#7807 = DIRECTION('',(-0.707106781187,0.707106781187,0.));
#7808 = ORIENTED_EDGE('',*,*,#7809,.T.);
#7809 = EDGE_CURVE('',#7802,#7810,#7812,.T.);
#7810 = VERTEX_POINT('',#7811);
#7811 = CARTESIAN_POINT('',(17.52603505207,1.651003302007,0.));
#7812 = LINE('',#7813,#7814);
#7813 = CARTESIAN_POINT('',(23.315441508462,1.651003302007,0.));
#7814 = VECTOR('',#7815,1.);
#7815 = DIRECTION('',(-1.,0.,0.));
#7816 = ORIENTED_EDGE('',*,*,#7817,.T.);
#7817 = EDGE_CURVE('',#7810,#7818,#7820,.T.);
#7818 = VERTEX_POINT('',#7819);
#7819 = CARTESIAN_POINT('',(17.436232311254,1.688200815191,0.));
#7820 = CIRCLE('',#7821,0.127000254001);
#7821 = AXIS2_PLACEMENT_3D('',#7822,#7823,#7824);
#7822 = CARTESIAN_POINT('',(17.52603505207,1.778003556007,0.));
#7823 = DIRECTION('',(-0.,0.,-1.));
#7824 = DIRECTION('',(5.78230532636E-15,-1.,-0.));
#7825 = ORIENTED_EDGE('',*,*,#7826,.T.);
#7826 = EDGE_CURVE('',#7818,#7827,#7829,.T.);
#7827 = VERTEX_POINT('',#7828);
#7828 = CARTESIAN_POINT('',(12.864223167236,6.260209959209,0.));
#7829 = LINE('',#7830,#7831);
#7830 = CARTESIAN_POINT('',(17.436232311254,1.688200815191,0.));
#7831 = VECTOR('',#7832,1.);
#7832 = DIRECTION('',(-0.707106781187,0.707106781187,0.));
#7833 = ORIENTED_EDGE('',*,*,#7834,.T.);
#7834 = EDGE_CURVE('',#7827,#7835,#7837,.T.);
#7835 = VERTEX_POINT('',#7836);
#7836 = CARTESIAN_POINT('',(12.827025654051,6.350012700025,0.));
#7837 = CIRCLE('',#7838,0.127000254001);
#7838 = AXIS2_PLACEMENT_3D('',#7839,#7840,#7841);
#7839 = CARTESIAN_POINT('',(12.954025908052,6.350012700025,0.));
#7840 = DIRECTION('',(0.,0.,-1.));
#7841 = DIRECTION('',(-0.707106781187,-0.707106781187,-0.));
#7842 = ORIENTED_EDGE('',*,*,#7843,.T.);
#7843 = EDGE_CURVE('',#7835,#7844,#7846,.T.);
#7844 = VERTEX_POINT('',#7845);
#7845 = CARTESIAN_POINT('',(12.827025654051,13.917422712424,0.));
#7846 = LINE('',#7847,#7848);
#7847 = CARTESIAN_POINT('',(12.827025654051,6.350012700025,0.));
#7848 = VECTOR('',#7849,1.);
#7849 = DIRECTION('',(0.,1.,0.));
#7850 = ORIENTED_EDGE('',*,*,#7851,.T.);
#7851 = EDGE_CURVE('',#7844,#7852,#7854,.T.);
#7852 = VERTEX_POINT('',#7853);
#7853 = CARTESIAN_POINT('',(10.488288854156,16.256159512319,0.));
#7854 = LINE('',#7855,#7856);
#7855 = CARTESIAN_POINT('',(12.827025654051,13.917422712424,0.));
#7856 = VECTOR('',#7857,1.);
#7857 = DIRECTION('',(-0.707106781187,0.707106781187,0.));
#7858 = ORIENTED_EDGE('',*,*,#7859,.T.);
#7859 = EDGE_CURVE('',#7852,#7860,#7862,.T.);
#7860 = VERTEX_POINT('',#7861);
#7861 = CARTESIAN_POINT('',(7.736357605169,16.256159512319,0.));
#7862 = LINE('',#7863,#7864);
#7863 = CARTESIAN_POINT('',(10.488288854156,16.256159512319,0.));
#7864 = VECTOR('',#7865,1.);
#7865 = DIRECTION('',(-1.,0.,0.));
#7866 = ORIENTED_EDGE('',*,*,#7867,.T.);
#7867 = EDGE_CURVE('',#7860,#7868,#7870,.T.);
#7868 = VERTEX_POINT('',#7869);
#7869 = CARTESIAN_POINT('',(6.233670334887,16.256159512319,0.));
#7870 = CIRCLE('',#7871,0.762001524003);
#7871 = AXIS2_PLACEMENT_3D('',#7872,#7873,#7874);
#7872 = CARTESIAN_POINT('',(6.985013970028,16.38315976632,0.));
#7873 = DIRECTION('',(0.,0.,-1.));
#7874 = DIRECTION('',(0.986013297183,-0.166666666667,0.));
#7875 = ORIENTED_EDGE('',*,*,#7876,.T.);
#7876 = EDGE_CURVE('',#7868,#7877,#7879,.T.);
#7877 = VERTEX_POINT('',#7878);
#7878 = CARTESIAN_POINT('',(2.338736799895,16.256159512319,0.));
#7879 = LINE('',#7880,#7881);
#7880 = CARTESIAN_POINT('',(6.233670334887,16.256159512319,0.));
#7881 = VECTOR('',#7882,1.);
#7882 = DIRECTION('',(-1.,9.121371768948E-16,0.));
#7883 = ORIENTED_EDGE('',*,*,#7884,.T.);
#7884 = EDGE_CURVE('',#7877,#7885,#7887,.T.);
#7885 = VERTEX_POINT('',#7886);
#7886 = CARTESIAN_POINT('',(-0.926199291188,12.991223421236,0.));
#7887 = LINE('',#7888,#7889);
#7888 = CARTESIAN_POINT('',(2.338736799895,16.256159512319,0.));
#7889 = VECTOR('',#7890,1.);
#7890 = DIRECTION('',(-0.707106781187,-0.707106781187,0.));
#7891 = ORIENTED_EDGE('',*,*,#7892,.T.);
#7892 = EDGE_CURVE('',#7885,#7893,#7895,.T.);
#7893 = VERTEX_POINT('',#7894);
#7894 = CARTESIAN_POINT('',(-1.016002032004,12.954025908052,0.));
#7895 = CIRCLE('',#7896,0.127000254001);
#7896 = AXIS2_PLACEMENT_3D('',#7897,#7898,#7899);
#7897 = CARTESIAN_POINT('',(-1.016002032004,13.081026162052,0.));
#7898 = DIRECTION('',(0.,0.,-1.));
#7899 = DIRECTION('',(0.707106781187,-0.707106781187,0.));
#7900 = ORIENTED_EDGE('',*,*,#7901,.T.);
#7901 = EDGE_CURVE('',#7893,#7902,#7904,.T.);
#7902 = VERTEX_POINT('',#7903);
#7903 = CARTESIAN_POINT('',(-11.63141814041,12.954025908052,0.));
#7904 = LINE('',#7905,#7906);
#7905 = CARTESIAN_POINT('',(-1.016002032004,12.954025908052,0.));
#7906 = VECTOR('',#7907,1.);
#7907 = DIRECTION('',(-1.,1.673374666861E-16,0.));
#7908 = ORIENTED_EDGE('',*,*,#7909,.T.);
#7909 = EDGE_CURVE('',#7902,#7910,#7912,.T.);
#7910 = VERTEX_POINT('',#7911);
#7911 = CARTESIAN_POINT('',(-13.48455398114,11.100890067321,0.));
#7912 = LINE('',#7913,#7914);
#7913 = CARTESIAN_POINT('',(-11.63141814041,12.954025908052,0.));
#7914 = VECTOR('',#7915,1.);
#7915 = DIRECTION('',(-0.707106781187,-0.707106781187,0.));
#7916 = ORIENTED_EDGE('',*,*,#7917,.T.);
#7917 = EDGE_CURVE('',#7910,#7918,#7920,.T.);
#7918 = VERTEX_POINT('',#7919);
#7919 = CARTESIAN_POINT('',(-14.62735827994,10.137691250153,0.));
#7920 = CIRCLE('',#7921,0.75);
#7921 = AXIS2_PLACEMENT_3D('',#7922,#7923,#7924);
#7922 = CARTESIAN_POINT('',(-14.09702819405,10.668021336043,0.));
#7923 = DIRECTION('',(0.,0.,-1.));
#7924 = DIRECTION('',(0.816632283882,0.577158308372,0.));
#7925 = ORIENTED_EDGE('',*,*,#7926,.T.);
#7926 = EDGE_CURVE('',#7918,#7927,#7929,.T.);
#7927 = VERTEX_POINT('',#7928);
#7928 = CARTESIAN_POINT('',(-13.66415946277,11.280495548954,0.));
#7929 = CIRCLE('',#7930,0.75);
#7930 = AXIS2_PLACEMENT_3D('',#7931,#7932,#7933);
#7931 = CARTESIAN_POINT('',(-14.09702819405,10.668021336043,0.));
#7932 = DIRECTION('',(0.,0.,-1.));
#7933 = DIRECTION('',(-0.707106781187,-0.707106781187,-0.));
#7934 = ORIENTED_EDGE('',*,*,#7935,.T.);
#7935 = EDGE_CURVE('',#7927,#7936,#7938,.T.);
#7936 = VERTEX_POINT('',#7937);
#7937 = CARTESIAN_POINT('',(-11.77382610886,13.170828902869,0.));
#7938 = LINE('',#7939,#7940);
#7939 = CARTESIAN_POINT('',(-13.66415946277,11.280495548954,0.));
#7940 = VECTOR('',#7941,1.);
#7941 = DIRECTION('',(0.707106781187,0.707106781187,0.));
#7942 = ORIENTED_EDGE('',*,*,#7943,.T.);
#7943 = EDGE_CURVE('',#7936,#7944,#7946,.T.);
#7944 = VERTEX_POINT('',#7945);
#7945 = CARTESIAN_POINT('',(-11.68402336804,13.208026416053,0.));
#7946 = CIRCLE('',#7947,0.127000254001);
#7947 = AXIS2_PLACEMENT_3D('',#7948,#7949,#7950);
#7948 = CARTESIAN_POINT('',(-11.68402336804,13.081026162052,0.));
#7949 = DIRECTION('',(0.,0.,-1.));
#7950 = DIRECTION('',(-0.707106781187,0.707106781187,0.));
#7951 = ORIENTED_EDGE('',*,*,#7952,.T.);
#7952 = EDGE_CURVE('',#7944,#7953,#7955,.T.);
#7953 = VERTEX_POINT('',#7954);
#7954 = CARTESIAN_POINT('',(-1.068607259636,13.208026416053,0.));
#7955 = LINE('',#7956,#7957);
#7956 = CARTESIAN_POINT('',(-11.68402336804,13.208026416053,0.));
#7957 = VECTOR('',#7958,1.);
#7958 = DIRECTION('',(1.,0.,0.));
#7959 = ORIENTED_EDGE('',*,*,#7960,.T.);
#7960 = EDGE_CURVE('',#7953,#7961,#7963,.T.);
#7961 = VERTEX_POINT('',#7962);
#7962 = CARTESIAN_POINT('',(2.196328831447,16.472962507136,0.));
#7963 = LINE('',#7964,#7965);
#7964 = CARTESIAN_POINT('',(-1.068607259636,13.208026416053,0.));
#7965 = VECTOR('',#7966,1.);
#7966 = DIRECTION('',(0.707106781187,0.707106781187,0.));
#7967 = ORIENTED_EDGE('',*,*,#7968,.T.);
#7968 = EDGE_CURVE('',#7961,#7969,#7971,.T.);
#7969 = VERTEX_POINT('',#7970);
#7970 = CARTESIAN_POINT('',(2.286131572263,16.51016002032,0.));
#7971 = CIRCLE('',#7972,0.127000254001);
#7972 = AXIS2_PLACEMENT_3D('',#7973,#7974,#7975);
#7973 = CARTESIAN_POINT('',(2.286131572263,16.38315976632,0.));
#7974 = DIRECTION('',(0.,0.,-1.));
#7975 = DIRECTION('',(-0.707106781187,0.707106781187,0.));
#7976 = ORIENTED_EDGE('',*,*,#7977,.T.);
#7977 = EDGE_CURVE('',#7969,#7978,#7980,.T.);
#7978 = VERTEX_POINT('',#7979);
#7979 = CARTESIAN_POINT('',(6.233670334887,16.51016002032,0.));
#7980 = LINE('',#7981,#7982);
#7981 = CARTESIAN_POINT('',(2.286131572263,16.51016002032,0.));
#7982 = VECTOR('',#7983,1.);
#7983 = DIRECTION('',(1.,8.999819615296E-16,0.));
#7984 = ORIENTED_EDGE('',*,*,#7985,.T.);
#7985 = EDGE_CURVE('',#7978,#7986,#7988,.T.);
#7986 = VERTEX_POINT('',#7987);
#7987 = CARTESIAN_POINT('',(7.736357605169,16.51016002032,0.));
#7988 = CIRCLE('',#7989,0.762001524003);
#7989 = AXIS2_PLACEMENT_3D('',#7990,#7991,#7992);
#7990 = CARTESIAN_POINT('',(6.985013970028,16.38315976632,0.));
#7991 = DIRECTION('',(0.,0.,-1.));
#7992 = DIRECTION('',(-0.986013297183,0.166666666667,0.));
#7993 = ORIENTED_EDGE('',*,*,#7994,.T.);
#7994 = EDGE_CURVE('',#7986,#7995,#7997,.T.);
#7995 = VERTEX_POINT('',#7996);
#7996 = CARTESIAN_POINT('',(10.540894081788,16.51016002032,0.));
#7997 = LINE('',#7998,#7999);
#7998 = CARTESIAN_POINT('',(7.736357605169,16.51016002032,0.));
#7999 = VECTOR('',#8000,1.);
#8000 = DIRECTION('',(1.,1.266773924468E-15,0.));
#8001 = ORIENTED_EDGE('',*,*,#8002,.T.);
#8002 = EDGE_CURVE('',#7995,#8003,#8005,.T.);
#8003 = VERTEX_POINT('',#8004);
#8004 = CARTESIAN_POINT('',(10.630696822604,16.472962507136,0.));
#8005 = CIRCLE('',#8006,0.127000254001);
#8006 = AXIS2_PLACEMENT_3D('',#8007,#8008,#8009);
#8007 = CARTESIAN_POINT('',(10.540894081788,16.38315976632,0.));
#8008 = DIRECTION('',(0.,0.,-1.));
#8009 = DIRECTION('',(-8.637764746784E-15,1.,0.));
#8010 = ORIENTED_EDGE('',*,*,#8011,.T.);
#8011 = EDGE_CURVE('',#8003,#8012,#8014,.T.);
#8012 = VERTEX_POINT('',#8013);
#8013 = CARTESIAN_POINT('',(13.043828648868,14.059830680872,0.));
#8014 = LINE('',#8015,#8016);
#8015 = CARTESIAN_POINT('',(10.630696822604,16.472962507136,0.));
#8016 = VECTOR('',#8017,1.);
#8017 = DIRECTION('',(0.707106781187,-0.707106781187,0.));
#8018 = ORIENTED_EDGE('',*,*,#8019,.T.);
#8019 = EDGE_CURVE('',#8012,#8020,#8022,.T.);
#8020 = VERTEX_POINT('',#8021);
#8021 = CARTESIAN_POINT('',(13.081026162052,13.970027940056,0.));
#8022 = CIRCLE('',#8023,0.127000254001);
#8023 = AXIS2_PLACEMENT_3D('',#8024,#8025,#8026);
#8024 = CARTESIAN_POINT('',(12.954025908052,13.970027940056,0.));
#8025 = DIRECTION('',(0.,0.,-1.));
#8026 = DIRECTION('',(0.707106781187,0.707106781187,0.));
#8027 = ORIENTED_EDGE('',*,*,#8028,.T.);
#8028 = EDGE_CURVE('',#8020,#8029,#8031,.T.);
#8029 = VERTEX_POINT('',#8030);
#8030 = CARTESIAN_POINT('',(13.081026162052,6.402617927657,0.));
#8031 = LINE('',#8032,#8033);
#8032 = CARTESIAN_POINT('',(13.081026162052,13.970027940056,0.));
#8033 = VECTOR('',#8034,1.);
#8034 = DIRECTION('',(-2.347377552544E-16,-1.,0.));
#8035 = ORIENTED_EDGE('',*,*,#8036,.T.);
#8036 = EDGE_CURVE('',#8029,#8037,#8039,.T.);
#8037 = VERTEX_POINT('',#8038);
#8038 = CARTESIAN_POINT('',(17.578640279702,1.905003810008,0.));
#8039 = LINE('',#8040,#8041);
#8040 = CARTESIAN_POINT('',(13.081026162052,6.402617927657,0.));
#8041 = VECTOR('',#8042,1.);
#8042 = DIRECTION('',(0.707106781187,-0.707106781187,0.));
#8043 = ORIENTED_EDGE('',*,*,#8044,.T.);
#8044 = EDGE_CURVE('',#8037,#8045,#8047,.T.);
#8045 = VERTEX_POINT('',#8046);
#8046 = CARTESIAN_POINT('',(23.368046736093,1.905003810008,0.));
#8047 = LINE('',#8048,#8049);
#8048 = CARTESIAN_POINT('',(17.578640279702,1.905003810008,0.));
#8049 = VECTOR('',#8050,1.);
#8050 = DIRECTION('',(1.,0.,0.));
#8051 = ORIENTED_EDGE('',*,*,#8052,.T.);
#8052 = EDGE_CURVE('',#8045,#8053,#8055,.T.);
#8053 = VERTEX_POINT('',#8054);
#8054 = CARTESIAN_POINT('',(23.45784947691,1.867806296823,0.));
#8055 = CIRCLE('',#8056,0.127000254001);
#8056 = AXIS2_PLACEMENT_3D('',#8057,#8058,#8059);
#8057 = CARTESIAN_POINT('',(23.368046736093,1.778003556007,0.));
#8058 = DIRECTION('',(0.,0.,-1.));
#8059 = DIRECTION('',(-5.78230532636E-15,1.,0.));
#8060 = ORIENTED_EDGE('',*,*,#8061,.T.);
#8061 = EDGE_CURVE('',#8053,#8062,#8064,.T.);
#8062 = VERTEX_POINT('',#8063);
#8063 = CARTESIAN_POINT('',(24.854852270915,0.470803502818,0.));
#8064 = LINE('',#8065,#8066);
#8065 = CARTESIAN_POINT('',(23.45784947691,1.867806296823,0.));
#8066 = VECTOR('',#8067,1.);
#8067 = DIRECTION('',(0.707106781187,-0.707106781187,0.));
#8068 = ORIENTED_EDGE('',*,*,#8069,.T.);
#8069 = EDGE_CURVE('',#8062,#8070,#8072,.T.);
#8070 = VERTEX_POINT('',#8071);
#8071 = CARTESIAN_POINT('',(24.8920497841,0.381000762002,0.));
#8072 = CIRCLE('',#8073,0.127000254001);
#8073 = AXIS2_PLACEMENT_3D('',#8074,#8075,#8076);
#8074 = CARTESIAN_POINT('',(24.765049530099,0.381000762002,0.));
#8075 = DIRECTION('',(0.,0.,-1.));
#8076 = DIRECTION('',(0.707106781187,0.707106781187,0.));
#8077 = ORIENTED_EDGE('',*,*,#8078,.T.);
#8078 = EDGE_CURVE('',#8070,#8079,#8081,.T.);
#8079 = VERTEX_POINT('',#8080);
#8080 = CARTESIAN_POINT('',(24.8920497841,-3.321082042164,0.));
#8081 = LINE('',#8082,#8083);
#8082 = CARTESIAN_POINT('',(24.8920497841,0.381000762002,0.));
#8083 = VECTOR('',#8084,1.);
#8084 = DIRECTION('',(9.596526784336E-16,-1.,0.));
#8085 = ORIENTED_EDGE('',*,*,#8086,.T.);
#8086 = EDGE_CURVE('',#8079,#8087,#8089,.T.);
#8087 = VERTEX_POINT('',#8088);
#8088 = CARTESIAN_POINT('',(25.021270905255,-4.709051446896,0.));
#8089 = CIRCLE('',#8090,0.7);
#8090 = AXIS2_PLACEMENT_3D('',#8091,#8092,#8093);
#8091 = CARTESIAN_POINT('',(24.8920497841,-4.021082042164,0.));
#8092 = DIRECTION('',(0.,0.,-1.));
#8093 = DIRECTION('',(6.172455505536E-16,1.,0.));
#8094 = ORIENTED_EDGE('',*,*,#8095,.T.);
#8095 = EDGE_CURVE('',#8087,#7792,#8096,.T.);
#8096 = CIRCLE('',#8097,0.7);
#8097 = AXIS2_PLACEMENT_3D('',#8098,#8099,#8100);
#8098 = CARTESIAN_POINT('',(24.8920497841,-4.021082042164,0.));
#8099 = DIRECTION('',(-0.,0.,-1.));
#8100 = DIRECTION('',(0.184601601651,-0.982813435331,-0.));
#8101 = FACE_BOUND('',#8102,.T.);
#8102 = EDGE_LOOP('',(#8103,#8114));
#8103 = ORIENTED_EDGE('',*,*,#8104,.T.);
#8104 = EDGE_CURVE('',#8105,#8107,#8109,.T.);
#8105 = VERTEX_POINT('',#8106);
#8106 = CARTESIAN_POINT('',(24.542037084074,-4.021005842012,0.));
#8107 = VERTEX_POINT('',#8108);
#8108 = CARTESIAN_POINT('',(25.242062484125,-4.021005842012,0.));
#8109 = CIRCLE('',#8110,0.350012700025);
#8110 = AXIS2_PLACEMENT_3D('',#8111,#8112,#8113);
#8111 = CARTESIAN_POINT('',(24.8920497841,-4.021005842012,0.));
#8112 = DIRECTION('',(0.,0.,1.));
#8113 = DIRECTION('',(-1.,-1.110223024625E-16,0.));
#8114 = ORIENTED_EDGE('',*,*,#8115,.T.);
#8115 = EDGE_CURVE('',#8107,#8105,#8116,.T.);
#8116 = CIRCLE('',#8117,0.350012700025);
#8117 = AXIS2_PLACEMENT_3D('',#8118,#8119,#8120);
#8118 = CARTESIAN_POINT('',(24.8920497841,-4.021005842012,0.));
#8119 = DIRECTION('',(0.,0.,1.));
#8120 = DIRECTION('',(1.,1.110223024625E-16,-0.));
#8121 = FACE_BOUND('',#8122,.T.);
#8122 = EDGE_LOOP('',(#8123,#8134));
#8123 = ORIENTED_EDGE('',*,*,#8124,.T.);
#8124 = EDGE_CURVE('',#8125,#8127,#8129,.T.);
#8125 = VERTEX_POINT('',#8126);
#8126 = CARTESIAN_POINT('',(6.603886207772,16.38315976632,0.));
#8127 = VERTEX_POINT('',#8128);
#8128 = CARTESIAN_POINT('',(7.365887731775,16.38315976632,0.));
#8129 = CIRCLE('',#8130,0.381000762002);
#8130 = AXIS2_PLACEMENT_3D('',#8131,#8132,#8133);
#8131 = CARTESIAN_POINT('',(6.984886969774,16.38315976632,0.));
#8132 = DIRECTION('',(0.,0.,1.));
#8133 = DIRECTION('',(-1.,-1.110223024625E-16,0.));
#8134 = ORIENTED_EDGE('',*,*,#8135,.T.);
#8135 = EDGE_CURVE('',#8127,#8125,#8136,.T.);
#8136 = CIRCLE('',#8137,0.381000762002);
#8137 = AXIS2_PLACEMENT_3D('',#8138,#8139,#8140);
#8138 = CARTESIAN_POINT('',(6.984886969774,16.38315976632,0.));
#8139 = DIRECTION('',(0.,0.,1.));
#8140 = DIRECTION('',(1.,1.110223024625E-16,-0.));
#8141 = FACE_BOUND('',#8142,.T.);
#8142 = EDGE_LOOP('',(#8143,#8154));
#8143 = ORIENTED_EDGE('',*,*,#8144,.T.);
#8144 = EDGE_CURVE('',#8145,#8147,#8149,.T.);
#8145 = VERTEX_POINT('',#8146);
#8146 = CARTESIAN_POINT('',(-14.54704089408,10.668021336043,0.));
#8147 = VERTEX_POINT('',#8148);
#8148 = CARTESIAN_POINT('',(-13.64701549403,10.668021336043,0.));
#8149 = CIRCLE('',#8150,0.450012700025);
#8150 = AXIS2_PLACEMENT_3D('',#8151,#8152,#8153);
#8151 = CARTESIAN_POINT('',(-14.09702819405,10.668021336043,0.));
#8152 = DIRECTION('',(0.,0.,1.));
#8153 = DIRECTION('',(-1.,-1.110223024625E-16,0.));
#8154 = ORIENTED_EDGE('',*,*,#8155,.T.);
#8155 = EDGE_CURVE('',#8147,#8145,#8156,.T.);
#8156 = CIRCLE('',#8157,0.450012700025);
#8157 = AXIS2_PLACEMENT_3D('',#8158,#8159,#8160);
#8158 = CARTESIAN_POINT('',(-14.09702819405,10.668021336043,0.));
#8159 = DIRECTION('',(0.,0.,1.));
#8160 = DIRECTION('',(1.,1.110223024625E-16,-0.));
#8161 = PLANE('',#8162);
#8162 = AXIS2_PLACEMENT_3D('',#8163,#8164,#8165);
#8163 = CARTESIAN_POINT('',(7.903096123362,9.37446163937,0.));
#8164 = DIRECTION('',(-0.,-0.,-1.));
#8165 = DIRECTION('',(-1.,0.,0.));
#8166 = SHELL_BASED_SURFACE_MODEL('',(#8167));
#8167 = OPEN_SHELL('',(#8168));
#8168 = ADVANCED_FACE('',(#8169,#8248,#8268),#8288,.T.);
#8169 = FACE_BOUND('',#8170,.T.);
#8170 = EDGE_LOOP('',(#8171,#8181,#8190,#8199,#8207,#8216,#8224,#8233,
    #8242));
#8171 = ORIENTED_EDGE('',*,*,#8172,.T.);
#8172 = EDGE_CURVE('',#8173,#8175,#8177,.T.);
#8173 = VERTEX_POINT('',#8174);
#8174 = CARTESIAN_POINT('',(1.651003302007,-24.20444328646,0.));
#8175 = VERTEX_POINT('',#8176);
#8176 = CARTESIAN_POINT('',(1.651003302007,-18.1843383748,0.));
#8177 = LINE('',#8178,#8179);
#8178 = CARTESIAN_POINT('',(1.651003302007,-24.20444328646,0.));
#8179 = VECTOR('',#8180,1.);
#8180 = DIRECTION('',(2.950707446906E-16,1.,0.));
#8181 = ORIENTED_EDGE('',*,*,#8182,.T.);
#8182 = EDGE_CURVE('',#8175,#8183,#8185,.T.);
#8183 = VERTEX_POINT('',#8184);
#8184 = CARTESIAN_POINT('',(1.778003556007,-17.60203454406,0.));
#8185 = CIRCLE('',#8186,0.305001270003);
#8186 = AXIS2_PLACEMENT_3D('',#8187,#8188,#8189);
#8187 = CARTESIAN_POINT('',(1.778003556007,-17.90703581407,0.));
#8188 = DIRECTION('',(0.,0.,-1.));
#8189 = DIRECTION('',(-0.416392541577,-0.909184937908,-0.));
#8190 = ORIENTED_EDGE('',*,*,#8191,.T.);
#8191 = EDGE_CURVE('',#8183,#8192,#8194,.T.);
#8192 = VERTEX_POINT('',#8193);
#8193 = CARTESIAN_POINT('',(1.905003810008,-18.1843383748,0.));
#8194 = CIRCLE('',#8195,0.305001270003);
#8195 = AXIS2_PLACEMENT_3D('',#8196,#8197,#8198);
#8196 = CARTESIAN_POINT('',(1.778003556007,-17.90703581407,0.));
#8197 = DIRECTION('',(0.,0.,-1.));
#8198 = DIRECTION('',(-1.257399714395E-15,1.,0.));
#8199 = ORIENTED_EDGE('',*,*,#8200,.T.);
#8200 = EDGE_CURVE('',#8192,#8201,#8203,.T.);
#8201 = VERTEX_POINT('',#8202);
#8202 = CARTESIAN_POINT('',(1.905003810008,-24.25704851409,0.));
#8203 = LINE('',#8204,#8205);
#8204 = CARTESIAN_POINT('',(1.905003810008,-18.1843383748,0.));
#8205 = VECTOR('',#8206,1.);
#8206 = DIRECTION('',(3.656433451157E-17,-1.,0.));
#8207 = ORIENTED_EDGE('',*,*,#8208,.T.);
#8208 = EDGE_CURVE('',#8201,#8209,#8211,.T.);
#8209 = VERTEX_POINT('',#8210);
#8210 = CARTESIAN_POINT('',(1.867806296823,-24.34685125491,0.));
#8211 = CIRCLE('',#8212,0.127000254);
#8212 = AXIS2_PLACEMENT_3D('',#8213,#8214,#8215);
#8213 = CARTESIAN_POINT('',(1.778003556007,-24.25704851409,0.));
#8214 = DIRECTION('',(0.,0.,-1.));
#8215 = DIRECTION('',(1.,6.995875580041E-15,0.));
#8216 = ORIENTED_EDGE('',*,*,#8217,.T.);
#8217 = EDGE_CURVE('',#8209,#8218,#8220,.T.);
#8218 = VERTEX_POINT('',#8219);
#8219 = CARTESIAN_POINT('',(-12.61519578086,-38.8298533326,0.));
#8220 = LINE('',#8221,#8222);
#8221 = CARTESIAN_POINT('',(1.867806296823,-24.34685125491,0.));
#8222 = VECTOR('',#8223,1.);
#8223 = DIRECTION('',(-0.707106781187,-0.707106781187,0.));
#8224 = ORIENTED_EDGE('',*,*,#8225,.T.);
#8225 = EDGE_CURVE('',#8218,#8226,#8228,.T.);
#8226 = VERTEX_POINT('',#8227);
#8227 = CARTESIAN_POINT('',(-13.97142277312,-40.00647484322,0.));
#8228 = CIRCLE('',#8229,0.9);
#8229 = AXIS2_PLACEMENT_3D('',#8230,#8231,#8232);
#8230 = CARTESIAN_POINT('',(-13.33502667005,-39.37007874015,0.));
#8231 = DIRECTION('',(0.,0.,-1.));
#8232 = DIRECTION('',(0.799812099099,0.600250452841,0.));
#8233 = ORIENTED_EDGE('',*,*,#8234,.T.);
#8234 = EDGE_CURVE('',#8226,#8235,#8237,.T.);
#8235 = VERTEX_POINT('',#8236);
#8236 = CARTESIAN_POINT('',(-12.79480126249,-38.65024785096,0.));
#8237 = CIRCLE('',#8238,0.9);
#8238 = AXIS2_PLACEMENT_3D('',#8239,#8240,#8241);
#8239 = CARTESIAN_POINT('',(-13.33502667005,-39.37007874015,0.));
#8240 = DIRECTION('',(0.,0.,-1.));
#8241 = DIRECTION('',(-0.707106781187,-0.707106781187,-0.));
#8242 = ORIENTED_EDGE('',*,*,#8243,.T.);
#8243 = EDGE_CURVE('',#8235,#8173,#8244,.T.);
#8244 = LINE('',#8245,#8246);
#8245 = CARTESIAN_POINT('',(-12.79480126249,-38.65024785096,0.));
#8246 = VECTOR('',#8247,1.);
#8247 = DIRECTION('',(0.707106781187,0.707106781187,0.));
#8248 = FACE_BOUND('',#8249,.T.);
#8249 = EDGE_LOOP('',(#8250,#8261));
#8250 = ORIENTED_EDGE('',*,*,#8251,.T.);
#8251 = EDGE_CURVE('',#8252,#8254,#8256,.T.);
#8252 = VERTEX_POINT('',#8253);
#8253 = CARTESIAN_POINT('',(-13.83502667005,-39.37007874015,0.));
#8254 = VERTEX_POINT('',#8255);
#8255 = CARTESIAN_POINT('',(-12.83502667005,-39.37007874015,0.));
#8256 = CIRCLE('',#8257,0.5);
#8257 = AXIS2_PLACEMENT_3D('',#8258,#8259,#8260);
#8258 = CARTESIAN_POINT('',(-13.33502667005,-39.37007874015,0.));
#8259 = DIRECTION('',(0.,0.,1.));
#8260 = DIRECTION('',(-1.,-1.110223024625E-16,0.));
#8261 = ORIENTED_EDGE('',*,*,#8262,.T.);
#8262 = EDGE_CURVE('',#8254,#8252,#8263,.T.);
#8263 = CIRCLE('',#8264,0.5);
#8264 = AXIS2_PLACEMENT_3D('',#8265,#8266,#8267);
#8265 = CARTESIAN_POINT('',(-13.33502667005,-39.37007874015,0.));
#8266 = DIRECTION('',(0.,0.,1.));
#8267 = DIRECTION('',(1.,1.110223024625E-16,-0.));
#8268 = FACE_BOUND('',#8269,.T.);
#8269 = EDGE_LOOP('',(#8270,#8281));
#8270 = ORIENTED_EDGE('',*,*,#8271,.T.);
#8271 = EDGE_CURVE('',#8272,#8274,#8276,.T.);
#8272 = VERTEX_POINT('',#8273);
#8273 = CARTESIAN_POINT('',(1.625504191008,-17.90703581407,0.));
#8274 = VERTEX_POINT('',#8275);
#8275 = CARTESIAN_POINT('',(1.930502921006,-17.90703581407,0.));
#8276 = CIRCLE('',#8277,0.152499364999);
#8277 = AXIS2_PLACEMENT_3D('',#8278,#8279,#8280);
#8278 = CARTESIAN_POINT('',(1.778003556007,-17.90703581407,0.));
#8279 = DIRECTION('',(0.,0.,1.));
#8280 = DIRECTION('',(-1.,-1.110223024625E-16,0.));
#8281 = ORIENTED_EDGE('',*,*,#8282,.T.);
#8282 = EDGE_CURVE('',#8274,#8272,#8283,.T.);
#8283 = CIRCLE('',#8284,0.152499364999);
#8284 = AXIS2_PLACEMENT_3D('',#8285,#8286,#8287);
#8285 = CARTESIAN_POINT('',(1.778003556007,-17.90703581407,0.));
#8286 = DIRECTION('',(0.,0.,1.));
#8287 = DIRECTION('',(1.,1.110223024625E-16,-0.));
#8288 = PLANE('',#8289);
#8289 = AXIS2_PLACEMENT_3D('',#8290,#8291,#8292);
#8290 = CARTESIAN_POINT('',(-4.484701930119,-29.73376271407,0.));
#8291 = DIRECTION('',(-0.,-0.,-1.));
#8292 = DIRECTION('',(-1.,0.,0.));
#8293 = SHELL_BASED_SURFACE_MODEL('',(#8294));
#8294 = OPEN_SHELL('',(#8295));
#8295 = ADVANCED_FACE('',(#8296,#8518,#8538,#8558),#8578,.T.);
#8296 = FACE_BOUND('',#8297,.T.);
#8297 = EDGE_LOOP('',(#8298,#8308,#8317,#8325,#8334,#8342,#8351,#8359,
    #8368,#8377,#8385,#8394,#8402,#8411,#8419,#8427,#8435,#8443,#8452,
    #8460,#8469,#8478,#8486,#8494,#8503,#8511));
#8298 = ORIENTED_EDGE('',*,*,#8299,.T.);
#8299 = EDGE_CURVE('',#8300,#8302,#8304,.T.);
#8300 = VERTEX_POINT('',#8301);
#8301 = CARTESIAN_POINT('',(-12.44602489205,-10.66802133604,0.));
#8302 = VERTEX_POINT('',#8303);
#8303 = CARTESIAN_POINT('',(-12.44602489205,2.632969265939E-02,0.));
#8304 = LINE('',#8305,#8306);
#8305 = CARTESIAN_POINT('',(-12.44602489205,-10.66802133604,0.));
#8306 = VECTOR('',#8307,1.);
#8307 = DIRECTION('',(0.,1.,0.));
#8308 = ORIENTED_EDGE('',*,*,#8309,.T.);
#8309 = EDGE_CURVE('',#8302,#8310,#8312,.T.);
#8310 = VERTEX_POINT('',#8311);
#8311 = CARTESIAN_POINT('',(-12.40882737886,0.116132433476,0.));
#8312 = CIRCLE('',#8313,0.127000254001);
#8313 = AXIS2_PLACEMENT_3D('',#8314,#8315,#8316);
#8314 = CARTESIAN_POINT('',(-12.31902463804,2.632969265938E-02,0.));
#8315 = DIRECTION('',(0.,0.,-1.));
#8316 = DIRECTION('',(-1.,8.780537717806E-15,0.));
#8317 = ORIENTED_EDGE('',*,*,#8318,.T.);
#8318 = EDGE_CURVE('',#8310,#8319,#8321,.T.);
#8319 = VERTEX_POINT('',#8320);
#8320 = CARTESIAN_POINT('',(-9.034785193604,3.490174618737,0.));
#8321 = LINE('',#8322,#8323);
#8322 = CARTESIAN_POINT('',(-12.40882737886,0.116132433476,0.));
#8323 = VECTOR('',#8324,1.);
#8324 = DIRECTION('',(0.707106781187,0.707106781187,0.));
#8325 = ORIENTED_EDGE('',*,*,#8326,.T.);
#8326 = EDGE_CURVE('',#8319,#8327,#8329,.T.);
#8327 = VERTEX_POINT('',#8328);
#8328 = CARTESIAN_POINT('',(-9.098674117348,3.786685293371,0.));
#8329 = CIRCLE('',#8330,0.720002540005);
#8330 = AXIS2_PLACEMENT_3D('',#8331,#8332,#8333);
#8331 = CARTESIAN_POINT('',(-8.378671577343,3.786685293371,0.));
#8332 = DIRECTION('',(0.,0.,-1.));
#8333 = DIRECTION('',(-0.911265696724,-0.411818928626,-0.));
#8334 = ORIENTED_EDGE('',*,*,#8335,.T.);
#8335 = EDGE_CURVE('',#8327,#8336,#8338,.T.);
#8336 = VERTEX_POINT('',#8337);
#8337 = CARTESIAN_POINT('',(-9.098674117348,4.14668021336,0.));
#8338 = LINE('',#8339,#8340);
#8339 = CARTESIAN_POINT('',(-9.098674117348,3.786685293371,0.));
#8340 = VECTOR('',#8341,1.);
#8341 = DIRECTION('',(0.,1.,0.));
#8342 = ORIENTED_EDGE('',*,*,#8343,.T.);
#8343 = EDGE_CURVE('',#8336,#8344,#8346,.T.);
#8344 = VERTEX_POINT('',#8345);
#8345 = CARTESIAN_POINT('',(-8.636017272035,4.819121178083,0.));
#8346 = CIRCLE('',#8347,0.720002540005);
#8347 = AXIS2_PLACEMENT_3D('',#8348,#8349,#8350);
#8348 = CARTESIAN_POINT('',(-8.378671577343,4.14668021336,0.));
#8349 = DIRECTION('',(0.,0.,-1.));
#8350 = DIRECTION('',(-1.,2.720374637947E-16,0.));
#8351 = ORIENTED_EDGE('',*,*,#8352,.T.);
#8352 = EDGE_CURVE('',#8344,#8353,#8355,.T.);
#8353 = VERTEX_POINT('',#8354);
#8354 = CARTESIAN_POINT('',(-8.636017272035,9.50171699731,0.));
#8355 = LINE('',#8356,#8357);
#8356 = CARTESIAN_POINT('',(-8.636017272035,4.819121178083,0.));
#8357 = VECTOR('',#8358,1.);
#8358 = DIRECTION('',(0.,1.,0.));
#8359 = ORIENTED_EDGE('',*,*,#8360,.T.);
#8360 = EDGE_CURVE('',#8353,#8361,#8363,.T.);
#8361 = VERTEX_POINT('',#8362);
#8362 = CARTESIAN_POINT('',(-8.509017018034,10.084020828042,0.));
#8363 = CIRCLE('',#8364,0.305001270003);
#8364 = AXIS2_PLACEMENT_3D('',#8365,#8366,#8367);
#8365 = CARTESIAN_POINT('',(-8.509017018034,9.779019558039,0.));
#8366 = DIRECTION('',(0.,0.,-1.));
#8367 = DIRECTION('',(-0.416392541577,-0.909184937908,-0.));
#8368 = ORIENTED_EDGE('',*,*,#8369,.T.);
#8369 = EDGE_CURVE('',#8361,#8370,#8372,.T.);
#8370 = VERTEX_POINT('',#8371);
#8371 = CARTESIAN_POINT('',(-8.382016764034,9.50171699731,0.));
#8372 = CIRCLE('',#8373,0.305001270003);
#8373 = AXIS2_PLACEMENT_3D('',#8374,#8375,#8376);
#8374 = CARTESIAN_POINT('',(-8.509017018034,9.779019558039,0.));
#8375 = DIRECTION('',(0.,0.,-1.));
#8376 = DIRECTION('',(-6.054146773014E-16,1.,0.));
#8377 = ORIENTED_EDGE('',*,*,#8378,.T.);
#8378 = EDGE_CURVE('',#8370,#8379,#8381,.T.);
#8379 = VERTEX_POINT('',#8380);
#8380 = CARTESIAN_POINT('',(-8.382016764034,4.866674982327,0.));
#8381 = LINE('',#8382,#8383);
#8382 = CARTESIAN_POINT('',(-8.382016764034,9.50171699731,0.));
#8383 = VECTOR('',#8384,1.);
#8384 = DIRECTION('',(-3.832450350306E-16,-1.,0.));
#8385 = ORIENTED_EDGE('',*,*,#8386,.T.);
#8386 = EDGE_CURVE('',#8379,#8387,#8389,.T.);
#8387 = VERTEX_POINT('',#8388);
#8388 = CARTESIAN_POINT('',(-7.658669037338,4.14668021336,0.));
#8389 = CIRCLE('',#8390,0.720002540005);
#8390 = AXIS2_PLACEMENT_3D('',#8391,#8392,#8393);
#8391 = CARTESIAN_POINT('',(-8.378671577343,4.14668021336,0.));
#8392 = DIRECTION('',(0.,0.,-1.));
#8393 = DIRECTION('',(-4.646076235162E-03,0.99998920693,0.));
#8394 = ORIENTED_EDGE('',*,*,#8395,.T.);
#8395 = EDGE_CURVE('',#8387,#8396,#8398,.T.);
#8396 = VERTEX_POINT('',#8397);
#8397 = CARTESIAN_POINT('',(-7.658669037338,3.786685293371,0.));
#8398 = LINE('',#8399,#8400);
#8399 = CARTESIAN_POINT('',(-7.658669037338,4.14668021336,0.));
#8400 = VECTOR('',#8401,1.);
#8401 = DIRECTION('',(0.,-1.,0.));
#8402 = ORIENTED_EDGE('',*,*,#8403,.T.);
#8403 = EDGE_CURVE('',#8396,#8404,#8406,.T.);
#8404 = VERTEX_POINT('',#8405);
#8405 = CARTESIAN_POINT('',(-8.88798620731,3.277762641767,0.));
#8406 = CIRCLE('',#8407,0.720002540005);
#8407 = AXIS2_PLACEMENT_3D('',#8408,#8409,#8410);
#8408 = CARTESIAN_POINT('',(-8.378671577343,3.786685293371,0.));
#8409 = DIRECTION('',(0.,0.,-1.));
#8410 = DIRECTION('',(1.,3.337768681244E-16,0.));
#8411 = ORIENTED_EDGE('',*,*,#8412,.T.);
#8412 = EDGE_CURVE('',#8404,#8413,#8415,.T.);
#8413 = VERTEX_POINT('',#8414);
#8414 = CARTESIAN_POINT('',(-12.19202438404,-2.627553497245E-02,0.));
#8415 = LINE('',#8416,#8417);
#8416 = CARTESIAN_POINT('',(-8.88798620731,3.277762641767,0.));
#8417 = VECTOR('',#8418,1.);
#8418 = DIRECTION('',(-0.707106781187,-0.707106781187,0.));
#8419 = ORIENTED_EDGE('',*,*,#8420,.T.);
#8420 = EDGE_CURVE('',#8413,#8421,#8423,.T.);
#8421 = VERTEX_POINT('',#8422);
#8422 = CARTESIAN_POINT('',(-12.19202438404,-10.61541610841,0.));
#8423 = LINE('',#8424,#8425);
#8424 = CARTESIAN_POINT('',(-12.19202438404,-2.627553497245E-02,0.));
#8425 = VECTOR('',#8426,1.);
#8426 = DIRECTION('',(0.,-1.,0.));
#8427 = ORIENTED_EDGE('',*,*,#8428,.T.);
#8428 = EDGE_CURVE('',#8421,#8429,#8431,.T.);
#8429 = VERTEX_POINT('',#8430);
#8430 = CARTESIAN_POINT('',(-12.0868131112,-10.72062738125,0.));
#8431 = LINE('',#8432,#8433);
#8432 = CARTESIAN_POINT('',(-12.19202438404,-10.61541610841,0.));
#8433 = VECTOR('',#8434,1.);
#8434 = DIRECTION('',(0.707106781187,-0.707106781187,0.));
#8435 = ORIENTED_EDGE('',*,*,#8436,.T.);
#8436 = EDGE_CURVE('',#8429,#8437,#8439,.T.);
#8437 = VERTEX_POINT('',#8438);
#8438 = CARTESIAN_POINT('',(-12.01241808483,-10.72062738125,0.));
#8439 = LINE('',#8440,#8441);
#8440 = CARTESIAN_POINT('',(-12.0868131112,-10.72062738125,0.));
#8441 = VECTOR('',#8442,1.);
#8442 = DIRECTION('',(1.,0.,0.));
#8443 = ORIENTED_EDGE('',*,*,#8444,.T.);
#8444 = EDGE_CURVE('',#8437,#8445,#8447,.T.);
#8445 = VERTEX_POINT('',#8446);
#8446 = CARTESIAN_POINT('',(-11.92261534402,-10.75782489443,0.));
#8447 = CIRCLE('',#8448,0.127000254001);
#8448 = AXIS2_PLACEMENT_3D('',#8449,#8450,#8451);
#8449 = CARTESIAN_POINT('',(-12.01241808483,-10.84762763525,0.));
#8450 = DIRECTION('',(0.,0.,-1.));
#8451 = DIRECTION('',(1.284956739191E-14,1.,0.));
#8452 = ORIENTED_EDGE('',*,*,#8453,.T.);
#8453 = EDGE_CURVE('',#8445,#8454,#8456,.T.);
#8454 = VERTEX_POINT('',#8455);
#8455 = CARTESIAN_POINT('',(-7.599294766346,-15.08114547211,0.));
#8456 = LINE('',#8457,#8458);
#8457 = CARTESIAN_POINT('',(-11.92261534402,-10.75782489443,0.));
#8458 = VECTOR('',#8459,1.);
#8459 = DIRECTION('',(0.707106781187,-0.707106781187,0.));
#8460 = ORIENTED_EDGE('',*,*,#8461,.T.);
#8461 = EDGE_CURVE('',#8454,#8462,#8464,.T.);
#8462 = VERTEX_POINT('',#8463);
#8463 = CARTESIAN_POINT('',(-7.277346519741,-15.58269920035,0.));
#8464 = CIRCLE('',#8465,0.305001270003);
#8465 = AXIS2_PLACEMENT_3D('',#8466,#8467,#8468);
#8466 = CARTESIAN_POINT('',(-7.49301498603,-15.36703073406,0.));
#8467 = DIRECTION('',(0.,0.,-1.));
#8468 = DIRECTION('',(-0.348456845163,0.937324824732,0.));
#8469 = ORIENTED_EDGE('',*,*,#8470,.T.);
#8470 = EDGE_CURVE('',#8462,#8471,#8473,.T.);
#8471 = VERTEX_POINT('',#8472);
#8472 = CARTESIAN_POINT('',(-7.778900247978,-15.26075095374,0.));
#8473 = CIRCLE('',#8474,0.305001270003);
#8474 = AXIS2_PLACEMENT_3D('',#8475,#8476,#8477);
#8475 = CARTESIAN_POINT('',(-7.49301498603,-15.36703073406,0.));
#8476 = DIRECTION('',(-0.,0.,-1.));
#8477 = DIRECTION('',(0.707106781187,-0.707106781187,-0.));
#8478 = ORIENTED_EDGE('',*,*,#8479,.T.);
#8479 = EDGE_CURVE('',#8471,#8480,#8482,.T.);
#8480 = VERTEX_POINT('',#8481);
#8481 = CARTESIAN_POINT('',(-12.06502331246,-10.97462788925,0.));
#8482 = LINE('',#8483,#8484);
#8483 = CARTESIAN_POINT('',(-7.778900247978,-15.26075095374,0.));
#8484 = VECTOR('',#8485,1.);
#8485 = DIRECTION('',(-0.707106781187,0.707106781187,0.));
#8486 = ORIENTED_EDGE('',*,*,#8487,.T.);
#8487 = EDGE_CURVE('',#8480,#8488,#8490,.T.);
#8488 = VERTEX_POINT('',#8489);
#8489 = CARTESIAN_POINT('',(-12.13941833883,-10.97462788925,0.));
#8490 = LINE('',#8491,#8492);
#8491 = CARTESIAN_POINT('',(-12.06502331246,-10.97462788925,0.));
#8492 = VECTOR('',#8493,1.);
#8493 = DIRECTION('',(-1.,0.,0.));
#8494 = ORIENTED_EDGE('',*,*,#8495,.T.);
#8495 = EDGE_CURVE('',#8488,#8496,#8498,.T.);
#8496 = VERTEX_POINT('',#8497);
#8497 = CARTESIAN_POINT('',(-12.22922107965,-10.93743037607,0.));
#8498 = CIRCLE('',#8499,0.127000254001);
#8499 = AXIS2_PLACEMENT_3D('',#8500,#8501,#8502);
#8500 = CARTESIAN_POINT('',(-12.13941833883,-10.84762763525,0.));
#8501 = DIRECTION('',(0.,0.,-1.));
#8502 = DIRECTION('',(-1.299234036293E-14,-1.,-0.));
#8503 = ORIENTED_EDGE('',*,*,#8504,.T.);
#8504 = EDGE_CURVE('',#8496,#8505,#8507,.T.);
#8505 = VERTEX_POINT('',#8506);
#8506 = CARTESIAN_POINT('',(-12.40882737886,-10.75782407685,0.));
#8507 = LINE('',#8508,#8509);
#8508 = CARTESIAN_POINT('',(-12.22922107965,-10.93743037607,0.));
#8509 = VECTOR('',#8510,1.);
#8510 = DIRECTION('',(-0.707106781187,0.707106781187,0.));
#8511 = ORIENTED_EDGE('',*,*,#8512,.T.);
#8512 = EDGE_CURVE('',#8505,#8300,#8513,.T.);
#8513 = CIRCLE('',#8514,0.127000254001);
#8514 = AXIS2_PLACEMENT_3D('',#8515,#8516,#8517);
#8515 = CARTESIAN_POINT('',(-12.31902463804,-10.66802133604,0.));
#8516 = DIRECTION('',(0.,0.,-1.));
#8517 = DIRECTION('',(-0.707106781187,-0.707106781187,-0.));
#8518 = FACE_BOUND('',#8519,.T.);
#8519 = EDGE_LOOP('',(#8520,#8531));
#8520 = ORIENTED_EDGE('',*,*,#8521,.T.);
#8521 = EDGE_CURVE('',#8522,#8524,#8526,.T.);
#8522 = VERTEX_POINT('',#8523);
#8523 = CARTESIAN_POINT('',(-7.645514351029,-15.36703073406,0.));
#8524 = VERTEX_POINT('',#8525);
#8525 = CARTESIAN_POINT('',(-7.340515621031,-15.36703073406,0.));
#8526 = CIRCLE('',#8527,0.152499364999);
#8527 = AXIS2_PLACEMENT_3D('',#8528,#8529,#8530);
#8528 = CARTESIAN_POINT('',(-7.49301498603,-15.36703073406,0.));
#8529 = DIRECTION('',(0.,0.,1.));
#8530 = DIRECTION('',(-1.,-1.110223024625E-16,0.));
#8531 = ORIENTED_EDGE('',*,*,#8532,.T.);
#8532 = EDGE_CURVE('',#8524,#8522,#8533,.T.);
#8533 = CIRCLE('',#8534,0.152499364999);
#8534 = AXIS2_PLACEMENT_3D('',#8535,#8536,#8537);
#8535 = CARTESIAN_POINT('',(-7.49301498603,-15.36703073406,0.));
#8536 = DIRECTION('',(0.,0.,1.));
#8537 = DIRECTION('',(1.,1.110223024625E-16,-0.));
#8538 = FACE_BOUND('',#8539,.T.);
#8539 = EDGE_LOOP('',(#8540,#8551));
#8540 = ORIENTED_EDGE('',*,*,#8541,.T.);
#8541 = EDGE_CURVE('',#8542,#8544,#8546,.T.);
#8542 = VERTEX_POINT('',#8543);
#8543 = CARTESIAN_POINT('',(-8.778646177292,3.966657353315,0.));
#8544 = VERTEX_POINT('',#8545);
#8545 = CARTESIAN_POINT('',(-7.978646177292,3.966657353315,0.));
#8546 = CIRCLE('',#8547,0.4);
#8547 = AXIS2_PLACEMENT_3D('',#8548,#8549,#8550);
#8548 = CARTESIAN_POINT('',(-8.378646177292,3.966657353315,0.));
#8549 = DIRECTION('',(0.,0.,1.));
#8550 = DIRECTION('',(-1.,-1.110223024625E-16,0.));
#8551 = ORIENTED_EDGE('',*,*,#8552,.T.);
#8552 = EDGE_CURVE('',#8544,#8542,#8553,.T.);
#8553 = CIRCLE('',#8554,0.4);
#8554 = AXIS2_PLACEMENT_3D('',#8555,#8556,#8557);
#8555 = CARTESIAN_POINT('',(-8.378646177292,3.966657353315,0.));
#8556 = DIRECTION('',(0.,0.,1.));
#8557 = DIRECTION('',(1.,1.110223024625E-16,-0.));
#8558 = FACE_BOUND('',#8559,.T.);
#8559 = EDGE_LOOP('',(#8560,#8571));
#8560 = ORIENTED_EDGE('',*,*,#8561,.T.);
#8561 = EDGE_CURVE('',#8562,#8564,#8566,.T.);
#8562 = VERTEX_POINT('',#8563);
#8563 = CARTESIAN_POINT('',(-8.661516383033,9.779019558039,0.));
#8564 = VERTEX_POINT('',#8565);
#8565 = CARTESIAN_POINT('',(-8.356517653035,9.779019558039,0.));
#8566 = CIRCLE('',#8567,0.152499364999);
#8567 = AXIS2_PLACEMENT_3D('',#8568,#8569,#8570);
#8568 = CARTESIAN_POINT('',(-8.509017018034,9.779019558039,0.));
#8569 = DIRECTION('',(0.,0.,1.));
#8570 = DIRECTION('',(-1.,-1.110223024625E-16,0.));
#8571 = ORIENTED_EDGE('',*,*,#8572,.T.);
#8572 = EDGE_CURVE('',#8564,#8562,#8573,.T.);
#8573 = CIRCLE('',#8574,0.152499364999);
#8574 = AXIS2_PLACEMENT_3D('',#8575,#8576,#8577);
#8575 = CARTESIAN_POINT('',(-8.509017018034,9.779019558039,0.));
#8576 = DIRECTION('',(0.,0.,1.));
#8577 = DIRECTION('',(1.,1.110223024625E-16,-0.));
#8578 = PLANE('',#8579);
#8579 = AXIS2_PLACEMENT_3D('',#8580,#8581,#8582);
#8580 = CARTESIAN_POINT('',(-10.45025078739,-3.086092858002,0.));
#8581 = DIRECTION('',(-0.,-0.,-1.));
#8582 = DIRECTION('',(-1.,0.,0.));
#8583 = SHELL_BASED_SURFACE_MODEL('',(#8584));
#8584 = OPEN_SHELL('',(#8585));
#8585 = ADVANCED_FACE('',(#8586,#8665,#8685),#8705,.T.);
#8586 = FACE_BOUND('',#8587,.T.);
#8587 = EDGE_LOOP('',(#8588,#8598,#8607,#8616,#8624,#8632,#8641,#8650,
    #8658));
#8588 = ORIENTED_EDGE('',*,*,#8589,.T.);
#8589 = EDGE_CURVE('',#8590,#8592,#8594,.T.);
#8590 = VERTEX_POINT('',#8591);
#8591 = CARTESIAN_POINT('',(-9.435216309222,-9.741822044855,0.));
#8592 = VERTEX_POINT('',#8593);
#8593 = CARTESIAN_POINT('',(-10.63613658209,-10.94274231772,0.));
#8594 = LINE('',#8595,#8596);
#8595 = CARTESIAN_POINT('',(-9.435216309222,-9.741822044855,0.));
#8596 = VECTOR('',#8597,1.);
#8597 = DIRECTION('',(-0.707106781187,-0.707106781187,0.));
#8598 = ORIENTED_EDGE('',*,*,#8599,.T.);
#8599 = EDGE_CURVE('',#8592,#8600,#8602,.T.);
#8600 = VERTEX_POINT('',#8601);
#8601 = CARTESIAN_POINT('',(-11.13769031033,-11.26469056433,0.));
#8602 = CIRCLE('',#8603,0.305001270003);
#8603 = AXIS2_PLACEMENT_3D('',#8604,#8605,#8606);
#8604 = CARTESIAN_POINT('',(-10.92202184404,-11.04902209804,0.));
#8605 = DIRECTION('',(0.,0.,-1.));
#8606 = DIRECTION('',(0.937324824732,0.348456845163,0.));
#8607 = ORIENTED_EDGE('',*,*,#8608,.T.);
#8608 = EDGE_CURVE('',#8600,#8609,#8611,.T.);
#8609 = VERTEX_POINT('',#8610);
#8610 = CARTESIAN_POINT('',(-10.81574206372,-10.76313683609,0.));
#8611 = CIRCLE('',#8612,0.305001270003);
#8612 = AXIS2_PLACEMENT_3D('',#8613,#8614,#8615);
#8613 = CARTESIAN_POINT('',(-10.92202184404,-11.04902209804,0.));
#8614 = DIRECTION('',(0.,0.,-1.));
#8615 = DIRECTION('',(-0.707106781187,-0.707106781187,-0.));
#8616 = ORIENTED_EDGE('',*,*,#8617,.T.);
#8617 = EDGE_CURVE('',#8609,#8618,#8620,.T.);
#8618 = VERTEX_POINT('',#8619);
#8619 = CARTESIAN_POINT('',(-9.652019304039,-9.599414076407,0.));
#8620 = LINE('',#8621,#8622);
#8621 = CARTESIAN_POINT('',(-10.81574206372,-10.76313683609,0.));
#8622 = VECTOR('',#8623,1.);
#8623 = DIRECTION('',(0.707106781187,0.707106781187,0.));
#8624 = ORIENTED_EDGE('',*,*,#8625,.T.);
#8625 = EDGE_CURVE('',#8618,#8626,#8628,.T.);
#8626 = VERTEX_POINT('',#8627);
#8627 = CARTESIAN_POINT('',(-9.652019304039,-8.405318816762,0.));
#8628 = LINE('',#8629,#8630);
#8629 = CARTESIAN_POINT('',(-9.652019304039,-9.599414076407,0.));
#8630 = VECTOR('',#8631,1.);
#8631 = DIRECTION('',(0.,1.,0.));
#8632 = ORIENTED_EDGE('',*,*,#8633,.T.);
#8633 = EDGE_CURVE('',#8626,#8634,#8636,.T.);
#8634 = VERTEX_POINT('',#8635);
#8635 = CARTESIAN_POINT('',(-9.525019050038,-7.82301498603,0.));
#8636 = CIRCLE('',#8637,0.305001270003);
#8637 = AXIS2_PLACEMENT_3D('',#8638,#8639,#8640);
#8638 = CARTESIAN_POINT('',(-9.525019050038,-8.128016256033,0.));
#8639 = DIRECTION('',(0.,0.,-1.));
#8640 = DIRECTION('',(-0.416392541577,-0.909184937908,-0.));
#8641 = ORIENTED_EDGE('',*,*,#8642,.T.);
#8642 = EDGE_CURVE('',#8634,#8643,#8645,.T.);
#8643 = VERTEX_POINT('',#8644);
#8644 = CARTESIAN_POINT('',(-9.398018796038,-8.405318816762,0.));
#8645 = CIRCLE('',#8646,0.305001270003);
#8646 = AXIS2_PLACEMENT_3D('',#8647,#8648,#8649);
#8647 = CARTESIAN_POINT('',(-9.525019050038,-8.128016256033,0.));
#8648 = DIRECTION('',(0.,0.,-1.));
#8649 = DIRECTION('',(-6.054146773014E-16,1.,0.));
#8650 = ORIENTED_EDGE('',*,*,#8651,.T.);
#8651 = EDGE_CURVE('',#8643,#8652,#8654,.T.);
#8652 = VERTEX_POINT('',#8653);
#8653 = CARTESIAN_POINT('',(-9.398018796038,-9.652019304039,0.));
#8654 = LINE('',#8655,#8656);
#8655 = CARTESIAN_POINT('',(-9.398018796038,-8.405318816762,0.));
#8656 = VECTOR('',#8657,1.);
#8657 = DIRECTION('',(0.,-1.,0.));
#8658 = ORIENTED_EDGE('',*,*,#8659,.T.);
#8659 = EDGE_CURVE('',#8652,#8590,#8660,.T.);
#8660 = CIRCLE('',#8661,0.127000254001);
#8661 = AXIS2_PLACEMENT_3D('',#8662,#8663,#8664);
#8662 = CARTESIAN_POINT('',(-9.525019050038,-9.652019304039,0.));
#8663 = DIRECTION('',(0.,0.,-1.));
#8664 = DIRECTION('',(1.,-1.299234036293E-14,0.));
#8665 = FACE_BOUND('',#8666,.T.);
#8666 = EDGE_LOOP('',(#8667,#8678));
#8667 = ORIENTED_EDGE('',*,*,#8668,.T.);
#8668 = EDGE_CURVE('',#8669,#8671,#8673,.T.);
#8669 = VERTEX_POINT('',#8670);
#8670 = CARTESIAN_POINT('',(-11.07452120904,-11.04902209804,0.));
#8671 = VERTEX_POINT('',#8672);
#8672 = CARTESIAN_POINT('',(-10.76952247904,-11.04902209804,0.));
#8673 = CIRCLE('',#8674,0.152499364999);
#8674 = AXIS2_PLACEMENT_3D('',#8675,#8676,#8677);
#8675 = CARTESIAN_POINT('',(-10.92202184404,-11.04902209804,0.));
#8676 = DIRECTION('',(0.,0.,1.));
#8677 = DIRECTION('',(-1.,-1.110223024625E-16,0.));
#8678 = ORIENTED_EDGE('',*,*,#8679,.T.);
#8679 = EDGE_CURVE('',#8671,#8669,#8680,.T.);
#8680 = CIRCLE('',#8681,0.152499364999);
#8681 = AXIS2_PLACEMENT_3D('',#8682,#8683,#8684);
#8682 = CARTESIAN_POINT('',(-10.92202184404,-11.04902209804,0.));
#8683 = DIRECTION('',(0.,0.,1.));
#8684 = DIRECTION('',(1.,1.110223024625E-16,-0.));
#8685 = FACE_BOUND('',#8686,.T.);
#8686 = EDGE_LOOP('',(#8687,#8698));
#8687 = ORIENTED_EDGE('',*,*,#8688,.T.);
#8688 = EDGE_CURVE('',#8689,#8691,#8693,.T.);
#8689 = VERTEX_POINT('',#8690);
#8690 = CARTESIAN_POINT('',(-9.677518415037,-8.128016256033,0.));
#8691 = VERTEX_POINT('',#8692);
#8692 = CARTESIAN_POINT('',(-9.372519685039,-8.128016256033,0.));
#8693 = CIRCLE('',#8694,0.152499364999);
#8694 = AXIS2_PLACEMENT_3D('',#8695,#8696,#8697);
#8695 = CARTESIAN_POINT('',(-9.525019050038,-8.128016256033,0.));
#8696 = DIRECTION('',(0.,0.,1.));
#8697 = DIRECTION('',(-1.,-1.110223024625E-16,0.));
#8698 = ORIENTED_EDGE('',*,*,#8699,.T.);
#8699 = EDGE_CURVE('',#8691,#8689,#8700,.T.);
#8700 = CIRCLE('',#8701,0.152499364999);
#8701 = AXIS2_PLACEMENT_3D('',#8702,#8703,#8704);
#8702 = CARTESIAN_POINT('',(-9.525019050038,-8.128016256033,0.));
#8703 = DIRECTION('',(0.,0.,1.));
#8704 = DIRECTION('',(1.,1.110223024625E-16,-0.));
#8705 = PLANE('',#8706);
#8706 = AXIS2_PLACEMENT_3D('',#8707,#8708,#8709);
#8707 = CARTESIAN_POINT('',(-9.998334222278,-9.681937330409,0.));
#8708 = DIRECTION('',(-0.,-0.,-1.));
#8709 = DIRECTION('',(-1.,0.,0.));
#8710 = SHELL_BASED_SURFACE_MODEL('',(#8711));
#8711 = OPEN_SHELL('',(#8712));
#8712 = ADVANCED_FACE('',(#8713,#8892,#8912),#8932,.T.);
#8713 = FACE_BOUND('',#8714,.T.);
#8714 = EDGE_LOOP('',(#8715,#8725,#8734,#8742,#8751,#8760,#8768,#8776,
    #8785,#8793,#8802,#8810,#8819,#8827,#8836,#8844,#8853,#8861,#8870,
    #8878,#8886));
#8715 = ORIENTED_EDGE('',*,*,#8716,.T.);
#8716 = EDGE_CURVE('',#8717,#8719,#8721,.T.);
#8717 = VERTEX_POINT('',#8718);
#8718 = CARTESIAN_POINT('',(-0.179605481632,-15.62103124206,0.));
#8719 = VERTEX_POINT('',#8720);
#8720 = CARTESIAN_POINT('',(2.196201831193,-13.24522392923,0.));
#8721 = LINE('',#8722,#8723);
#8722 = CARTESIAN_POINT('',(-0.179605481632,-15.62103124206,0.));
#8723 = VECTOR('',#8724,1.);
#8724 = DIRECTION('',(0.707106781187,0.707106781187,0.));
#8725 = ORIENTED_EDGE('',*,*,#8726,.T.);
#8726 = EDGE_CURVE('',#8719,#8727,#8729,.T.);
#8727 = VERTEX_POINT('',#8728);
#8728 = CARTESIAN_POINT('',(2.286004572009,-13.20802641605,0.));
#8729 = CIRCLE('',#8730,0.127000254001);
#8730 = AXIS2_PLACEMENT_3D('',#8731,#8732,#8733);
#8731 = CARTESIAN_POINT('',(2.286004572009,-13.33502667005,0.));
#8732 = DIRECTION('',(0.,0.,-1.));
#8733 = DIRECTION('',(-0.707106781187,0.707106781187,0.));
#8734 = ORIENTED_EDGE('',*,*,#8735,.T.);
#8735 = EDGE_CURVE('',#8727,#8736,#8738,.T.);
#8736 = VERTEX_POINT('',#8737);
#8737 = CARTESIAN_POINT('',(5.310708615293,-13.20802641605,0.));
#8738 = LINE('',#8739,#8740);
#8739 = CARTESIAN_POINT('',(2.286004572009,-13.20802641605,0.));
#8740 = VECTOR('',#8741,1.);
#8741 = DIRECTION('',(1.,0.,0.));
#8742 = ORIENTED_EDGE('',*,*,#8743,.T.);
#8743 = EDGE_CURVE('',#8736,#8744,#8746,.T.);
#8744 = VERTEX_POINT('',#8745);
#8745 = CARTESIAN_POINT('',(5.893012446025,-13.33502667005,0.));
#8746 = CIRCLE('',#8747,0.305001270003);
#8747 = AXIS2_PLACEMENT_3D('',#8748,#8749,#8750);
#8748 = CARTESIAN_POINT('',(5.588011176022,-13.33502667005,0.));
#8749 = DIRECTION('',(0.,0.,-1.));
#8750 = DIRECTION('',(-0.909184937908,0.416392541577,0.));
#8751 = ORIENTED_EDGE('',*,*,#8752,.T.);
#8752 = EDGE_CURVE('',#8744,#8753,#8755,.T.);
#8753 = VERTEX_POINT('',#8754);
#8754 = CARTESIAN_POINT('',(5.310708615293,-13.46202692405,0.));
#8755 = CIRCLE('',#8756,0.305001270003);
#8756 = AXIS2_PLACEMENT_3D('',#8757,#8758,#8759);
#8757 = CARTESIAN_POINT('',(5.588011176022,-13.33502667005,0.));
#8758 = DIRECTION('',(0.,0.,-1.));
#8759 = DIRECTION('',(1.,8.382664762634E-16,0.));
#8760 = ORIENTED_EDGE('',*,*,#8761,.T.);
#8761 = EDGE_CURVE('',#8753,#8762,#8764,.T.);
#8762 = VERTEX_POINT('',#8763);
#8763 = CARTESIAN_POINT('',(2.338609799641,-13.46202692405,0.));
#8764 = LINE('',#8765,#8766);
#8765 = CARTESIAN_POINT('',(5.310708615293,-13.46202692405,0.));
#8766 = VECTOR('',#8767,1.);
#8767 = DIRECTION('',(-1.,0.,0.));
#8768 = ORIENTED_EDGE('',*,*,#8769,.T.);
#8769 = EDGE_CURVE('',#8762,#8770,#8772,.T.);
#8770 = VERTEX_POINT('',#8771);
#8771 = CARTESIAN_POINT('',(-3.719751318433E-02,-15.83783423687,0.));
#8772 = LINE('',#8773,#8774);
#8773 = CARTESIAN_POINT('',(2.338609799641,-13.46202692405,0.));
#8774 = VECTOR('',#8775,1.);
#8775 = DIRECTION('',(-0.707106781187,-0.707106781187,0.));
#8776 = ORIENTED_EDGE('',*,*,#8777,.T.);
#8777 = EDGE_CURVE('',#8770,#8778,#8780,.T.);
#8778 = VERTEX_POINT('',#8779);
#8779 = CARTESIAN_POINT('',(-0.127000254001,-15.87503175006,0.));
#8780 = CIRCLE('',#8781,0.127000254001);
#8781 = AXIS2_PLACEMENT_3D('',#8782,#8783,#8784);
#8782 = CARTESIAN_POINT('',(-0.127000254001,-15.74803149606,0.));
#8783 = DIRECTION('',(0.,0.,-1.));
#8784 = DIRECTION('',(0.707106781187,-0.707106781187,0.));
#8785 = ORIENTED_EDGE('',*,*,#8786,.T.);
#8786 = EDGE_CURVE('',#8778,#8787,#8789,.T.);
#8787 = VERTEX_POINT('',#8788);
#8788 = CARTESIAN_POINT('',(-2.286004572009,-15.87503175006,0.));
#8789 = LINE('',#8790,#8791);
#8790 = CARTESIAN_POINT('',(-0.127000254001,-15.87503175006,0.));
#8791 = VECTOR('',#8792,1.);
#8792 = DIRECTION('',(-1.,0.,0.));
#8793 = ORIENTED_EDGE('',*,*,#8794,.T.);
#8794 = EDGE_CURVE('',#8787,#8795,#8797,.T.);
#8795 = VERTEX_POINT('',#8796);
#8796 = CARTESIAN_POINT('',(-2.375807312825,-15.83783423687,0.));
#8797 = CIRCLE('',#8798,0.127000254001);
#8798 = AXIS2_PLACEMENT_3D('',#8799,#8800,#8801);
#8799 = CARTESIAN_POINT('',(-2.286004572009,-15.74803149606,0.));
#8800 = DIRECTION('',(0.,0.,-1.));
#8801 = DIRECTION('',(-7.495580978615E-15,-1.,-0.));
#8802 = ORIENTED_EDGE('',*,*,#8803,.T.);
#8803 = EDGE_CURVE('',#8795,#8804,#8806,.T.);
#8804 = VERTEX_POINT('',#8805);
#8805 = CARTESIAN_POINT('',(-8.468474318159,-9.745167231545,0.));
#8806 = LINE('',#8807,#8808);
#8807 = CARTESIAN_POINT('',(-2.375807312825,-15.83783423687,0.));
#8808 = VECTOR('',#8809,1.);
#8809 = DIRECTION('',(-0.707106781187,0.707106781187,0.));
#8810 = ORIENTED_EDGE('',*,*,#8811,.T.);
#8811 = EDGE_CURVE('',#8804,#8812,#8814,.T.);
#8812 = VERTEX_POINT('',#8813);
#8813 = CARTESIAN_POINT('',(-8.505671831344,-9.655364490729,0.));
#8814 = CIRCLE('',#8815,0.127000254001);
#8815 = AXIS2_PLACEMENT_3D('',#8816,#8817,#8818);
#8816 = CARTESIAN_POINT('',(-8.378671577343,-9.655364490729,0.));
#8817 = DIRECTION('',(0.,0.,-1.));
#8818 = DIRECTION('',(-0.707106781187,-0.707106781187,-0.));
#8819 = ORIENTED_EDGE('',*,*,#8820,.T.);
#8820 = EDGE_CURVE('',#8812,#8821,#8823,.T.);
#8821 = VERTEX_POINT('',#8822);
#8822 = CARTESIAN_POINT('',(-8.505671831344,-4.862083923075,0.));
#8823 = LINE('',#8824,#8825);
#8824 = CARTESIAN_POINT('',(-8.505671831344,-9.655364490729,0.));
#8825 = VECTOR('',#8826,1.);
#8826 = DIRECTION('',(0.,1.,0.));
#8827 = ORIENTED_EDGE('',*,*,#8828,.T.);
#8828 = EDGE_CURVE('',#8821,#8829,#8831,.T.);
#8829 = VERTEX_POINT('',#8830);
#8830 = CARTESIAN_POINT('',(-9.098674117348,-4.153370586741,0.));
#8831 = CIRCLE('',#8832,0.720002540005);
#8832 = AXIS2_PLACEMENT_3D('',#8833,#8834,#8835);
#8833 = CARTESIAN_POINT('',(-8.378671577343,-4.153370586741,0.));
#8834 = DIRECTION('',(0.,0.,-1.));
#8835 = DIRECTION('',(-0.176388619406,-0.98432060577,-0.));
#8836 = ORIENTED_EDGE('',*,*,#8837,.T.);
#8837 = EDGE_CURVE('',#8829,#8838,#8840,.T.);
#8838 = VERTEX_POINT('',#8839);
#8839 = CARTESIAN_POINT('',(-9.098674117348,-3.793375666751,0.));
#8840 = LINE('',#8841,#8842);
#8841 = CARTESIAN_POINT('',(-9.098674117348,-4.153370586741,0.));
#8842 = VECTOR('',#8843,1.);
#8843 = DIRECTION('',(0.,1.,0.));
#8844 = ORIENTED_EDGE('',*,*,#8845,.T.);
#8845 = EDGE_CURVE('',#8838,#8846,#8848,.T.);
#8846 = VERTEX_POINT('',#8847);
#8847 = CARTESIAN_POINT('',(-7.658669037338,-3.793375666751,0.));
#8848 = CIRCLE('',#8849,0.720002540005);
#8849 = AXIS2_PLACEMENT_3D('',#8850,#8851,#8852);
#8850 = CARTESIAN_POINT('',(-8.378671577343,-3.793375666751,0.));
#8851 = DIRECTION('',(0.,0.,-1.));
#8852 = DIRECTION('',(-1.,1.110223024625E-16,0.));
#8853 = ORIENTED_EDGE('',*,*,#8854,.T.);
#8854 = EDGE_CURVE('',#8846,#8855,#8857,.T.);
#8855 = VERTEX_POINT('',#8856);
#8856 = CARTESIAN_POINT('',(-7.658669037338,-4.153370586741,0.));
#8857 = LINE('',#8858,#8859);
#8858 = CARTESIAN_POINT('',(-7.658669037338,-3.793375666751,0.));
#8859 = VECTOR('',#8860,1.);
#8860 = DIRECTION('',(0.,-1.,0.));
#8861 = ORIENTED_EDGE('',*,*,#8862,.T.);
#8862 = EDGE_CURVE('',#8855,#8863,#8865,.T.);
#8863 = VERTEX_POINT('',#8864);
#8864 = CARTESIAN_POINT('',(-8.251671323343,-4.862083923075,0.));
#8865 = CIRCLE('',#8866,0.720002540005);
#8866 = AXIS2_PLACEMENT_3D('',#8867,#8868,#8869);
#8867 = CARTESIAN_POINT('',(-8.378671577343,-4.153370586741,0.));
#8868 = DIRECTION('',(0.,0.,-1.));
#8869 = DIRECTION('',(1.,6.007171602108E-17,0.));
#8870 = ORIENTED_EDGE('',*,*,#8871,.T.);
#8871 = EDGE_CURVE('',#8863,#8872,#8874,.T.);
#8872 = VERTEX_POINT('',#8873);
#8873 = CARTESIAN_POINT('',(-8.251671323343,-9.602759263097,0.));
#8874 = LINE('',#8875,#8876);
#8875 = CARTESIAN_POINT('',(-8.251671323343,-4.862083923075,0.));
#8876 = VECTOR('',#8877,1.);
#8877 = DIRECTION('',(0.,-1.,0.));
#8878 = ORIENTED_EDGE('',*,*,#8879,.T.);
#8879 = EDGE_CURVE('',#8872,#8880,#8882,.T.);
#8880 = VERTEX_POINT('',#8881);
#8881 = CARTESIAN_POINT('',(-2.233399344377,-15.62103124206,0.));
#8882 = LINE('',#8883,#8884);
#8883 = CARTESIAN_POINT('',(-8.251671323343,-9.602759263097,0.));
#8884 = VECTOR('',#8885,1.);
#8885 = DIRECTION('',(0.707106781187,-0.707106781187,0.));
#8886 = ORIENTED_EDGE('',*,*,#8887,.T.);
#8887 = EDGE_CURVE('',#8880,#8717,#8888,.T.);
#8888 = LINE('',#8889,#8890);
#8889 = CARTESIAN_POINT('',(-2.233399344377,-15.62103124206,0.));
#8890 = VECTOR('',#8891,1.);
#8891 = DIRECTION('',(1.,0.,0.));
#8892 = FACE_BOUND('',#8893,.T.);
#8893 = EDGE_LOOP('',(#8894,#8905));
#8894 = ORIENTED_EDGE('',*,*,#8895,.T.);
#8895 = EDGE_CURVE('',#8896,#8898,#8900,.T.);
#8896 = VERTEX_POINT('',#8897);
#8897 = CARTESIAN_POINT('',(5.435511811024,-13.33502667005,0.));
#8898 = VERTEX_POINT('',#8899);
#8899 = CARTESIAN_POINT('',(5.740510541021,-13.33502667005,0.));
#8900 = CIRCLE('',#8901,0.152499364999);
#8901 = AXIS2_PLACEMENT_3D('',#8902,#8903,#8904);
#8902 = CARTESIAN_POINT('',(5.588011176022,-13.33502667005,0.));
#8903 = DIRECTION('',(0.,0.,1.));
#8904 = DIRECTION('',(-1.,-1.110223024625E-16,0.));
#8905 = ORIENTED_EDGE('',*,*,#8906,.T.);
#8906 = EDGE_CURVE('',#8898,#8896,#8907,.T.);
#8907 = CIRCLE('',#8908,0.152499364999);
#8908 = AXIS2_PLACEMENT_3D('',#8909,#8910,#8911);
#8909 = CARTESIAN_POINT('',(5.588011176022,-13.33502667005,0.));
#8910 = DIRECTION('',(0.,0.,1.));
#8911 = DIRECTION('',(1.,1.110223024625E-16,-0.));
#8912 = FACE_BOUND('',#8913,.T.);
#8913 = EDGE_LOOP('',(#8914,#8925));
#8914 = ORIENTED_EDGE('',*,*,#8915,.T.);
#8915 = EDGE_CURVE('',#8916,#8918,#8920,.T.);
#8916 = VERTEX_POINT('',#8917);
#8917 = CARTESIAN_POINT('',(-8.778646177292,-3.973347726695,0.));
#8918 = VERTEX_POINT('',#8919);
#8919 = CARTESIAN_POINT('',(-7.978646177292,-3.973347726695,0.));
#8920 = CIRCLE('',#8921,0.4);
#8921 = AXIS2_PLACEMENT_3D('',#8922,#8923,#8924);
#8922 = CARTESIAN_POINT('',(-8.378646177292,-3.973347726695,0.));
#8923 = DIRECTION('',(0.,0.,1.));
#8924 = DIRECTION('',(-1.,-1.110223024625E-16,0.));
#8925 = ORIENTED_EDGE('',*,*,#8926,.T.);
#8926 = EDGE_CURVE('',#8918,#8916,#8927,.T.);
#8927 = CIRCLE('',#8928,0.4);
#8928 = AXIS2_PLACEMENT_3D('',#8929,#8930,#8931);
#8929 = CARTESIAN_POINT('',(-8.378646177292,-3.973347726695,0.));
#8930 = DIRECTION('',(0.,0.,1.));
#8931 = DIRECTION('',(1.,1.110223024625E-16,-0.));
#8932 = PLANE('',#8933);
#8933 = AXIS2_PLACEMENT_3D('',#8934,#8935,#8936);
#8934 = CARTESIAN_POINT('',(-3.544711425611,-11.42919966433,0.));
#8935 = DIRECTION('',(-0.,-0.,-1.));
#8936 = DIRECTION('',(-1.,0.,0.));
#8937 = SHELL_BASED_SURFACE_MODEL('',(#8938));
#8938 = OPEN_SHELL('',(#8939));
#8939 = ADVANCED_FACE('',(#8940,#8960),#8980,.T.);
#8940 = FACE_BOUND('',#8941,.T.);
#8941 = EDGE_LOOP('',(#8942,#8953));
#8942 = ORIENTED_EDGE('',*,*,#8943,.T.);
#8943 = EDGE_CURVE('',#8944,#8946,#8948,.T.);
#8944 = VERTEX_POINT('',#8945);
#8945 = CARTESIAN_POINT('',(-6.49301498603,-20.32004064008,0.));
#8946 = VERTEX_POINT('',#8947);
#8947 = CARTESIAN_POINT('',(-8.49301498603,-20.32004064008,0.));
#8948 = CIRCLE('',#8949,1.);
#8949 = AXIS2_PLACEMENT_3D('',#8950,#8951,#8952);
#8950 = CARTESIAN_POINT('',(-7.49301498603,-20.32004064008,0.));
#8951 = DIRECTION('',(-0.,0.,-1.));
#8952 = DIRECTION('',(1.,-1.110223024625E-16,-0.));
#8953 = ORIENTED_EDGE('',*,*,#8954,.T.);
#8954 = EDGE_CURVE('',#8946,#8944,#8955,.T.);
#8955 = CIRCLE('',#8956,1.);
#8956 = AXIS2_PLACEMENT_3D('',#8957,#8958,#8959);
#8957 = CARTESIAN_POINT('',(-7.49301498603,-20.32004064008,0.));
#8958 = DIRECTION('',(0.,0.,-1.));
#8959 = DIRECTION('',(-1.,1.110223024625E-16,0.));
#8960 = FACE_BOUND('',#8961,.T.);
#8961 = EDGE_LOOP('',(#8962,#8973));
#8962 = ORIENTED_EDGE('',*,*,#8963,.T.);
#8963 = EDGE_CURVE('',#8964,#8966,#8968,.T.);
#8964 = VERTEX_POINT('',#8965);
#8965 = CARTESIAN_POINT('',(-8.09301498603,-20.32004064008,0.));
#8966 = VERTEX_POINT('',#8967);
#8967 = CARTESIAN_POINT('',(-6.89301498603,-20.32004064008,0.));
#8968 = CIRCLE('',#8969,0.6);
#8969 = AXIS2_PLACEMENT_3D('',#8970,#8971,#8972);
#8970 = CARTESIAN_POINT('',(-7.49301498603,-20.32004064008,0.));
#8971 = DIRECTION('',(0.,0.,1.));
#8972 = DIRECTION('',(-1.,-1.110223024625E-16,0.));
#8973 = ORIENTED_EDGE('',*,*,#8974,.T.);
#8974 = EDGE_CURVE('',#8966,#8964,#8975,.T.);
#8975 = CIRCLE('',#8976,0.6);
#8976 = AXIS2_PLACEMENT_3D('',#8977,#8978,#8979);
#8977 = CARTESIAN_POINT('',(-7.49301498603,-20.32004064008,0.));
#8978 = DIRECTION('',(0.,0.,1.));
#8979 = DIRECTION('',(1.,1.110223024625E-16,-0.));
#8980 = PLANE('',#8981);
#8981 = AXIS2_PLACEMENT_3D('',#8982,#8983,#8984);
#8982 = CARTESIAN_POINT('',(-7.49301498603,-20.32004064008,0.));
#8983 = DIRECTION('',(-0.,-0.,-1.));
#8984 = DIRECTION('',(-1.,0.,0.));
#8985 = SHELL_BASED_SURFACE_MODEL('',(#8986));
#8986 = OPEN_SHELL('',(#8987));
#8987 = ADVANCED_FACE('',(#8988,#9210,#9230,#9250),#9270,.T.);
#8988 = FACE_BOUND('',#8989,.T.);
#8989 = EDGE_LOOP('',(#8990,#9001,#9009,#9018,#9027,#9035,#9044,#9052,
    #9061,#9069,#9078,#9086,#9095,#9103,#9112,#9120,#9129,#9137,#9146,
    #9154,#9162,#9170,#9178,#9187,#9195,#9204));
#8990 = ORIENTED_EDGE('',*,*,#8991,.T.);
#8991 = EDGE_CURVE('',#8992,#8994,#8996,.T.);
#8992 = VERTEX_POINT('',#8993);
#8993 = CARTESIAN_POINT('',(-6.558669037338,4.14668021336,0.));
#8994 = VERTEX_POINT('',#8995);
#8995 = CARTESIAN_POINT('',(-5.969011938024,4.854785942546,0.));
#8996 = CIRCLE('',#8997,0.720002540005);
#8997 = AXIS2_PLACEMENT_3D('',#8998,#8999,#9000);
#8998 = CARTESIAN_POINT('',(-5.838666497333,4.14668021336,0.));
#8999 = DIRECTION('',(0.,0.,-1.));
#9000 = DIRECTION('',(-1.,3.012093580683E-16,0.));
#9001 = ORIENTED_EDGE('',*,*,#9002,.T.);
#9002 = EDGE_CURVE('',#8994,#9003,#9005,.T.);
#9003 = VERTEX_POINT('',#9004);
#9004 = CARTESIAN_POINT('',(-5.969011938024,9.50171699731,0.));
#9005 = LINE('',#9006,#9007);
#9006 = CARTESIAN_POINT('',(-5.969011938024,4.854785942546,0.));
#9007 = VECTOR('',#9008,1.);
#9008 = DIRECTION('',(0.,1.,0.));
#9009 = ORIENTED_EDGE('',*,*,#9010,.T.);
#9010 = EDGE_CURVE('',#9003,#9011,#9013,.T.);
#9011 = VERTEX_POINT('',#9012);
#9012 = CARTESIAN_POINT('',(-5.842011684023,10.084020828042,0.));
#9013 = CIRCLE('',#9014,0.305001270003);
#9014 = AXIS2_PLACEMENT_3D('',#9015,#9016,#9017);
#9015 = CARTESIAN_POINT('',(-5.842011684023,9.779019558039,0.));
#9016 = DIRECTION('',(0.,0.,-1.));
#9017 = DIRECTION('',(-0.416392541577,-0.909184937908,-0.));
#9018 = ORIENTED_EDGE('',*,*,#9019,.T.);
#9019 = EDGE_CURVE('',#9011,#9020,#9022,.T.);
#9020 = VERTEX_POINT('',#9021);
#9021 = CARTESIAN_POINT('',(-5.715011430023,9.50171699731,0.));
#9022 = CIRCLE('',#9023,0.305001270003);
#9023 = AXIS2_PLACEMENT_3D('',#9024,#9025,#9026);
#9024 = CARTESIAN_POINT('',(-5.842011684023,9.779019558039,0.));
#9025 = DIRECTION('',(0.,0.,-1.));
#9026 = DIRECTION('',(-6.054146773014E-16,1.,0.));
#9027 = ORIENTED_EDGE('',*,*,#9028,.T.);
#9028 = EDGE_CURVE('',#9020,#9029,#9031,.T.);
#9029 = VERTEX_POINT('',#9030);
#9030 = CARTESIAN_POINT('',(-5.715011430023,4.855984860139,0.));
#9031 = LINE('',#9032,#9033);
#9032 = CARTESIAN_POINT('',(-5.715011430023,9.50171699731,0.));
#9033 = VECTOR('',#9034,1.);
#9034 = DIRECTION('',(0.,-1.,0.));
#9035 = ORIENTED_EDGE('',*,*,#9036,.T.);
#9036 = EDGE_CURVE('',#9029,#9037,#9039,.T.);
#9037 = VERTEX_POINT('',#9038);
#9038 = CARTESIAN_POINT('',(-5.329351867366,4.655602864964,0.));
#9039 = CIRCLE('',#9040,0.720002540005);
#9040 = AXIS2_PLACEMENT_3D('',#9041,#9042,#9043);
#9041 = CARTESIAN_POINT('',(-5.838666497333,4.14668021336,0.));
#9042 = DIRECTION('',(0.,0.,-1.));
#9043 = DIRECTION('',(0.171742543171,0.98514186738,0.));
#9044 = ORIENTED_EDGE('',*,*,#9045,.T.);
#9045 = EDGE_CURVE('',#9037,#9046,#9048,.T.);
#9046 = VERTEX_POINT('',#9047);
#9047 = CARTESIAN_POINT('',(-3.79913979949,6.185814932841,0.));
#9048 = LINE('',#9049,#9050);
#9049 = CARTESIAN_POINT('',(-5.329351867366,4.655602864964,0.));
#9050 = VECTOR('',#9051,1.);
#9051 = DIRECTION('',(0.707106781187,0.707106781187,0.));
#9052 = ORIENTED_EDGE('',*,*,#9053,.T.);
#9053 = EDGE_CURVE('',#9046,#9054,#9056,.T.);
#9054 = VERTEX_POINT('',#9055);
#9055 = CARTESIAN_POINT('',(-3.709337058674,6.223012446025,0.));
#9056 = CIRCLE('',#9057,0.127000254001);
#9057 = AXIS2_PLACEMENT_3D('',#9058,#9059,#9060);
#9058 = CARTESIAN_POINT('',(-3.709337058674,6.096012192024,0.));
#9059 = DIRECTION('',(0.,0.,-1.));
#9060 = DIRECTION('',(-0.707106781187,0.707106781187,0.));
#9061 = ORIENTED_EDGE('',*,*,#9062,.T.);
#9062 = EDGE_CURVE('',#9054,#9063,#9065,.T.);
#9063 = VERTEX_POINT('',#9064);
#9064 = CARTESIAN_POINT('',(-1.778003556007,6.223012446025,0.));
#9065 = LINE('',#9066,#9067);
#9066 = CARTESIAN_POINT('',(-3.709337058674,6.223012446025,0.));
#9067 = VECTOR('',#9068,1.);
#9068 = DIRECTION('',(1.,0.,0.));
#9069 = ORIENTED_EDGE('',*,*,#9070,.T.);
#9070 = EDGE_CURVE('',#9063,#9071,#9073,.T.);
#9071 = VERTEX_POINT('',#9072);
#9072 = CARTESIAN_POINT('',(-1.688200815191,6.185814932841,0.));
#9073 = CIRCLE('',#9074,0.127000254001);
#9074 = AXIS2_PLACEMENT_3D('',#9075,#9076,#9077);
#9075 = CARTESIAN_POINT('',(-1.778003556007,6.096012192024,0.));
#9076 = DIRECTION('',(0.,0.,-1.));
#9077 = DIRECTION('',(8.566378261274E-16,1.,0.));
#9078 = ORIENTED_EDGE('',*,*,#9079,.T.);
#9079 = EDGE_CURVE('',#9071,#9080,#9082,.T.);
#9080 = VERTEX_POINT('',#9081);
#9081 = CARTESIAN_POINT('',(-0.668853596497,5.166467714146,0.));
#9082 = LINE('',#9083,#9084);
#9083 = CARTESIAN_POINT('',(-1.688200815191,6.185814932841,0.));
#9084 = VECTOR('',#9085,1.);
#9085 = DIRECTION('',(0.707106781187,-0.707106781187,0.));
#9086 = ORIENTED_EDGE('',*,*,#9087,.T.);
#9087 = EDGE_CURVE('',#9080,#9088,#9090,.T.);
#9088 = VERTEX_POINT('',#9089);
#9089 = CARTESIAN_POINT('',(-0.631656083312,5.07666497333,0.));
#9090 = CIRCLE('',#9091,0.127000254001);
#9091 = AXIS2_PLACEMENT_3D('',#9092,#9093,#9094);
#9092 = CARTESIAN_POINT('',(-0.758656337313,5.07666497333,0.));
#9093 = DIRECTION('',(0.,0.,-1.));
#9094 = DIRECTION('',(0.707106781187,0.707106781187,0.));
#9095 = ORIENTED_EDGE('',*,*,#9096,.T.);
#9096 = EDGE_CURVE('',#9088,#9097,#9099,.T.);
#9097 = VERTEX_POINT('',#9098);
#9098 = CARTESIAN_POINT('',(-0.631656083312,4.855393549694,0.));
#9099 = LINE('',#9100,#9101);
#9100 = CARTESIAN_POINT('',(-0.631656083312,5.07666497333,0.));
#9101 = VECTOR('',#9102,1.);
#9102 = DIRECTION('',(0.,-1.,0.));
#9103 = ORIENTED_EDGE('',*,*,#9104,.T.);
#9104 = EDGE_CURVE('',#9097,#9105,#9107,.T.);
#9105 = VERTEX_POINT('',#9106);
#9106 = CARTESIAN_POINT('',(-3.865379730759E-02,4.14668021336,0.));
#9107 = CIRCLE('',#9108,0.720002540005);
#9108 = AXIS2_PLACEMENT_3D('',#9109,#9110,#9111);
#9109 = CARTESIAN_POINT('',(-0.758656337313,4.14668021336,0.));
#9110 = DIRECTION('',(0.,0.,-1.));
#9111 = DIRECTION('',(0.176388619406,0.98432060577,0.));
#9112 = ORIENTED_EDGE('',*,*,#9113,.T.);
#9113 = EDGE_CURVE('',#9105,#9114,#9116,.T.);
#9114 = VERTEX_POINT('',#9115);
#9115 = CARTESIAN_POINT('',(-3.865379730759E-02,3.786685293371,0.));
#9116 = LINE('',#9117,#9118);
#9117 = CARTESIAN_POINT('',(-3.865379730759E-02,4.14668021336,0.));
#9118 = VECTOR('',#9119,1.);
#9119 = DIRECTION('',(0.,-1.,0.));
#9120 = ORIENTED_EDGE('',*,*,#9121,.T.);
#9121 = EDGE_CURVE('',#9114,#9122,#9124,.T.);
#9122 = VERTEX_POINT('',#9123);
#9123 = CARTESIAN_POINT('',(-1.478658877318,3.786685293371,0.));
#9124 = CIRCLE('',#9125,0.720002540005);
#9125 = AXIS2_PLACEMENT_3D('',#9126,#9127,#9128);
#9126 = CARTESIAN_POINT('',(-0.758656337313,3.786685293371,0.));
#9127 = DIRECTION('',(-0.,0.,-1.));
#9128 = DIRECTION('',(1.,-1.110223024625E-16,-0.));
#9129 = ORIENTED_EDGE('',*,*,#9130,.T.);
#9130 = EDGE_CURVE('',#9122,#9131,#9133,.T.);
#9131 = VERTEX_POINT('',#9132);
#9132 = CARTESIAN_POINT('',(-1.478658877318,4.14668021336,0.));
#9133 = LINE('',#9134,#9135);
#9134 = CARTESIAN_POINT('',(-1.478658877318,3.786685293371,0.));
#9135 = VECTOR('',#9136,1.);
#9136 = DIRECTION('',(6.167992729767E-16,1.,0.));
#9137 = ORIENTED_EDGE('',*,*,#9138,.T.);
#9138 = EDGE_CURVE('',#9131,#9139,#9141,.T.);
#9139 = VERTEX_POINT('',#9140);
#9140 = CARTESIAN_POINT('',(-0.885656591313,4.855393549694,0.));
#9141 = CIRCLE('',#9142,0.720002540005);
#9142 = AXIS2_PLACEMENT_3D('',#9143,#9144,#9145);
#9143 = CARTESIAN_POINT('',(-0.758656337313,4.14668021336,0.));
#9144 = DIRECTION('',(0.,0.,-1.));
#9145 = DIRECTION('',(-1.,4.805737281687E-16,0.));
#9146 = ORIENTED_EDGE('',*,*,#9147,.T.);
#9147 = EDGE_CURVE('',#9139,#9148,#9150,.T.);
#9148 = VERTEX_POINT('',#9149);
#9149 = CARTESIAN_POINT('',(-0.885656591313,5.024059745698,0.));
#9150 = LINE('',#9151,#9152);
#9151 = CARTESIAN_POINT('',(-0.885656591313,4.855393549694,0.));
#9152 = VECTOR('',#9153,1.);
#9153 = DIRECTION('',(6.582368316414E-16,1.,0.));
#9154 = ORIENTED_EDGE('',*,*,#9155,.T.);
#9155 = EDGE_CURVE('',#9148,#9156,#9158,.T.);
#9156 = VERTEX_POINT('',#9157);
#9157 = CARTESIAN_POINT('',(-1.830608783639,5.969011938024,0.));
#9158 = LINE('',#9159,#9160);
#9159 = CARTESIAN_POINT('',(-0.885656591313,5.024059745698,0.));
#9160 = VECTOR('',#9161,1.);
#9161 = DIRECTION('',(-0.707106781187,0.707106781187,0.));
#9162 = ORIENTED_EDGE('',*,*,#9163,.T.);
#9163 = EDGE_CURVE('',#9156,#9164,#9166,.T.);
#9164 = VERTEX_POINT('',#9165);
#9165 = CARTESIAN_POINT('',(-3.656731831042,5.969011938024,0.));
#9166 = LINE('',#9167,#9168);
#9167 = CARTESIAN_POINT('',(-1.830608783639,5.969011938024,0.));
#9168 = VECTOR('',#9169,1.);
#9169 = DIRECTION('',(-1.,0.,0.));
#9170 = ORIENTED_EDGE('',*,*,#9171,.T.);
#9171 = EDGE_CURVE('',#9164,#9172,#9174,.T.);
#9172 = VERTEX_POINT('',#9173);
#9173 = CARTESIAN_POINT('',(-5.182552881073,4.443190887994,0.));
#9174 = LINE('',#9175,#9176);
#9175 = CARTESIAN_POINT('',(-3.656731831042,5.969011938024,0.));
#9176 = VECTOR('',#9177,1.);
#9177 = DIRECTION('',(-0.707106781187,-0.707106781187,0.));
#9178 = ORIENTED_EDGE('',*,*,#9179,.T.);
#9179 = EDGE_CURVE('',#9172,#9180,#9182,.T.);
#9180 = VERTEX_POINT('',#9181);
#9181 = CARTESIAN_POINT('',(-5.118663957328,4.14668021336,0.));
#9182 = CIRCLE('',#9183,0.720002540005);
#9183 = AXIS2_PLACEMENT_3D('',#9184,#9185,#9186);
#9184 = CARTESIAN_POINT('',(-5.838666497333,4.14668021336,0.));
#9185 = DIRECTION('',(0.,0.,-1.));
#9186 = DIRECTION('',(0.911265696724,0.411818928626,0.));
#9187 = ORIENTED_EDGE('',*,*,#9188,.T.);
#9188 = EDGE_CURVE('',#9180,#9189,#9191,.T.);
#9189 = VERTEX_POINT('',#9190);
#9190 = CARTESIAN_POINT('',(-5.118663957328,3.786685293371,0.));
#9191 = LINE('',#9192,#9193);
#9192 = CARTESIAN_POINT('',(-5.118663957328,4.14668021336,0.));
#9193 = VECTOR('',#9194,1.);
#9194 = DIRECTION('',(2.467197091907E-15,-1.,0.));
#9195 = ORIENTED_EDGE('',*,*,#9196,.T.);
#9196 = EDGE_CURVE('',#9189,#9197,#9199,.T.);
#9197 = VERTEX_POINT('',#9198);
#9198 = CARTESIAN_POINT('',(-6.558669037338,3.786685293371,0.));
#9199 = CIRCLE('',#9200,0.720002540005);
#9200 = AXIS2_PLACEMENT_3D('',#9201,#9202,#9203);
#9201 = CARTESIAN_POINT('',(-5.838666497333,3.786685293371,0.));
#9202 = DIRECTION('',(-0.,0.,-1.));
#9203 = DIRECTION('',(1.,-1.110223024625E-16,-0.));
#9204 = ORIENTED_EDGE('',*,*,#9205,.T.);
#9205 = EDGE_CURVE('',#9197,#8992,#9206,.T.);
#9206 = LINE('',#9207,#9208);
#9207 = CARTESIAN_POINT('',(-6.558669037338,3.786685293371,0.));
#9208 = VECTOR('',#9209,1.);
#9209 = DIRECTION('',(0.,1.,0.));
#9210 = FACE_BOUND('',#9211,.T.);
#9211 = EDGE_LOOP('',(#9212,#9223));
#9212 = ORIENTED_EDGE('',*,*,#9213,.T.);
#9213 = EDGE_CURVE('',#9214,#9216,#9218,.T.);
#9214 = VERTEX_POINT('',#9215);
#9215 = CARTESIAN_POINT('',(-1.158656337313,3.966657353315,0.));
#9216 = VERTEX_POINT('',#9217);
#9217 = CARTESIAN_POINT('',(-0.358656337313,3.966657353315,0.));
#9218 = CIRCLE('',#9219,0.4);
#9219 = AXIS2_PLACEMENT_3D('',#9220,#9221,#9222);
#9220 = CARTESIAN_POINT('',(-0.758656337313,3.966657353315,0.));
#9221 = DIRECTION('',(0.,0.,1.));
#9222 = DIRECTION('',(-1.,-1.110223024625E-16,0.));
#9223 = ORIENTED_EDGE('',*,*,#9224,.T.);
#9224 = EDGE_CURVE('',#9216,#9214,#9225,.T.);
#9225 = CIRCLE('',#9226,0.4);
#9226 = AXIS2_PLACEMENT_3D('',#9227,#9228,#9229);
#9227 = CARTESIAN_POINT('',(-0.758656337313,3.966657353315,0.));
#9228 = DIRECTION('',(0.,0.,1.));
#9229 = DIRECTION('',(1.,1.110223024625E-16,-0.));
#9230 = FACE_BOUND('',#9231,.T.);
#9231 = EDGE_LOOP('',(#9232,#9243));
#9232 = ORIENTED_EDGE('',*,*,#9233,.T.);
#9233 = EDGE_CURVE('',#9234,#9236,#9238,.T.);
#9234 = VERTEX_POINT('',#9235);
#9235 = CARTESIAN_POINT('',(-6.238641097282,3.966657353315,0.));
#9236 = VERTEX_POINT('',#9237);
#9237 = CARTESIAN_POINT('',(-5.438641097282,3.966657353315,0.));
#9238 = CIRCLE('',#9239,0.4);
#9239 = AXIS2_PLACEMENT_3D('',#9240,#9241,#9242);
#9240 = CARTESIAN_POINT('',(-5.838641097282,3.966657353315,0.));
#9241 = DIRECTION('',(0.,0.,1.));
#9242 = DIRECTION('',(-1.,-1.110223024625E-16,0.));
#9243 = ORIENTED_EDGE('',*,*,#9244,.T.);
#9244 = EDGE_CURVE('',#9236,#9234,#9245,.T.);
#9245 = CIRCLE('',#9246,0.4);
#9246 = AXIS2_PLACEMENT_3D('',#9247,#9248,#9249);
#9247 = CARTESIAN_POINT('',(-5.838641097282,3.966657353315,0.));
#9248 = DIRECTION('',(0.,0.,1.));
#9249 = DIRECTION('',(1.,1.110223024625E-16,-0.));
#9250 = FACE_BOUND('',#9251,.T.);
#9251 = EDGE_LOOP('',(#9252,#9263));
#9252 = ORIENTED_EDGE('',*,*,#9253,.T.);
#9253 = EDGE_CURVE('',#9254,#9256,#9258,.T.);
#9254 = VERTEX_POINT('',#9255);
#9255 = CARTESIAN_POINT('',(-5.994511049022,9.779019558039,0.));
#9256 = VERTEX_POINT('',#9257);
#9257 = CARTESIAN_POINT('',(-5.689512319025,9.779019558039,0.));
#9258 = CIRCLE('',#9259,0.152499364999);
#9259 = AXIS2_PLACEMENT_3D('',#9260,#9261,#9262);
#9260 = CARTESIAN_POINT('',(-5.842011684023,9.779019558039,0.));
#9261 = DIRECTION('',(0.,0.,1.));
#9262 = DIRECTION('',(-1.,-1.110223024625E-16,0.));
#9263 = ORIENTED_EDGE('',*,*,#9264,.T.);
#9264 = EDGE_CURVE('',#9256,#9254,#9265,.T.);
#9265 = CIRCLE('',#9266,0.152499364999);
#9266 = AXIS2_PLACEMENT_3D('',#9267,#9268,#9269);
#9267 = CARTESIAN_POINT('',(-5.842011684023,9.779019558039,0.));
#9268 = DIRECTION('',(0.,0.,1.));
#9269 = DIRECTION('',(1.,1.110223024625E-16,-0.));
#9270 = PLANE('',#9271);
#9271 = AXIS2_PLACEMENT_3D('',#9272,#9273,#9274);
#9272 = CARTESIAN_POINT('',(-4.027068360893,5.788664770255,0.));
#9273 = DIRECTION('',(-0.,-0.,-1.));
#9274 = DIRECTION('',(-1.,0.,0.));
#9275 = SHELL_BASED_SURFACE_MODEL('',(#9276));
#9276 = OPEN_SHELL('',(#9277));
#9277 = ADVANCED_FACE('',(#9278,#9357,#9377),#9397,.T.);
#9278 = FACE_BOUND('',#9279,.T.);
#9279 = EDGE_LOOP('',(#9280,#9290,#9299,#9307,#9316,#9324,#9333,#9341,
    #9350));
#9280 = ORIENTED_EDGE('',*,*,#9281,.T.);
#9281 = EDGE_CURVE('',#9282,#9284,#9286,.T.);
#9282 = VERTEX_POINT('',#9283);
#9283 = CARTESIAN_POINT('',(-5.965666751334,-7.849205927975,0.));
#9284 = VERTEX_POINT('',#9285);
#9285 = CARTESIAN_POINT('',(-5.965666751334,-4.862083923075,0.));
#9286 = LINE('',#9287,#9288);
#9287 = CARTESIAN_POINT('',(-5.965666751334,-7.849205927975,0.));
#9288 = VECTOR('',#9289,1.);
#9289 = DIRECTION('',(0.,1.,0.));
#9290 = ORIENTED_EDGE('',*,*,#9291,.T.);
#9291 = EDGE_CURVE('',#9284,#9292,#9294,.T.);
#9292 = VERTEX_POINT('',#9293);
#9293 = CARTESIAN_POINT('',(-6.558669037338,-4.153370586741,0.));
#9294 = CIRCLE('',#9295,0.720002540005);
#9295 = AXIS2_PLACEMENT_3D('',#9296,#9297,#9298);
#9296 = CARTESIAN_POINT('',(-5.838666497333,-4.153370586741,0.));
#9297 = DIRECTION('',(0.,0.,-1.));
#9298 = DIRECTION('',(-0.176388619406,-0.98432060577,-0.));
#9299 = ORIENTED_EDGE('',*,*,#9300,.T.);
#9300 = EDGE_CURVE('',#9292,#9301,#9303,.T.);
#9301 = VERTEX_POINT('',#9302);
#9302 = CARTESIAN_POINT('',(-6.558669037338,-3.793375666751,0.));
#9303 = LINE('',#9304,#9305);
#9304 = CARTESIAN_POINT('',(-6.558669037338,-4.153370586741,0.));
#9305 = VECTOR('',#9306,1.);
#9306 = DIRECTION('',(0.,1.,0.));
#9307 = ORIENTED_EDGE('',*,*,#9308,.T.);
#9308 = EDGE_CURVE('',#9301,#9309,#9311,.T.);
#9309 = VERTEX_POINT('',#9310);
#9310 = CARTESIAN_POINT('',(-5.118663957328,-3.793375666751,0.));
#9311 = CIRCLE('',#9312,0.720002540005);
#9312 = AXIS2_PLACEMENT_3D('',#9313,#9314,#9315);
#9313 = CARTESIAN_POINT('',(-5.838666497333,-3.793375666751,0.));
#9314 = DIRECTION('',(0.,0.,-1.));
#9315 = DIRECTION('',(-1.,1.110223024625E-16,0.));
#9316 = ORIENTED_EDGE('',*,*,#9317,.T.);
#9317 = EDGE_CURVE('',#9309,#9318,#9320,.T.);
#9318 = VERTEX_POINT('',#9319);
#9319 = CARTESIAN_POINT('',(-5.118663957328,-4.153370586741,0.));
#9320 = LINE('',#9321,#9322);
#9321 = CARTESIAN_POINT('',(-5.118663957328,-3.793375666751,0.));
#9322 = VECTOR('',#9323,1.);
#9323 = DIRECTION('',(2.467197091907E-15,-1.,0.));
#9324 = ORIENTED_EDGE('',*,*,#9325,.T.);
#9325 = EDGE_CURVE('',#9318,#9326,#9328,.T.);
#9326 = VERTEX_POINT('',#9327);
#9327 = CARTESIAN_POINT('',(-5.711666243332,-4.862083923075,0.));
#9328 = CIRCLE('',#9329,0.720002540005);
#9329 = AXIS2_PLACEMENT_3D('',#9330,#9331,#9332);
#9330 = CARTESIAN_POINT('',(-5.838666497333,-4.153370586741,0.));
#9331 = DIRECTION('',(0.,0.,-1.));
#9332 = DIRECTION('',(1.,-1.922294912675E-15,0.));
#9333 = ORIENTED_EDGE('',*,*,#9334,.T.);
#9334 = EDGE_CURVE('',#9326,#9335,#9337,.T.);
#9335 = VERTEX_POINT('',#9336);
#9336 = CARTESIAN_POINT('',(-5.711666243332,-7.85227028454,0.));
#9337 = LINE('',#9338,#9339);
#9338 = CARTESIAN_POINT('',(-5.711666243332,-4.862083923075,0.));
#9339 = VECTOR('',#9340,1.);
#9340 = DIRECTION('',(2.970311252657E-16,-1.,0.));
#9341 = ORIENTED_EDGE('',*,*,#9342,.T.);
#9342 = EDGE_CURVE('',#9335,#9343,#9345,.T.);
#9343 = VERTEX_POINT('',#9344);
#9344 = CARTESIAN_POINT('',(-5.845691064988,-8.432995332133,0.));
#9345 = CIRCLE('',#9346,0.305001270003);
#9346 = AXIS2_PLACEMENT_3D('',#9347,#9348,#9349);
#9347 = CARTESIAN_POINT('',(-5.842011684023,-8.128016256033,0.));
#9348 = DIRECTION('',(0.,0.,-1.));
#9349 = DIRECTION('',(0.427360321122,0.904081387891,0.));
#9350 = ORIENTED_EDGE('',*,*,#9351,.T.);
#9351 = EDGE_CURVE('',#9343,#9282,#9352,.T.);
#9352 = CIRCLE('',#9353,0.305001270003);
#9353 = AXIS2_PLACEMENT_3D('',#9354,#9355,#9356);
#9354 = CARTESIAN_POINT('',(-5.842011684023,-8.128016256033,0.));
#9355 = DIRECTION('',(0.,0.,-1.));
#9356 = DIRECTION('',(-1.20634939149E-02,-0.99992723341,-0.));
#9357 = FACE_BOUND('',#9358,.T.);
#9358 = EDGE_LOOP('',(#9359,#9370));
#9359 = ORIENTED_EDGE('',*,*,#9360,.T.);
#9360 = EDGE_CURVE('',#9361,#9363,#9365,.T.);
#9361 = VERTEX_POINT('',#9362);
#9362 = CARTESIAN_POINT('',(-5.994511049022,-8.128016256033,0.));
#9363 = VERTEX_POINT('',#9364);
#9364 = CARTESIAN_POINT('',(-5.689512319025,-8.128016256033,0.));
#9365 = CIRCLE('',#9366,0.152499364999);
#9366 = AXIS2_PLACEMENT_3D('',#9367,#9368,#9369);
#9367 = CARTESIAN_POINT('',(-5.842011684023,-8.128016256033,0.));
#9368 = DIRECTION('',(0.,0.,1.));
#9369 = DIRECTION('',(-1.,-1.110223024625E-16,0.));
#9370 = ORIENTED_EDGE('',*,*,#9371,.T.);
#9371 = EDGE_CURVE('',#9363,#9361,#9372,.T.);
#9372 = CIRCLE('',#9373,0.152499364999);
#9373 = AXIS2_PLACEMENT_3D('',#9374,#9375,#9376);
#9374 = CARTESIAN_POINT('',(-5.842011684023,-8.128016256033,0.));
#9375 = DIRECTION('',(0.,0.,1.));
#9376 = DIRECTION('',(1.,1.110223024625E-16,-0.));
#9377 = FACE_BOUND('',#9378,.T.);
#9378 = EDGE_LOOP('',(#9379,#9390));
#9379 = ORIENTED_EDGE('',*,*,#9380,.T.);
#9380 = EDGE_CURVE('',#9381,#9383,#9385,.T.);
#9381 = VERTEX_POINT('',#9382);
#9382 = CARTESIAN_POINT('',(-6.238641097282,-3.973347726695,0.));
#9383 = VERTEX_POINT('',#9384);
#9384 = CARTESIAN_POINT('',(-5.438641097282,-3.973347726695,0.));
#9385 = CIRCLE('',#9386,0.4);
#9386 = AXIS2_PLACEMENT_3D('',#9387,#9388,#9389);
#9387 = CARTESIAN_POINT('',(-5.838641097282,-3.973347726695,0.));
#9388 = DIRECTION('',(0.,0.,1.));
#9389 = DIRECTION('',(-1.,-1.110223024625E-16,0.));
#9390 = ORIENTED_EDGE('',*,*,#9391,.T.);
#9391 = EDGE_CURVE('',#9383,#9381,#9392,.T.);
#9392 = CIRCLE('',#9393,0.4);
#9393 = AXIS2_PLACEMENT_3D('',#9394,#9395,#9396);
#9394 = CARTESIAN_POINT('',(-5.838641097282,-3.973347726695,0.));
#9395 = DIRECTION('',(0.,0.,1.));
#9396 = DIRECTION('',(1.,1.110223024625E-16,-0.));
#9397 = PLANE('',#9398);
#9398 = AXIS2_PLACEMENT_3D('',#9399,#9400,#9401);
#9399 = CARTESIAN_POINT('',(-5.839132505362,-5.649429984963,0.));
#9400 = DIRECTION('',(-0.,-0.,-1.));
#9401 = DIRECTION('',(-1.,0.,0.));
#9402 = SHELL_BASED_SURFACE_MODEL('',(#9403));
#9403 = OPEN_SHELL('',(#9404));
#9404 = ADVANCED_FACE('',(#9405,#9441),#9461,.T.);
#9405 = FACE_BOUND('',#9406,.T.);
#9406 = EDGE_LOOP('',(#9407,#9418,#9426,#9435));
#9407 = ORIENTED_EDGE('',*,*,#9408,.T.);
#9408 = EDGE_CURVE('',#9409,#9411,#9413,.T.);
#9409 = VERTEX_POINT('',#9410);
#9410 = CARTESIAN_POINT('',(-4.018663957328,4.14668021336,0.));
#9411 = VERTEX_POINT('',#9412);
#9412 = CARTESIAN_POINT('',(-2.578658877318,4.14668021336,0.));
#9413 = CIRCLE('',#9414,0.720002540005);
#9414 = AXIS2_PLACEMENT_3D('',#9415,#9416,#9417);
#9415 = CARTESIAN_POINT('',(-3.298661417323,4.14668021336,0.));
#9416 = DIRECTION('',(0.,0.,-1.));
#9417 = DIRECTION('',(-1.,1.110223024625E-16,0.));
#9418 = ORIENTED_EDGE('',*,*,#9419,.T.);
#9419 = EDGE_CURVE('',#9411,#9420,#9422,.T.);
#9420 = VERTEX_POINT('',#9421);
#9421 = CARTESIAN_POINT('',(-2.578658877318,3.786685293371,0.));
#9422 = LINE('',#9423,#9424);
#9423 = CARTESIAN_POINT('',(-2.578658877318,4.14668021336,0.));
#9424 = VECTOR('',#9425,1.);
#9425 = DIRECTION('',(0.,-1.,0.));
#9426 = ORIENTED_EDGE('',*,*,#9427,.T.);
#9427 = EDGE_CURVE('',#9420,#9428,#9430,.T.);
#9428 = VERTEX_POINT('',#9429);
#9429 = CARTESIAN_POINT('',(-4.018663957328,3.786685293371,0.));
#9430 = CIRCLE('',#9431,0.720002540005);
#9431 = AXIS2_PLACEMENT_3D('',#9432,#9433,#9434);
#9432 = CARTESIAN_POINT('',(-3.298661417323,3.786685293371,0.));
#9433 = DIRECTION('',(-0.,0.,-1.));
#9434 = DIRECTION('',(1.,-1.110223024625E-16,-0.));
#9435 = ORIENTED_EDGE('',*,*,#9436,.T.);
#9436 = EDGE_CURVE('',#9428,#9409,#9437,.T.);
#9437 = LINE('',#9438,#9439);
#9438 = CARTESIAN_POINT('',(-4.018663957328,3.786685293371,0.));
#9439 = VECTOR('',#9440,1.);
#9440 = DIRECTION('',(0.,1.,0.));
#9441 = FACE_BOUND('',#9442,.T.);
#9442 = EDGE_LOOP('',(#9443,#9454));
#9443 = ORIENTED_EDGE('',*,*,#9444,.T.);
#9444 = EDGE_CURVE('',#9445,#9447,#9449,.T.);
#9445 = VERTEX_POINT('',#9446);
#9446 = CARTESIAN_POINT('',(-3.698661417323,3.966657353315,0.));
#9447 = VERTEX_POINT('',#9448);
#9448 = CARTESIAN_POINT('',(-2.898661417323,3.966657353315,0.));
#9449 = CIRCLE('',#9450,0.4);
#9450 = AXIS2_PLACEMENT_3D('',#9451,#9452,#9453);
#9451 = CARTESIAN_POINT('',(-3.298661417323,3.966657353315,0.));
#9452 = DIRECTION('',(0.,0.,1.));
#9453 = DIRECTION('',(-1.,-1.110223024625E-16,0.));
#9454 = ORIENTED_EDGE('',*,*,#9455,.T.);
#9455 = EDGE_CURVE('',#9447,#9445,#9456,.T.);
#9456 = CIRCLE('',#9457,0.4);
#9457 = AXIS2_PLACEMENT_3D('',#9458,#9459,#9460);
#9458 = CARTESIAN_POINT('',(-3.298661417323,3.966657353315,0.));
#9459 = DIRECTION('',(0.,0.,1.));
#9460 = DIRECTION('',(1.,1.110223024625E-16,-0.));
#9461 = PLANE('',#9462);
#9462 = AXIS2_PLACEMENT_3D('',#9463,#9464,#9465);
#9463 = CARTESIAN_POINT('',(-3.298661417323,3.966682753366,0.));
#9464 = DIRECTION('',(-0.,-0.,-1.));
#9465 = DIRECTION('',(-1.,0.,0.));
#9466 = SHELL_BASED_SURFACE_MODEL('',(#9467));
#9467 = OPEN_SHELL('',(#9468));
#9468 = ADVANCED_FACE('',(#9469,#9505),#9525,.T.);
#9469 = FACE_BOUND('',#9470,.T.);
#9470 = EDGE_LOOP('',(#9471,#9482,#9490,#9499));
#9471 = ORIENTED_EDGE('',*,*,#9472,.T.);
#9472 = EDGE_CURVE('',#9473,#9475,#9477,.T.);
#9473 = VERTEX_POINT('',#9474);
#9474 = CARTESIAN_POINT('',(-4.018663957328,-3.793375666751,0.));
#9475 = VERTEX_POINT('',#9476);
#9476 = CARTESIAN_POINT('',(-2.578658877318,-3.793375666751,0.));
#9477 = CIRCLE('',#9478,0.720002540005);
#9478 = AXIS2_PLACEMENT_3D('',#9479,#9480,#9481);
#9479 = CARTESIAN_POINT('',(-3.298661417323,-3.793375666751,0.));
#9480 = DIRECTION('',(0.,0.,-1.));
#9481 = DIRECTION('',(-1.,1.110223024625E-16,0.));
#9482 = ORIENTED_EDGE('',*,*,#9483,.T.);
#9483 = EDGE_CURVE('',#9475,#9484,#9486,.T.);
#9484 = VERTEX_POINT('',#9485);
#9485 = CARTESIAN_POINT('',(-2.578658877318,-4.153370586741,0.));
#9486 = LINE('',#9487,#9488);
#9487 = CARTESIAN_POINT('',(-2.578658877318,-3.793375666751,0.));
#9488 = VECTOR('',#9489,1.);
#9489 = DIRECTION('',(0.,-1.,0.));
#9490 = ORIENTED_EDGE('',*,*,#9491,.T.);
#9491 = EDGE_CURVE('',#9484,#9492,#9494,.T.);
#9492 = VERTEX_POINT('',#9493);
#9493 = CARTESIAN_POINT('',(-4.018663957328,-4.153370586741,0.));
#9494 = CIRCLE('',#9495,0.720002540005);
#9495 = AXIS2_PLACEMENT_3D('',#9496,#9497,#9498);
#9496 = CARTESIAN_POINT('',(-3.298661417323,-4.153370586741,0.));
#9497 = DIRECTION('',(-0.,0.,-1.));
#9498 = DIRECTION('',(1.,-1.110223024625E-16,-0.));
#9499 = ORIENTED_EDGE('',*,*,#9500,.T.);
#9500 = EDGE_CURVE('',#9492,#9473,#9501,.T.);
#9501 = LINE('',#9502,#9503);
#9502 = CARTESIAN_POINT('',(-4.018663957328,-4.153370586741,0.));
#9503 = VECTOR('',#9504,1.);
#9504 = DIRECTION('',(0.,1.,0.));
#9505 = FACE_BOUND('',#9506,.T.);
#9506 = EDGE_LOOP('',(#9507,#9518));
#9507 = ORIENTED_EDGE('',*,*,#9508,.T.);
#9508 = EDGE_CURVE('',#9509,#9511,#9513,.T.);
#9509 = VERTEX_POINT('',#9510);
#9510 = CARTESIAN_POINT('',(-3.698661417323,-3.973347726695,0.));
#9511 = VERTEX_POINT('',#9512);
#9512 = CARTESIAN_POINT('',(-2.898661417323,-3.973347726695,0.));
#9513 = CIRCLE('',#9514,0.4);
#9514 = AXIS2_PLACEMENT_3D('',#9515,#9516,#9517);
#9515 = CARTESIAN_POINT('',(-3.298661417323,-3.973347726695,0.));
#9516 = DIRECTION('',(0.,0.,1.));
#9517 = DIRECTION('',(-1.,-1.110223024625E-16,0.));
#9518 = ORIENTED_EDGE('',*,*,#9519,.T.);
#9519 = EDGE_CURVE('',#9511,#9509,#9520,.T.);
#9520 = CIRCLE('',#9521,0.4);
#9521 = AXIS2_PLACEMENT_3D('',#9522,#9523,#9524);
#9522 = CARTESIAN_POINT('',(-3.298661417323,-3.973347726695,0.));
#9523 = DIRECTION('',(0.,0.,1.));
#9524 = DIRECTION('',(1.,1.110223024625E-16,-0.));
#9525 = PLANE('',#9526);
#9526 = AXIS2_PLACEMENT_3D('',#9527,#9528,#9529);
#9527 = CARTESIAN_POINT('',(-3.298661417323,-3.973373126746,0.));
#9528 = DIRECTION('',(-0.,-0.,-1.));
#9529 = DIRECTION('',(-1.,0.,0.));
#9530 = SHELL_BASED_SURFACE_MODEL('',(#9531));
#9531 = OPEN_SHELL('',(#9532));
#9532 = ADVANCED_FACE('',(#9533,#9662,#9682),#9702,.T.);
#9533 = FACE_BOUND('',#9534,.T.);
#9534 = EDGE_LOOP('',(#9535,#9545,#9553,#9562,#9570,#9579,#9587,#9596,
    #9604,#9613,#9621,#9629,#9638,#9646,#9655));
#9535 = ORIENTED_EDGE('',*,*,#9536,.T.);
#9536 = EDGE_CURVE('',#9537,#9539,#9541,.T.);
#9537 = VERTEX_POINT('',#9538);
#9538 = CARTESIAN_POINT('',(-3.016121342065,9.672739777723,0.));
#9539 = VERTEX_POINT('',#9540);
#9540 = CARTESIAN_POINT('',(-0.201395280369,6.858013716027,0.));
#9541 = LINE('',#9542,#9543);
#9542 = CARTESIAN_POINT('',(-3.016121342065,9.672739777723,0.));
#9543 = VECTOR('',#9544,1.);
#9544 = DIRECTION('',(0.707106781187,-0.707106781187,0.));
#9545 = ORIENTED_EDGE('',*,*,#9546,.T.);
#9546 = EDGE_CURVE('',#9539,#9547,#9549,.T.);
#9547 = VERTEX_POINT('',#9548);
#9548 = CARTESIAN_POINT('',(6.985013970028,6.858013716027,0.));
#9549 = LINE('',#9550,#9551);
#9550 = CARTESIAN_POINT('',(-0.201395280369,6.858013716027,0.));
#9551 = VECTOR('',#9552,1.);
#9552 = DIRECTION('',(1.,0.,0.));
#9553 = ORIENTED_EDGE('',*,*,#9554,.T.);
#9554 = EDGE_CURVE('',#9547,#9555,#9557,.T.);
#9555 = VERTEX_POINT('',#9556);
#9556 = CARTESIAN_POINT('',(7.074816710844,6.820816202843,0.));
#9557 = CIRCLE('',#9558,0.127000254001);
#9558 = AXIS2_PLACEMENT_3D('',#9559,#9560,#9561);
#9559 = CARTESIAN_POINT('',(6.985013970028,6.731013462027,0.));
#9560 = DIRECTION('',(0.,0.,-1.));
#9561 = DIRECTION('',(-7.566967464125E-15,1.,0.));
#9562 = ORIENTED_EDGE('',*,*,#9563,.T.);
#9563 = EDGE_CURVE('',#9555,#9564,#9566,.T.);
#9564 = VERTEX_POINT('',#9565);
#9565 = CARTESIAN_POINT('',(9.096621666176,4.799011247511,0.));
#9566 = LINE('',#9567,#9568);
#9567 = CARTESIAN_POINT('',(7.074816710844,6.820816202843,0.));
#9568 = VECTOR('',#9569,1.);
#9569 = DIRECTION('',(0.707106781187,-0.707106781187,0.));
#9570 = ORIENTED_EDGE('',*,*,#9571,.T.);
#9571 = EDGE_CURVE('',#9564,#9572,#9574,.T.);
#9572 = VERTEX_POINT('',#9573);
#9573 = CARTESIAN_POINT('',(10.121366522733,4.14668021336,0.));
#9574 = CIRCLE('',#9575,0.720002540005);
#9575 = AXIS2_PLACEMENT_3D('',#9576,#9577,#9578);
#9576 = CARTESIAN_POINT('',(9.401363982728,4.14668021336,0.));
#9577 = DIRECTION('',(0.,0.,-1.));
#9578 = DIRECTION('',(-0.423251724292,0.906012128994,0.));
#9579 = ORIENTED_EDGE('',*,*,#9580,.T.);
#9580 = EDGE_CURVE('',#9572,#9581,#9583,.T.);
#9581 = VERTEX_POINT('',#9582);
#9582 = CARTESIAN_POINT('',(10.121366522733,3.786685293371,0.));
#9583 = LINE('',#9584,#9585);
#9584 = CARTESIAN_POINT('',(10.121366522733,4.14668021336,0.));
#9585 = VECTOR('',#9586,1.);
#9586 = DIRECTION('',(0.,-1.,0.));
#9587 = ORIENTED_EDGE('',*,*,#9588,.T.);
#9588 = EDGE_CURVE('',#9581,#9589,#9591,.T.);
#9589 = VERTEX_POINT('',#9590);
#9590 = CARTESIAN_POINT('',(8.681361442723,3.786685293371,0.));
#9591 = CIRCLE('',#9592,0.720002540005);
#9592 = AXIS2_PLACEMENT_3D('',#9593,#9594,#9595);
#9593 = CARTESIAN_POINT('',(9.401363982728,3.786685293371,0.));
#9594 = DIRECTION('',(-0.,0.,-1.));
#9595 = DIRECTION('',(1.,-1.110223024625E-16,-0.));
#9596 = ORIENTED_EDGE('',*,*,#9597,.T.);
#9597 = EDGE_CURVE('',#9589,#9598,#9600,.T.);
#9598 = VERTEX_POINT('',#9599);
#9599 = CARTESIAN_POINT('',(8.681361442723,4.14668021336,0.));
#9600 = LINE('',#9601,#9602);
#9601 = CARTESIAN_POINT('',(8.681361442723,3.786685293371,0.));
#9602 = VECTOR('',#9603,1.);
#9603 = DIRECTION('',(0.,1.,0.));
#9604 = ORIENTED_EDGE('',*,*,#9605,.T.);
#9605 = EDGE_CURVE('',#9598,#9606,#9608,.T.);
#9606 = VERTEX_POINT('',#9607);
#9607 = CARTESIAN_POINT('',(8.886467346785,4.649954603637,0.));
#9608 = CIRCLE('',#9609,0.720002540005);
#9609 = AXIS2_PLACEMENT_3D('',#9610,#9611,#9612);
#9610 = CARTESIAN_POINT('',(9.401363982728,4.14668021336,0.));
#9611 = DIRECTION('',(0.,0.,-1.));
#9612 = DIRECTION('',(-1.,-7.150018757063E-16,-0.));
#9613 = ORIENTED_EDGE('',*,*,#9614,.T.);
#9614 = EDGE_CURVE('',#9606,#9615,#9617,.T.);
#9615 = VERTEX_POINT('',#9616);
#9616 = CARTESIAN_POINT('',(6.932408742396,6.604013208026,0.));
#9617 = LINE('',#9618,#9619);
#9618 = CARTESIAN_POINT('',(8.886467346785,4.649954603637,0.));
#9619 = VECTOR('',#9620,1.);
#9620 = DIRECTION('',(-0.707106781187,0.707106781187,0.));
#9621 = ORIENTED_EDGE('',*,*,#9622,.T.);
#9622 = EDGE_CURVE('',#9615,#9623,#9625,.T.);
#9623 = VERTEX_POINT('',#9624);
#9624 = CARTESIAN_POINT('',(-0.254000508001,6.604013208026,0.));
#9625 = LINE('',#9626,#9627);
#9626 = CARTESIAN_POINT('',(6.932408742396,6.604013208026,0.));
#9627 = VECTOR('',#9628,1.);
#9628 = DIRECTION('',(-1.,0.,0.));
#9629 = ORIENTED_EDGE('',*,*,#9630,.T.);
#9630 = EDGE_CURVE('',#9623,#9631,#9633,.T.);
#9631 = VERTEX_POINT('',#9632);
#9632 = CARTESIAN_POINT('',(-0.343803248817,6.641210721211,0.));
#9633 = CIRCLE('',#9634,0.127000254001);
#9634 = AXIS2_PLACEMENT_3D('',#9635,#9636,#9637);
#9635 = CARTESIAN_POINT('',(-0.254000508001,6.731013462027,0.));
#9636 = DIRECTION('',(0.,0.,-1.));
#9637 = DIRECTION('',(-5.78230532636E-15,-1.,-0.));
#9638 = ORIENTED_EDGE('',*,*,#9639,.T.);
#9639 = EDGE_CURVE('',#9631,#9640,#9642,.T.);
#9640 = VERTEX_POINT('',#9641);
#9641 = CARTESIAN_POINT('',(-3.195726823697,9.493134296091,0.));
#9642 = LINE('',#9643,#9644);
#9643 = CARTESIAN_POINT('',(-0.343803248817,6.641210721211,0.));
#9644 = VECTOR('',#9645,1.);
#9645 = DIRECTION('',(-0.707106781187,0.707106781187,0.));
#9646 = ORIENTED_EDGE('',*,*,#9647,.T.);
#9647 = EDGE_CURVE('',#9640,#9648,#9650,.T.);
#9648 = VERTEX_POINT('',#9649);
#9649 = CARTESIAN_POINT('',(-3.517675070303,9.994688024328,0.));
#9650 = CIRCLE('',#9651,0.305001270003);
#9651 = AXIS2_PLACEMENT_3D('',#9652,#9653,#9654);
#9652 = CARTESIAN_POINT('',(-3.302006604013,9.779019558039,0.));
#9653 = DIRECTION('',(-0.,0.,-1.));
#9654 = DIRECTION('',(0.348456845163,-0.937324824732,-0.));
#9655 = ORIENTED_EDGE('',*,*,#9656,.T.);
#9656 = EDGE_CURVE('',#9648,#9537,#9657,.T.);
#9657 = CIRCLE('',#9658,0.305001270003);
#9658 = AXIS2_PLACEMENT_3D('',#9659,#9660,#9661);
#9659 = CARTESIAN_POINT('',(-3.302006604013,9.779019558039,0.));
#9660 = DIRECTION('',(0.,0.,-1.));
#9661 = DIRECTION('',(-0.707106781187,0.707106781187,0.));
#9662 = FACE_BOUND('',#9663,.T.);
#9663 = EDGE_LOOP('',(#9664,#9675));
#9664 = ORIENTED_EDGE('',*,*,#9665,.T.);
#9665 = EDGE_CURVE('',#9666,#9668,#9670,.T.);
#9666 = VERTEX_POINT('',#9667);
#9667 = CARTESIAN_POINT('',(9.001338582677,3.966657353315,0.));
#9668 = VERTEX_POINT('',#9669);
#9669 = CARTESIAN_POINT('',(9.801338582677,3.966657353315,0.));
#9670 = CIRCLE('',#9671,0.4);
#9671 = AXIS2_PLACEMENT_3D('',#9672,#9673,#9674);
#9672 = CARTESIAN_POINT('',(9.401338582677,3.966657353315,0.));
#9673 = DIRECTION('',(0.,0.,1.));
#9674 = DIRECTION('',(-1.,-1.110223024625E-16,0.));
#9675 = ORIENTED_EDGE('',*,*,#9676,.T.);
#9676 = EDGE_CURVE('',#9668,#9666,#9677,.T.);
#9677 = CIRCLE('',#9678,0.4);
#9678 = AXIS2_PLACEMENT_3D('',#9679,#9680,#9681);
#9679 = CARTESIAN_POINT('',(9.401338582677,3.966657353315,0.));
#9680 = DIRECTION('',(0.,0.,1.));
#9681 = DIRECTION('',(1.,1.110223024625E-16,-0.));
#9682 = FACE_BOUND('',#9683,.T.);
#9683 = EDGE_LOOP('',(#9684,#9695));
#9684 = ORIENTED_EDGE('',*,*,#9685,.T.);
#9685 = EDGE_CURVE('',#9686,#9688,#9690,.T.);
#9686 = VERTEX_POINT('',#9687);
#9687 = CARTESIAN_POINT('',(-3.454505969012,9.779019558039,0.));
#9688 = VERTEX_POINT('',#9689);
#9689 = CARTESIAN_POINT('',(-3.149507239014,9.779019558039,0.));
#9690 = CIRCLE('',#9691,0.152499364999);
#9691 = AXIS2_PLACEMENT_3D('',#9692,#9693,#9694);
#9692 = CARTESIAN_POINT('',(-3.302006604013,9.779019558039,0.));
#9693 = DIRECTION('',(0.,0.,1.));
#9694 = DIRECTION('',(-1.,-1.110223024625E-16,0.));
#9695 = ORIENTED_EDGE('',*,*,#9696,.T.);
#9696 = EDGE_CURVE('',#9688,#9686,#9697,.T.);
#9697 = CIRCLE('',#9698,0.152499364999);
#9698 = AXIS2_PLACEMENT_3D('',#9699,#9700,#9701);
#9699 = CARTESIAN_POINT('',(-3.302006604013,9.779019558039,0.));
#9700 = DIRECTION('',(0.,0.,1.));
#9701 = DIRECTION('',(1.,1.110223024625E-16,-0.));
#9702 = PLANE('',#9703);
#9703 = AXIS2_PLACEMENT_3D('',#9704,#9705,#9706);
#9704 = CARTESIAN_POINT('',(3.487205147198,6.650999429852,0.));
#9705 = DIRECTION('',(-0.,-0.,-1.));
#9706 = DIRECTION('',(-1.,0.,0.));
#9707 = SHELL_BASED_SURFACE_MODEL('',(#9708));
#9708 = OPEN_SHELL('',(#9709));
#9709 = ADVANCED_FACE('',(#9710,#10364,#10384),#10404,.T.);
#9710 = FACE_BOUND('',#9711,.T.);
#9711 = EDGE_LOOP('',(#9712,#9722,#9730,#9739,#9747,#9756,#9764,#9773,
    #9781,#9789,#9798,#9806,#9815,#9823,#9831,#9839,#9848,#9856,#9864,
    #9873,#9881,#9890,#9898,#9906,#9914,#9922,#9930,#9938,#9947,#9955,
    #9963,#9971,#9980,#9988,#9997,#10005,#10014,#10023,#10031,#10039,
    #10047,#10056,#10064,#10073,#10081,#10089,#10098,#10106,#10115,
    #10123,#10132,#10140,#10149,#10157,#10166,#10174,#10182,#10190,
    #10199,#10207,#10215,#10224,#10232,#10241,#10249,#10257,#10265,
    #10274,#10282,#10290,#10298,#10306,#10315,#10323,#10332,#10340,
    #10349,#10357));
#9712 = ORIENTED_EDGE('',*,*,#9713,.T.);
#9713 = EDGE_CURVE('',#9714,#9716,#9718,.T.);
#9714 = VERTEX_POINT('',#9715);
#9715 = CARTESIAN_POINT('',(-0.249341707346,-3.284453015147,0.));
#9716 = VERTEX_POINT('',#9717);
#9717 = CARTESIAN_POINT('',(3.195349250699,0.160237942897,0.));
#9718 = LINE('',#9719,#9720);
#9719 = CARTESIAN_POINT('',(-0.249341707346,-3.284453015147,0.));
#9720 = VECTOR('',#9721,1.);
#9721 = DIRECTION('',(0.707106781187,0.707106781187,0.));
#9722 = ORIENTED_EDGE('',*,*,#9723,.T.);
#9723 = EDGE_CURVE('',#9716,#9724,#9726,.T.);
#9724 = VERTEX_POINT('',#9725);
#9725 = CARTESIAN_POINT('',(3.195349250699,4.560482600965,0.));
#9726 = LINE('',#9727,#9728);
#9727 = CARTESIAN_POINT('',(3.195349250699,0.160237942897,0.));
#9728 = VECTOR('',#9729,1.);
#9729 = DIRECTION('',(1.009237540999E-16,1.,0.));
#9730 = ORIENTED_EDGE('',*,*,#9731,.T.);
#9731 = EDGE_CURVE('',#9724,#9732,#9734,.T.);
#9732 = VERTEX_POINT('',#9733);
#9733 = CARTESIAN_POINT('',(3.232546763883,4.650285341781,0.));
#9734 = CIRCLE('',#9735,0.127000254001);
#9735 = AXIS2_PLACEMENT_3D('',#9736,#9737,#9738);
#9736 = CARTESIAN_POINT('',(3.322349504699,4.560482600965,0.));
#9737 = DIRECTION('',(0.,0.,-1.));
#9738 = DIRECTION('',(-1.,-9.137470145359E-15,-0.));
#9739 = ORIENTED_EDGE('',*,*,#9740,.T.);
#9740 = EDGE_CURVE('',#9732,#9741,#9743,.T.);
#9741 = VERTEX_POINT('',#9742);
#9742 = CARTESIAN_POINT('',(3.817748694287,5.235487272185,0.));
#9743 = LINE('',#9744,#9745);
#9744 = CARTESIAN_POINT('',(3.232546763883,4.650285341781,0.));
#9745 = VECTOR('',#9746,1.);
#9746 = DIRECTION('',(0.707106781187,0.707106781187,0.));
#9747 = ORIENTED_EDGE('',*,*,#9748,.T.);
#9748 = EDGE_CURVE('',#9741,#9749,#9751,.T.);
#9749 = VERTEX_POINT('',#9750);
#9750 = CARTESIAN_POINT('',(3.907551435103,5.27268478537,0.));
#9751 = CIRCLE('',#9752,0.127000254001);
#9752 = AXIS2_PLACEMENT_3D('',#9753,#9754,#9755);
#9753 = CARTESIAN_POINT('',(3.907551435103,5.145684531369,0.));
#9754 = DIRECTION('',(0.,0.,-1.));
#9755 = DIRECTION('',(-0.707106781187,0.707106781187,0.));
#9756 = ORIENTED_EDGE('',*,*,#9757,.T.);
#9757 = EDGE_CURVE('',#9749,#9758,#9760,.T.);
#9758 = VERTEX_POINT('',#9759);
#9759 = CARTESIAN_POINT('',(7.275161290323,5.27268478537,0.));
#9760 = LINE('',#9761,#9762);
#9761 = CARTESIAN_POINT('',(3.907551435103,5.27268478537,0.));
#9762 = VECTOR('',#9763,1.);
#9763 = DIRECTION('',(1.,-2.637414836886E-16,0.));
#9764 = ORIENTED_EDGE('',*,*,#9765,.T.);
#9765 = EDGE_CURVE('',#9758,#9766,#9768,.T.);
#9766 = VERTEX_POINT('',#9767);
#9767 = CARTESIAN_POINT('',(7.364964808265,5.235486495052,0.));
#9768 = CIRCLE('',#9769,0.127000254001);
#9769 = AXIS2_PLACEMENT_3D('',#9770,#9771,#9772);
#9770 = CARTESIAN_POINT('',(7.275161290323,5.145684531369,0.));
#9771 = DIRECTION('',(0.,0.,-1.));
#9772 = DIRECTION('',(-2.255789378213E-14,1.,0.));
#9773 = ORIENTED_EDGE('',*,*,#9774,.T.);
#9774 = EDGE_CURVE('',#9766,#9775,#9777,.T.);
#9775 = VERTEX_POINT('',#9776);
#9776 = CARTESIAN_POINT('',(7.474523575263,5.125925831852,0.));
#9777 = LINE('',#9778,#9779);
#9778 = CARTESIAN_POINT('',(7.364964808265,5.235486495052,0.));
#9779 = VECTOR('',#9780,1.);
#9780 = DIRECTION('',(0.707100662043,-0.707112900277,0.));
#9781 = ORIENTED_EDGE('',*,*,#9782,.T.);
#9782 = EDGE_CURVE('',#9775,#9783,#9785,.T.);
#9783 = VERTEX_POINT('',#9784);
#9784 = CARTESIAN_POINT('',(8.213642367285,5.125925831852,0.));
#9785 = LINE('',#9786,#9787);
#9786 = CARTESIAN_POINT('',(7.474523575263,5.125925831852,0.));
#9787 = VECTOR('',#9788,1.);
#9788 = DIRECTION('',(1.,0.,0.));
#9789 = ORIENTED_EDGE('',*,*,#9790,.T.);
#9790 = EDGE_CURVE('',#9783,#9791,#9793,.T.);
#9791 = VERTEX_POINT('',#9792);
#9792 = CARTESIAN_POINT('',(8.303445108101,5.088728318667,0.));
#9793 = CIRCLE('',#9794,0.127000254001);
#9794 = AXIS2_PLACEMENT_3D('',#9795,#9796,#9797);
#9795 = CARTESIAN_POINT('',(8.213642367285,4.998925577851,0.));
#9796 = DIRECTION('',(0.,0.,-1.));
#9797 = DIRECTION('',(8.709151232295E-15,1.,0.));
#9798 = ORIENTED_EDGE('',*,*,#9799,.T.);
#9799 = EDGE_CURVE('',#9791,#9800,#9802,.T.);
#9800 = VERTEX_POINT('',#9801);
#9801 = CARTESIAN_POINT('',(8.492162405536,4.900011021233,0.));
#9802 = LINE('',#9803,#9804);
#9803 = CARTESIAN_POINT('',(8.303445108101,5.088728318667,0.));
#9804 = VECTOR('',#9805,1.);
#9805 = DIRECTION('',(0.707106781187,-0.707106781187,0.));
#9806 = ORIENTED_EDGE('',*,*,#9807,.T.);
#9807 = EDGE_CURVE('',#9800,#9808,#9810,.T.);
#9808 = VERTEX_POINT('',#9809);
#9809 = CARTESIAN_POINT('',(8.52935991872,4.810208280417,0.));
#9810 = CIRCLE('',#9811,0.127000254001);
#9811 = AXIS2_PLACEMENT_3D('',#9812,#9813,#9814);
#9812 = CARTESIAN_POINT('',(8.402359664719,4.810208280417,0.));
#9813 = DIRECTION('',(0.,0.,-1.));
#9814 = DIRECTION('',(0.707106781187,0.707106781187,0.));
#9815 = ORIENTED_EDGE('',*,*,#9816,.T.);
#9816 = EDGE_CURVE('',#9808,#9817,#9819,.T.);
#9817 = VERTEX_POINT('',#9818);
#9818 = CARTESIAN_POINT('',(8.52935991872,3.425488133398,0.));
#9819 = LINE('',#9820,#9821);
#9820 = CARTESIAN_POINT('',(8.52935991872,4.810208280417,0.));
#9821 = VECTOR('',#9822,1.);
#9822 = DIRECTION('',(0.,-1.,0.));
#9823 = ORIENTED_EDGE('',*,*,#9824,.T.);
#9824 = EDGE_CURVE('',#9817,#9825,#9827,.T.);
#9825 = VERTEX_POINT('',#9826);
#9826 = CARTESIAN_POINT('',(9.040166822755,2.914681229362,0.));
#9827 = LINE('',#9828,#9829);
#9828 = CARTESIAN_POINT('',(8.52935991872,3.425488133398,0.));
#9829 = VECTOR('',#9830,1.);
#9830 = DIRECTION('',(0.707106781187,-0.707106781187,0.));
#9831 = ORIENTED_EDGE('',*,*,#9832,.T.);
#9832 = EDGE_CURVE('',#9825,#9833,#9835,.T.);
#9833 = VERTEX_POINT('',#9834);
#9834 = CARTESIAN_POINT('',(16.012898145796,2.914681229362,0.));
#9835 = LINE('',#9836,#9837);
#9836 = CARTESIAN_POINT('',(9.040166822755,2.914681229362,0.));
#9837 = VECTOR('',#9838,1.);
#9838 = DIRECTION('',(1.,0.,0.));
#9839 = ORIENTED_EDGE('',*,*,#9840,.T.);
#9840 = EDGE_CURVE('',#9833,#9841,#9843,.T.);
#9841 = VERTEX_POINT('',#9842);
#9842 = CARTESIAN_POINT('',(16.102700886612,2.877483716178,0.));
#9843 = CIRCLE('',#9844,0.127000254001);
#9844 = AXIS2_PLACEMENT_3D('',#9845,#9846,#9847);
#9845 = CARTESIAN_POINT('',(16.012898145796,2.787680975362,0.));
#9846 = DIRECTION('',(0.,0.,-1.));
#9847 = DIRECTION('',(-3.640710761041E-15,1.,0.));
#9848 = ORIENTED_EDGE('',*,*,#9849,.T.);
#9849 = EDGE_CURVE('',#9841,#9850,#9852,.T.);
#9850 = VERTEX_POINT('',#9851);
#9851 = CARTESIAN_POINT('',(17.431180284782,1.549004318009,0.));
#9852 = LINE('',#9853,#9854);
#9853 = CARTESIAN_POINT('',(16.102700886612,2.877483716178,0.));
#9854 = VECTOR('',#9855,1.);
#9855 = DIRECTION('',(0.707106781187,-0.707106781187,0.));
#9856 = ORIENTED_EDGE('',*,*,#9857,.T.);
#9857 = EDGE_CURVE('',#9850,#9858,#9860,.T.);
#9858 = VERTEX_POINT('',#9859);
#9859 = CARTESIAN_POINT('',(23.220586741173,1.549004318009,0.));
#9860 = LINE('',#9861,#9862);
#9861 = CARTESIAN_POINT('',(17.431180284782,1.549004318009,0.));
#9862 = VECTOR('',#9863,1.);
#9863 = DIRECTION('',(1.,0.,0.));
#9864 = ORIENTED_EDGE('',*,*,#9865,.T.);
#9865 = EDGE_CURVE('',#9858,#9866,#9868,.T.);
#9866 = VERTEX_POINT('',#9867);
#9867 = CARTESIAN_POINT('',(23.31038948199,1.511806804824,0.));
#9868 = CIRCLE('',#9869,0.127000254001);
#9869 = AXIS2_PLACEMENT_3D('',#9870,#9871,#9872);
#9870 = CARTESIAN_POINT('',(23.220586741173,1.422004064008,0.));
#9871 = DIRECTION('',(0.,0.,-1.));
#9872 = DIRECTION('',(-5.710918840849E-15,1.,0.));
#9873 = ORIENTED_EDGE('',*,*,#9874,.T.);
#9874 = EDGE_CURVE('',#9866,#9875,#9877,.T.);
#9875 = VERTEX_POINT('',#9876);
#9876 = CARTESIAN_POINT('',(24.002850746912,0.819345539902,0.));
#9877 = LINE('',#9878,#9879);
#9878 = CARTESIAN_POINT('',(23.31038948199,1.511806804824,0.));
#9879 = VECTOR('',#9880,1.);
#9880 = DIRECTION('',(0.707106781187,-0.707106781187,0.));
#9881 = ORIENTED_EDGE('',*,*,#9882,.T.);
#9882 = EDGE_CURVE('',#9875,#9883,#9885,.T.);
#9883 = VERTEX_POINT('',#9884);
#9884 = CARTESIAN_POINT('',(24.040048260097,0.729542799086,0.));
#9885 = CIRCLE('',#9886,0.127000254001);
#9886 = AXIS2_PLACEMENT_3D('',#9887,#9888,#9889);
#9887 = CARTESIAN_POINT('',(23.913048006096,0.729542799086,0.));
#9888 = DIRECTION('',(0.,0.,-1.));
#9889 = DIRECTION('',(0.707106781187,0.707106781187,0.));
#9890 = ORIENTED_EDGE('',*,*,#9891,.T.);
#9891 = EDGE_CURVE('',#9883,#9892,#9894,.T.);
#9892 = VERTEX_POINT('',#9893);
#9893 = CARTESIAN_POINT('',(24.040048260097,-4.373993705566,0.));
#9894 = LINE('',#9895,#9896);
#9895 = CARTESIAN_POINT('',(24.040048260097,0.729542799086,0.));
#9896 = VECTOR('',#9897,1.);
#9897 = DIRECTION('',(6.961278077589E-16,-1.,0.));
#9898 = ORIENTED_EDGE('',*,*,#9899,.T.);
#9899 = EDGE_CURVE('',#9892,#9900,#9902,.T.);
#9900 = VERTEX_POINT('',#9901);
#9901 = CARTESIAN_POINT('',(24.539138120698,-4.873083566167,0.));
#9902 = LINE('',#9903,#9904);
#9903 = CARTESIAN_POINT('',(24.040048260097,-4.373993705566,0.));
#9904 = VECTOR('',#9905,1.);
#9905 = DIRECTION('',(0.707106781187,-0.707106781187,0.));
#9906 = ORIENTED_EDGE('',*,*,#9907,.T.);
#9907 = EDGE_CURVE('',#9900,#9908,#9910,.T.);
#9908 = VERTEX_POINT('',#9909);
#9909 = CARTESIAN_POINT('',(25.244961447502,-4.873083566167,0.));
#9910 = LINE('',#9911,#9912);
#9911 = CARTESIAN_POINT('',(24.539138120698,-4.873083566167,0.));
#9912 = VECTOR('',#9913,1.);
#9913 = DIRECTION('',(1.,0.,0.));
#9914 = ORIENTED_EDGE('',*,*,#9915,.T.);
#9915 = EDGE_CURVE('',#9908,#9916,#9918,.T.);
#9916 = VERTEX_POINT('',#9917);
#9917 = CARTESIAN_POINT('',(25.744051308103,-4.373993705566,0.));
#9918 = LINE('',#9919,#9920);
#9919 = CARTESIAN_POINT('',(25.244961447502,-4.873083566167,0.));
#9920 = VECTOR('',#9921,1.);
#9921 = DIRECTION('',(0.707106781187,0.707106781187,0.));
#9922 = ORIENTED_EDGE('',*,*,#9923,.T.);
#9923 = EDGE_CURVE('',#9916,#9924,#9926,.T.);
#9924 = VERTEX_POINT('',#9925);
#9925 = CARTESIAN_POINT('',(25.744051308103,-3.668170378762,0.));
#9926 = LINE('',#9927,#9928);
#9927 = CARTESIAN_POINT('',(25.744051308103,-4.373993705566,0.));
#9928 = VECTOR('',#9929,1.);
#9929 = DIRECTION('',(0.,1.,0.));
#9930 = ORIENTED_EDGE('',*,*,#9931,.T.);
#9931 = EDGE_CURVE('',#9924,#9932,#9934,.T.);
#9932 = VERTEX_POINT('',#9933);
#9933 = CARTESIAN_POINT('',(25.031246281282,-2.955365351941,0.));
#9934 = LINE('',#9935,#9936);
#9935 = CARTESIAN_POINT('',(25.744051308103,-3.668170378762,0.));
#9936 = VECTOR('',#9937,1.);
#9937 = DIRECTION('',(-0.707106781187,0.707106781187,0.));
#9938 = ORIENTED_EDGE('',*,*,#9939,.T.);
#9939 = EDGE_CURVE('',#9932,#9940,#9942,.T.);
#9940 = VERTEX_POINT('',#9941);
#9941 = CARTESIAN_POINT('',(24.994048768098,-2.865562611125,0.));
#9942 = CIRCLE('',#9943,0.127000254001);
#9943 = AXIS2_PLACEMENT_3D('',#9944,#9945,#9946);
#9944 = CARTESIAN_POINT('',(25.121049022098,-2.865562611125,0.));
#9945 = DIRECTION('',(0.,0.,-1.));
#9946 = DIRECTION('',(-0.707106781187,-0.707106781187,-0.));
#9947 = ORIENTED_EDGE('',*,*,#9948,.T.);
#9948 = EDGE_CURVE('',#9940,#9949,#9951,.T.);
#9949 = VERTEX_POINT('',#9950);
#9950 = CARTESIAN_POINT('',(24.994048768098,0.47585552929,0.));
#9951 = LINE('',#9952,#9953);
#9952 = CARTESIAN_POINT('',(24.994048768098,-2.865562611125,0.));
#9953 = VECTOR('',#9954,1.);
#9954 = DIRECTION('',(-1.063235287984E-15,1.,0.));
#9955 = ORIENTED_EDGE('',*,*,#9956,.T.);
#9956 = EDGE_CURVE('',#9949,#9957,#9959,.T.);
#9957 = VERTEX_POINT('',#9958);
#9958 = CARTESIAN_POINT('',(23.462901503382,2.007002794006,0.));
#9959 = LINE('',#9960,#9961);
#9960 = CARTESIAN_POINT('',(24.994048768098,0.47585552929,0.));
#9961 = VECTOR('',#9962,1.);
#9962 = DIRECTION('',(-0.707106781187,0.707106781187,0.));
#9963 = ORIENTED_EDGE('',*,*,#9964,.T.);
#9964 = EDGE_CURVE('',#9957,#9965,#9967,.T.);
#9965 = VERTEX_POINT('',#9966);
#9966 = CARTESIAN_POINT('',(17.67349504699,2.007002794006,0.));
#9967 = LINE('',#9968,#9969);
#9968 = CARTESIAN_POINT('',(23.462901503382,2.007002794006,0.));
#9969 = VECTOR('',#9970,1.);
#9970 = DIRECTION('',(-1.,0.,0.));
#9971 = ORIENTED_EDGE('',*,*,#9972,.T.);
#9972 = EDGE_CURVE('',#9965,#9973,#9975,.T.);
#9973 = VERTEX_POINT('',#9974);
#9974 = CARTESIAN_POINT('',(17.583692306174,2.04420030719,0.));
#9975 = CIRCLE('',#9976,0.127000254001);
#9976 = AXIS2_PLACEMENT_3D('',#9977,#9978,#9979);
#9977 = CARTESIAN_POINT('',(17.67349504699,2.134003048006,0.));
#9978 = DIRECTION('',(-0.,0.,-1.));
#9979 = DIRECTION('',(4.782894529211E-15,-1.,-0.));
#9980 = ORIENTED_EDGE('',*,*,#9981,.T.);
#9981 = EDGE_CURVE('',#9973,#9982,#9984,.T.);
#9982 = VERTEX_POINT('',#9983);
#9983 = CARTESIAN_POINT('',(13.626224691239,6.001667922125,0.));
#9984 = LINE('',#9985,#9986);
#9985 = CARTESIAN_POINT('',(17.583692306174,2.04420030719,0.));
#9986 = VECTOR('',#9987,1.);
#9987 = DIRECTION('',(-0.707106781187,0.707106781187,0.));
#9988 = ORIENTED_EDGE('',*,*,#9989,.T.);
#9989 = EDGE_CURVE('',#9982,#9990,#9992,.T.);
#9990 = VERTEX_POINT('',#9991);
#9991 = CARTESIAN_POINT('',(13.589027178054,6.091470662941,0.));
#9992 = CIRCLE('',#9993,0.127000254001);
#9993 = AXIS2_PLACEMENT_3D('',#9994,#9995,#9996);
#9994 = CARTESIAN_POINT('',(13.716027432055,6.091470662941,0.));
#9995 = DIRECTION('',(0.,0.,-1.));
#9996 = DIRECTION('',(-0.707106781187,-0.707106781187,-0.));
#9997 = ORIENTED_EDGE('',*,*,#9998,.T.);
#9998 = EDGE_CURVE('',#9990,#9999,#10001,.T.);
#9999 = VERTEX_POINT('',#10000);
#10000 = CARTESIAN_POINT('',(13.589027178054,37.590082610048,0.));
#10001 = LINE('',#10002,#10003);
#10002 = CARTESIAN_POINT('',(13.589027178054,6.091470662941,0.));
#10003 = VECTOR('',#10004,1.);
#10004 = DIRECTION('',(1.127895313218E-16,1.,0.));
#10005 = ORIENTED_EDGE('',*,*,#10006,.T.);
#10006 = EDGE_CURVE('',#9999,#10007,#10009,.T.);
#10007 = VERTEX_POINT('',#10008);
#10008 = CARTESIAN_POINT('',(13.716027432055,39.381076962154,0.));
#10009 = CIRCLE('',#10010,0.9);
#10010 = AXIS2_PLACEMENT_3D('',#10011,#10012,#10013);
#10011 = CARTESIAN_POINT('',(13.716027432055,38.481076962154,0.));
#10012 = DIRECTION('',(0.,0.,-1.));
#10013 = DIRECTION('',(-0.141111393334,-0.989993724562,-0.));
#10014 = ORIENTED_EDGE('',*,*,#10015,.T.);
#10015 = EDGE_CURVE('',#10007,#10016,#10018,.T.);
#10016 = VERTEX_POINT('',#10017);
#10017 = CARTESIAN_POINT('',(13.843027686055,37.590082610048,0.));
#10018 = CIRCLE('',#10019,0.9);
#10019 = AXIS2_PLACEMENT_3D('',#10020,#10021,#10022);
#10020 = CARTESIAN_POINT('',(13.716027432055,38.481076962154,0.));
#10021 = DIRECTION('',(0.,0.,-1.));
#10022 = DIRECTION('',(-3.076238152986E-15,1.,0.));
#10023 = ORIENTED_EDGE('',*,*,#10024,.T.);
#10024 = EDGE_CURVE('',#10016,#10025,#10027,.T.);
#10025 = VERTEX_POINT('',#10026);
#10026 = CARTESIAN_POINT('',(13.843027686055,6.144075890573,0.));
#10027 = LINE('',#10028,#10029);
#10028 = CARTESIAN_POINT('',(13.843027686055,37.590082610048,0.));
#10029 = VECTOR('',#10030,1.);
#10030 = DIRECTION('',(-5.648910703502E-17,-1.,0.));
#10031 = ORIENTED_EDGE('',*,*,#10032,.T.);
#10032 = EDGE_CURVE('',#10025,#10033,#10035,.T.);
#10033 = VERTEX_POINT('',#10034);
#10034 = CARTESIAN_POINT('',(17.726100274622,2.261003302007,0.));
#10035 = LINE('',#10036,#10037);
#10036 = CARTESIAN_POINT('',(13.843027686055,6.144075890573,0.));
#10037 = VECTOR('',#10038,1.);
#10038 = DIRECTION('',(0.707106781187,-0.707106781187,0.));
#10039 = ORIENTED_EDGE('',*,*,#10040,.T.);
#10040 = EDGE_CURVE('',#10033,#10041,#10043,.T.);
#10041 = VERTEX_POINT('',#10042);
#10042 = CARTESIAN_POINT('',(23.515506731013,2.261003302007,0.));
#10043 = LINE('',#10044,#10045);
#10044 = CARTESIAN_POINT('',(17.726100274622,2.261003302007,0.));
#10045 = VECTOR('',#10046,1.);
#10046 = DIRECTION('',(1.,-7.670720879509E-17,0.));
#10047 = ORIENTED_EDGE('',*,*,#10048,.T.);
#10048 = EDGE_CURVE('',#10041,#10049,#10051,.T.);
#10049 = VERTEX_POINT('',#10050);
#10050 = CARTESIAN_POINT('',(23.60530947183,2.223805788822,0.));
#10051 = CIRCLE('',#10052,0.127000254001);
#10052 = AXIS2_PLACEMENT_3D('',#10053,#10054,#10055);
#10053 = CARTESIAN_POINT('',(23.515506731013,2.134003048006,0.));
#10054 = DIRECTION('',(0.,0.,-1.));
#10055 = DIRECTION('',(-3.640710761041E-15,1.,0.));
#10056 = ORIENTED_EDGE('',*,*,#10057,.T.);
#10057 = EDGE_CURVE('',#10049,#10058,#10060,.T.);
#10058 = VERTEX_POINT('',#10059);
#10059 = CARTESIAN_POINT('',(25.210851762914,0.618263497738,0.));
#10060 = LINE('',#10061,#10062);
#10061 = CARTESIAN_POINT('',(23.60530947183,2.223805788822,0.));
#10062 = VECTOR('',#10063,1.);
#10063 = DIRECTION('',(0.707106781187,-0.707106781187,0.));
#10064 = ORIENTED_EDGE('',*,*,#10065,.T.);
#10065 = EDGE_CURVE('',#10058,#10066,#10068,.T.);
#10066 = VERTEX_POINT('',#10067);
#10067 = CARTESIAN_POINT('',(25.248049276099,0.528460756922,0.));
#10068 = CIRCLE('',#10069,0.127000254001);
#10069 = AXIS2_PLACEMENT_3D('',#10070,#10071,#10072);
#10070 = CARTESIAN_POINT('',(25.121049022098,0.528460756922,0.));
#10071 = DIRECTION('',(0.,0.,-1.));
#10072 = DIRECTION('',(0.707106781187,0.707106781187,0.));
#10073 = ORIENTED_EDGE('',*,*,#10074,.T.);
#10074 = EDGE_CURVE('',#10066,#10075,#10077,.T.);
#10075 = VERTEX_POINT('',#10076);
#10076 = CARTESIAN_POINT('',(25.248049276099,-2.812957383493,0.));
#10077 = LINE('',#10078,#10079);
#10078 = CARTESIAN_POINT('',(25.248049276099,0.528460756922,0.));
#10079 = VECTOR('',#10080,1.);
#10080 = DIRECTION('',(0.,-1.,0.));
#10081 = ORIENTED_EDGE('',*,*,#10082,.T.);
#10082 = EDGE_CURVE('',#10075,#10083,#10085,.T.);
#10083 = VERTEX_POINT('',#10084);
#10084 = CARTESIAN_POINT('',(25.960854302919,-3.525762410314,0.));
#10085 = LINE('',#10086,#10087);
#10086 = CARTESIAN_POINT('',(25.248049276099,-2.812957383493,0.));
#10087 = VECTOR('',#10088,1.);
#10088 = DIRECTION('',(0.707106781187,-0.707106781187,0.));
#10089 = ORIENTED_EDGE('',*,*,#10090,.T.);
#10090 = EDGE_CURVE('',#10083,#10091,#10093,.T.);
#10091 = VERTEX_POINT('',#10092);
#10092 = CARTESIAN_POINT('',(25.998051816104,-3.61556515113,0.));
#10093 = CIRCLE('',#10094,0.127000254001);
#10094 = AXIS2_PLACEMENT_3D('',#10095,#10096,#10097);
#10095 = CARTESIAN_POINT('',(25.871051562103,-3.61556515113,0.));
#10096 = DIRECTION('',(0.,0.,-1.));
#10097 = DIRECTION('',(0.707106781187,0.707106781187,0.));
#10098 = ORIENTED_EDGE('',*,*,#10099,.T.);
#10099 = EDGE_CURVE('',#10091,#10100,#10102,.T.);
#10100 = VERTEX_POINT('',#10101);
#10101 = CARTESIAN_POINT('',(25.998051816104,-4.426598933198,0.));
#10102 = LINE('',#10103,#10104);
#10103 = CARTESIAN_POINT('',(25.998051816104,-3.61556515113,0.));
#10104 = VECTOR('',#10105,1.);
#10105 = DIRECTION('',(0.,-1.,0.));
#10106 = ORIENTED_EDGE('',*,*,#10107,.T.);
#10107 = EDGE_CURVE('',#10100,#10108,#10110,.T.);
#10108 = VERTEX_POINT('',#10109);
#10109 = CARTESIAN_POINT('',(25.960854302919,-4.516401674014,0.));
#10110 = CIRCLE('',#10111,0.127000254001);
#10111 = AXIS2_PLACEMENT_3D('',#10112,#10113,#10114);
#10112 = CARTESIAN_POINT('',(25.871051562103,-4.426598933198,0.));
#10113 = DIRECTION('',(0.,0.,-1.));
#10114 = DIRECTION('',(1.,2.919707257384E-14,0.));
#10115 = ORIENTED_EDGE('',*,*,#10116,.T.);
#10116 = EDGE_CURVE('',#10108,#10117,#10119,.T.);
#10117 = VERTEX_POINT('',#10118);
#10118 = CARTESIAN_POINT('',(25.38736941595,-5.089886560984,0.));
#10119 = LINE('',#10120,#10121);
#10120 = CARTESIAN_POINT('',(25.960854302919,-4.516401674014,0.));
#10121 = VECTOR('',#10122,1.);
#10122 = DIRECTION('',(-0.707106781187,-0.707106781187,0.));
#10123 = ORIENTED_EDGE('',*,*,#10124,.T.);
#10124 = EDGE_CURVE('',#10117,#10125,#10127,.T.);
#10125 = VERTEX_POINT('',#10126);
#10126 = CARTESIAN_POINT('',(25.297566675133,-5.127084074168,0.));
#10127 = CIRCLE('',#10128,0.127000254001);
#10128 = AXIS2_PLACEMENT_3D('',#10129,#10130,#10131);
#10129 = CARTESIAN_POINT('',(25.297566675133,-5.000083820168,0.));
#10130 = DIRECTION('',(0.,0.,-1.));
#10131 = DIRECTION('',(0.707106781187,-0.707106781187,0.));
#10132 = ORIENTED_EDGE('',*,*,#10133,.T.);
#10133 = EDGE_CURVE('',#10125,#10134,#10136,.T.);
#10134 = VERTEX_POINT('',#10135);
#10135 = CARTESIAN_POINT('',(24.486532893066,-5.127084074168,0.));
#10136 = LINE('',#10137,#10138);
#10137 = CARTESIAN_POINT('',(25.297566675133,-5.127084074168,0.));
#10138 = VECTOR('',#10139,1.);
#10139 = DIRECTION('',(-1.,0.,0.));
#10140 = ORIENTED_EDGE('',*,*,#10141,.T.);
#10141 = EDGE_CURVE('',#10134,#10142,#10144,.T.);
#10142 = VERTEX_POINT('',#10143);
#10143 = CARTESIAN_POINT('',(24.39673015225,-5.089886560984,0.));
#10144 = CIRCLE('',#10145,0.127000254001);
#10145 = AXIS2_PLACEMENT_3D('',#10146,#10147,#10148);
#10146 = CARTESIAN_POINT('',(24.486532893066,-5.000083820168,0.));
#10147 = DIRECTION('',(-0.,0.,-1.));
#10148 = DIRECTION('',(5.710918840849E-16,-1.,-0.));
#10149 = ORIENTED_EDGE('',*,*,#10150,.T.);
#10150 = EDGE_CURVE('',#10142,#10151,#10153,.T.);
#10151 = VERTEX_POINT('',#10152);
#10152 = CARTESIAN_POINT('',(23.82324526528,-4.516401674014,0.));
#10153 = LINE('',#10154,#10155);
#10154 = CARTESIAN_POINT('',(24.39673015225,-5.089886560984,0.));
#10155 = VECTOR('',#10156,1.);
#10156 = DIRECTION('',(-0.707106781187,0.707106781187,0.));
#10157 = ORIENTED_EDGE('',*,*,#10158,.T.);
#10158 = EDGE_CURVE('',#10151,#10159,#10161,.T.);
#10159 = VERTEX_POINT('',#10160);
#10160 = CARTESIAN_POINT('',(23.786047752096,-4.426598933198,0.));
#10161 = CIRCLE('',#10162,0.127000254001);
#10162 = AXIS2_PLACEMENT_3D('',#10163,#10164,#10165);
#10163 = CARTESIAN_POINT('',(23.913048006096,-4.426598933198,0.));
#10164 = DIRECTION('',(0.,0.,-1.));
#10165 = DIRECTION('',(-0.707106781187,-0.707106781187,-0.));
#10166 = ORIENTED_EDGE('',*,*,#10167,.T.);
#10167 = EDGE_CURVE('',#10159,#10168,#10170,.T.);
#10168 = VERTEX_POINT('',#10169);
#10169 = CARTESIAN_POINT('',(23.786047752096,0.676937571454,0.));
#10170 = LINE('',#10171,#10172);
#10171 = CARTESIAN_POINT('',(23.786047752096,-4.426598933198,0.));
#10172 = VECTOR('',#10173,1.);
#10173 = DIRECTION('',(6.961278077589E-16,1.,0.));
#10174 = ORIENTED_EDGE('',*,*,#10175,.T.);
#10175 = EDGE_CURVE('',#10168,#10176,#10178,.T.);
#10176 = VERTEX_POINT('',#10177);
#10177 = CARTESIAN_POINT('',(23.167981513542,1.295003810008,0.));
#10178 = LINE('',#10179,#10180);
#10179 = CARTESIAN_POINT('',(23.786047752096,0.676937571454,0.));
#10180 = VECTOR('',#10181,1.);
#10181 = DIRECTION('',(-0.707106781187,0.707106781187,0.));
#10182 = ORIENTED_EDGE('',*,*,#10183,.T.);
#10183 = EDGE_CURVE('',#10176,#10184,#10186,.T.);
#10184 = VERTEX_POINT('',#10185);
#10185 = CARTESIAN_POINT('',(17.37857505715,1.295003810008,0.));
#10186 = LINE('',#10187,#10188);
#10187 = CARTESIAN_POINT('',(23.167981513542,1.295003810008,0.));
#10188 = VECTOR('',#10189,1.);
#10189 = DIRECTION('',(-1.,0.,0.));
#10190 = ORIENTED_EDGE('',*,*,#10191,.T.);
#10191 = EDGE_CURVE('',#10184,#10192,#10194,.T.);
#10192 = VERTEX_POINT('',#10193);
#10193 = CARTESIAN_POINT('',(17.288772316334,1.332201323192,0.));
#10194 = CIRCLE('',#10195,0.127000254001);
#10195 = AXIS2_PLACEMENT_3D('',#10196,#10197,#10198);
#10196 = CARTESIAN_POINT('',(17.37857505715,1.422004064008,0.));
#10197 = DIRECTION('',(-0.,0.,-1.));
#10198 = DIRECTION('',(6.853102609019E-15,-1.,-0.));
#10199 = ORIENTED_EDGE('',*,*,#10200,.T.);
#10200 = EDGE_CURVE('',#10192,#10201,#10203,.T.);
#10201 = VERTEX_POINT('',#10202);
#10202 = CARTESIAN_POINT('',(15.960292918164,2.660680721361,0.));
#10203 = LINE('',#10204,#10205);
#10204 = CARTESIAN_POINT('',(17.288772316334,1.332201323192,0.));
#10205 = VECTOR('',#10206,1.);
#10206 = DIRECTION('',(-0.707106781187,0.707106781187,0.));
#10207 = ORIENTED_EDGE('',*,*,#10208,.T.);
#10208 = EDGE_CURVE('',#10201,#10209,#10211,.T.);
#10209 = VERTEX_POINT('',#10210);
#10210 = CARTESIAN_POINT('',(8.987561595123,2.660680721361,0.));
#10211 = LINE('',#10212,#10213);
#10212 = CARTESIAN_POINT('',(15.960292918164,2.660680721361,0.));
#10213 = VECTOR('',#10214,1.);
#10214 = DIRECTION('',(-1.,0.,0.));
#10215 = ORIENTED_EDGE('',*,*,#10216,.T.);
#10216 = EDGE_CURVE('',#10209,#10217,#10219,.T.);
#10217 = VERTEX_POINT('',#10218);
#10218 = CARTESIAN_POINT('',(8.897758854307,2.697878234546,0.));
#10219 = CIRCLE('',#10220,0.127000254001);
#10220 = AXIS2_PLACEMENT_3D('',#10221,#10222,#10223);
#10221 = CARTESIAN_POINT('',(8.987561595123,2.787680975362,0.));
#10222 = DIRECTION('',(-0.,0.,-1.));
#10223 = DIRECTION('',(4.425962101658E-15,-1.,-0.));
#10224 = ORIENTED_EDGE('',*,*,#10225,.T.);
#10225 = EDGE_CURVE('',#10217,#10226,#10228,.T.);
#10226 = VERTEX_POINT('',#10227);
#10227 = CARTESIAN_POINT('',(8.312556923903,3.28308016495,0.));
#10228 = LINE('',#10229,#10230);
#10229 = CARTESIAN_POINT('',(8.897758854307,2.697878234546,0.));
#10230 = VECTOR('',#10231,1.);
#10231 = DIRECTION('',(-0.707106781187,0.707106781187,0.));
#10232 = ORIENTED_EDGE('',*,*,#10233,.T.);
#10233 = EDGE_CURVE('',#10226,#10234,#10236,.T.);
#10234 = VERTEX_POINT('',#10235);
#10235 = CARTESIAN_POINT('',(8.275359410719,3.372882905766,0.));
#10236 = CIRCLE('',#10237,0.127000254001);
#10237 = AXIS2_PLACEMENT_3D('',#10238,#10239,#10240);
#10238 = CARTESIAN_POINT('',(8.402359664719,3.372882905766,0.));
#10239 = DIRECTION('',(0.,0.,-1.));
#10240 = DIRECTION('',(-0.707106781187,-0.707106781187,-0.));
#10241 = ORIENTED_EDGE('',*,*,#10242,.T.);
#10242 = EDGE_CURVE('',#10234,#10243,#10245,.T.);
#10243 = VERTEX_POINT('',#10244);
#10244 = CARTESIAN_POINT('',(8.275359410719,4.757603052785,0.));
#10245 = LINE('',#10246,#10247);
#10246 = CARTESIAN_POINT('',(8.275359410719,3.372882905766,0.));
#10247 = VECTOR('',#10248,1.);
#10248 = DIRECTION('',(0.,1.,0.));
#10249 = ORIENTED_EDGE('',*,*,#10250,.T.);
#10250 = EDGE_CURVE('',#10243,#10251,#10253,.T.);
#10251 = VERTEX_POINT('',#10252);
#10252 = CARTESIAN_POINT('',(8.161037139653,4.871925323851,0.));
#10253 = LINE('',#10254,#10255);
#10254 = CARTESIAN_POINT('',(8.275359410719,4.757603052785,0.));
#10255 = VECTOR('',#10256,1.);
#10256 = DIRECTION('',(-0.707106781187,0.707106781187,0.));
#10257 = ORIENTED_EDGE('',*,*,#10258,.T.);
#10258 = EDGE_CURVE('',#10251,#10259,#10261,.T.);
#10259 = VERTEX_POINT('',#10260);
#10260 = CARTESIAN_POINT('',(7.421917703835,4.871925323851,0.));
#10261 = LINE('',#10262,#10263);
#10262 = CARTESIAN_POINT('',(8.161037139653,4.871925323851,0.));
#10263 = VECTOR('',#10264,1.);
#10264 = DIRECTION('',(-1.,0.,0.));
#10265 = ORIENTED_EDGE('',*,*,#10266,.T.);
#10266 = EDGE_CURVE('',#10259,#10267,#10269,.T.);
#10267 = VERTEX_POINT('',#10268);
#10268 = CARTESIAN_POINT('',(7.332114185893,4.909123614168,0.));
#10269 = CIRCLE('',#10270,0.127000254001);
#10270 = AXIS2_PLACEMENT_3D('',#10271,#10272,#10273);
#10271 = CARTESIAN_POINT('',(7.421917703835,4.998925577851,0.));
#10272 = DIRECTION('',(-0.,0.,-1.));
#10273 = DIRECTION('',(2.712658113041E-15,-1.,-0.));
#10274 = ORIENTED_EDGE('',*,*,#10275,.T.);
#10275 = EDGE_CURVE('',#10267,#10276,#10278,.T.);
#10276 = VERTEX_POINT('',#10277);
#10277 = CARTESIAN_POINT('',(7.222555418895,5.018684277369,0.));
#10278 = LINE('',#10279,#10280);
#10279 = CARTESIAN_POINT('',(7.332114185893,4.909123614168,0.));
#10280 = VECTOR('',#10281,1.);
#10281 = DIRECTION('',(-0.707100662043,0.707112900277,0.));
#10282 = ORIENTED_EDGE('',*,*,#10283,.T.);
#10283 = EDGE_CURVE('',#10276,#10284,#10286,.T.);
#10284 = VERTEX_POINT('',#10285);
#10285 = CARTESIAN_POINT('',(3.960156662735,5.018684277369,0.));
#10286 = LINE('',#10287,#10288);
#10287 = CARTESIAN_POINT('',(7.222555418895,5.018684277369,0.));
#10288 = VECTOR('',#10289,1.);
#10289 = DIRECTION('',(-1.,0.,0.));
#10290 = ORIENTED_EDGE('',*,*,#10291,.T.);
#10291 = EDGE_CURVE('',#10284,#10292,#10294,.T.);
#10292 = VERTEX_POINT('',#10293);
#10293 = CARTESIAN_POINT('',(3.4493497587,4.507877373333,0.));
#10294 = LINE('',#10295,#10296);
#10295 = CARTESIAN_POINT('',(3.960156662735,5.018684277369,0.));
#10296 = VECTOR('',#10297,1.);
#10297 = DIRECTION('',(-0.707106781187,-0.707106781187,0.));
#10298 = ORIENTED_EDGE('',*,*,#10299,.T.);
#10299 = EDGE_CURVE('',#10292,#10300,#10302,.T.);
#10300 = VERTEX_POINT('',#10301);
#10301 = CARTESIAN_POINT('',(3.4493497587,0.107632715265,0.));
#10302 = LINE('',#10303,#10304);
#10303 = CARTESIAN_POINT('',(3.4493497587,4.507877373333,0.));
#10304 = VECTOR('',#10305,1.);
#10305 = DIRECTION('',(0.,-1.,0.));
#10306 = ORIENTED_EDGE('',*,*,#10307,.T.);
#10307 = EDGE_CURVE('',#10300,#10308,#10310,.T.);
#10308 = VERTEX_POINT('',#10309);
#10309 = CARTESIAN_POINT('',(3.412152245515,1.782997444926E-02,0.));
#10310 = CIRCLE('',#10311,0.127000254001);
#10311 = AXIS2_PLACEMENT_3D('',#10312,#10313,#10314);
#10312 = CARTESIAN_POINT('',(3.322349504699,0.107632715265,0.));
#10313 = DIRECTION('',(0.,0.,-1.));
#10314 = DIRECTION('',(1.,4.782894529211E-15,0.));
#10315 = ORIENTED_EDGE('',*,*,#10316,.T.);
#10316 = EDGE_CURVE('',#10308,#10317,#10319,.T.);
#10317 = VERTEX_POINT('',#10318);
#10318 = CARTESIAN_POINT('',(-0.102542721052,-3.496864992118,0.));
#10319 = LINE('',#10320,#10321);
#10320 = CARTESIAN_POINT('',(3.412152245515,1.782997444926E-02,0.));
#10321 = VECTOR('',#10322,1.);
#10322 = DIRECTION('',(-0.707106781187,-0.707106781187,0.));
#10323 = ORIENTED_EDGE('',*,*,#10324,.T.);
#10324 = EDGE_CURVE('',#10317,#10325,#10327,.T.);
#10325 = VERTEX_POINT('',#10326);
#10326 = CARTESIAN_POINT('',(-3.865379730759E-02,-3.793375666751,0.));
#10327 = CIRCLE('',#10328,0.720002540005);
#10328 = AXIS2_PLACEMENT_3D('',#10329,#10330,#10331);
#10329 = CARTESIAN_POINT('',(-0.758656337313,-3.793375666751,0.));
#10330 = DIRECTION('',(0.,0.,-1.));
#10331 = DIRECTION('',(0.911265696724,0.411818928626,0.));
#10332 = ORIENTED_EDGE('',*,*,#10333,.T.);
#10333 = EDGE_CURVE('',#10325,#10334,#10336,.T.);
#10334 = VERTEX_POINT('',#10335);
#10335 = CARTESIAN_POINT('',(-3.865379730759E-02,-4.153370586741,0.));
#10336 = LINE('',#10337,#10338);
#10337 = CARTESIAN_POINT('',(-3.865379730759E-02,-3.793375666751,0.));
#10338 = VECTOR('',#10339,1.);
#10339 = DIRECTION('',(0.,-1.,0.));
#10340 = ORIENTED_EDGE('',*,*,#10341,.T.);
#10341 = EDGE_CURVE('',#10334,#10342,#10344,.T.);
#10342 = VERTEX_POINT('',#10343);
#10343 = CARTESIAN_POINT('',(-1.478658877318,-4.153370586741,0.));
#10344 = CIRCLE('',#10345,0.720002540005);
#10345 = AXIS2_PLACEMENT_3D('',#10346,#10347,#10348);
#10346 = CARTESIAN_POINT('',(-0.758656337313,-4.153370586741,0.));
#10347 = DIRECTION('',(-0.,0.,-1.));
#10348 = DIRECTION('',(1.,-1.110223024625E-16,-0.));
#10349 = ORIENTED_EDGE('',*,*,#10350,.T.);
#10350 = EDGE_CURVE('',#10342,#10351,#10353,.T.);
#10351 = VERTEX_POINT('',#10352);
#10352 = CARTESIAN_POINT('',(-1.478658877318,-3.793375666751,0.));
#10353 = LINE('',#10354,#10355);
#10354 = CARTESIAN_POINT('',(-1.478658877318,-4.153370586741,0.));
#10355 = VECTOR('',#10356,1.);
#10356 = DIRECTION('',(6.167992729767E-16,1.,0.));
#10357 = ORIENTED_EDGE('',*,*,#10358,.T.);
#10358 = EDGE_CURVE('',#10351,#9714,#10359,.T.);
#10359 = CIRCLE('',#10360,0.720002540005);
#10360 = AXIS2_PLACEMENT_3D('',#10361,#10362,#10363);
#10361 = CARTESIAN_POINT('',(-0.758656337313,-3.793375666751,0.));
#10362 = DIRECTION('',(0.,0.,-1.));
#10363 = DIRECTION('',(-1.,-2.086105425778E-16,-0.));
#10364 = FACE_BOUND('',#10365,.T.);
#10365 = EDGE_LOOP('',(#10366,#10377));
#10366 = ORIENTED_EDGE('',*,*,#10367,.T.);
#10367 = EDGE_CURVE('',#10368,#10370,#10372,.T.);
#10368 = VERTEX_POINT('',#10369);
#10369 = CARTESIAN_POINT('',(-1.158656337313,-3.973347726695,0.));
#10370 = VERTEX_POINT('',#10371);
#10371 = CARTESIAN_POINT('',(-0.358656337313,-3.973347726695,0.));
#10372 = CIRCLE('',#10373,0.4);
#10373 = AXIS2_PLACEMENT_3D('',#10374,#10375,#10376);
#10374 = CARTESIAN_POINT('',(-0.758656337313,-3.973347726695,0.));
#10375 = DIRECTION('',(0.,0.,1.));
#10376 = DIRECTION('',(-1.,-1.110223024625E-16,0.));
#10377 = ORIENTED_EDGE('',*,*,#10378,.T.);
#10378 = EDGE_CURVE('',#10370,#10368,#10379,.T.);
#10379 = CIRCLE('',#10380,0.4);
#10380 = AXIS2_PLACEMENT_3D('',#10381,#10382,#10383);
#10381 = CARTESIAN_POINT('',(-0.758656337313,-3.973347726695,0.));
#10382 = DIRECTION('',(0.,0.,1.));
#10383 = DIRECTION('',(1.,1.110223024625E-16,-0.));
#10384 = FACE_BOUND('',#10385,.T.);
#10385 = EDGE_LOOP('',(#10386,#10397));
#10386 = ORIENTED_EDGE('',*,*,#10387,.T.);
#10387 = EDGE_CURVE('',#10388,#10390,#10392,.T.);
#10388 = VERTEX_POINT('',#10389);
#10389 = CARTESIAN_POINT('',(13.216027432055,38.481076962154,0.));
#10390 = VERTEX_POINT('',#10391);
#10391 = CARTESIAN_POINT('',(14.216027432055,38.481076962154,0.));
#10392 = CIRCLE('',#10393,0.5);
#10393 = AXIS2_PLACEMENT_3D('',#10394,#10395,#10396);
#10394 = CARTESIAN_POINT('',(13.716027432055,38.481076962154,0.));
#10395 = DIRECTION('',(0.,0.,1.));
#10396 = DIRECTION('',(-1.,-1.110223024625E-16,0.));
#10397 = ORIENTED_EDGE('',*,*,#10398,.T.);
#10398 = EDGE_CURVE('',#10390,#10388,#10399,.T.);
#10399 = CIRCLE('',#10400,0.5);
#10400 = AXIS2_PLACEMENT_3D('',#10401,#10402,#10403);
#10401 = CARTESIAN_POINT('',(13.716027432055,38.481076962154,0.));
#10402 = DIRECTION('',(0.,0.,1.));
#10403 = DIRECTION('',(1.,1.110223024625E-16,-0.));
#10404 = PLANE('',#10405);
#10405 = AXIS2_PLACEMENT_3D('',#10406,#10407,#10408);
#10406 = CARTESIAN_POINT('',(14.39326540656,8.924357528589,0.));
#10407 = DIRECTION('',(-0.,-0.,-1.));
#10408 = DIRECTION('',(-1.,0.,0.));
#10409 = SHELL_BASED_SURFACE_MODEL('',(#10410));
#10410 = OPEN_SHELL('',(#10411));
#10411 = ADVANCED_FACE('',(#10412,#10448),#10468,.T.);
#10412 = FACE_BOUND('',#10413,.T.);
#10413 = EDGE_LOOP('',(#10414,#10425,#10433,#10442));
#10414 = ORIENTED_EDGE('',*,*,#10415,.T.);
#10415 = EDGE_CURVE('',#10416,#10418,#10420,.T.);
#10416 = VERTEX_POINT('',#10417);
#10417 = CARTESIAN_POINT('',(1.061346202692,4.14668021336,0.));
#10418 = VERTEX_POINT('',#10419);
#10419 = CARTESIAN_POINT('',(2.501351282703,4.14668021336,0.));
#10420 = CIRCLE('',#10421,0.720002540005);
#10421 = AXIS2_PLACEMENT_3D('',#10422,#10423,#10424);
#10422 = CARTESIAN_POINT('',(1.781348742697,4.14668021336,0.));
#10423 = DIRECTION('',(0.,0.,-1.));
#10424 = DIRECTION('',(-1.,1.110223024625E-16,0.));
#10425 = ORIENTED_EDGE('',*,*,#10426,.T.);
#10426 = EDGE_CURVE('',#10418,#10427,#10429,.T.);
#10427 = VERTEX_POINT('',#10428);
#10428 = CARTESIAN_POINT('',(2.501351282703,3.786685293371,0.));
#10429 = LINE('',#10430,#10431);
#10430 = CARTESIAN_POINT('',(2.501351282703,4.14668021336,0.));
#10431 = VECTOR('',#10432,1.);
#10432 = DIRECTION('',(0.,-1.,0.));
#10433 = ORIENTED_EDGE('',*,*,#10434,.T.);
#10434 = EDGE_CURVE('',#10427,#10435,#10437,.T.);
#10435 = VERTEX_POINT('',#10436);
#10436 = CARTESIAN_POINT('',(1.061346202692,3.786685293371,0.));
#10437 = CIRCLE('',#10438,0.720002540005);
#10438 = AXIS2_PLACEMENT_3D('',#10439,#10440,#10441);
#10439 = CARTESIAN_POINT('',(1.781348742697,3.786685293371,0.));
#10440 = DIRECTION('',(-0.,0.,-1.));
#10441 = DIRECTION('',(1.,-1.110223024625E-16,-0.));
#10442 = ORIENTED_EDGE('',*,*,#10443,.T.);
#10443 = EDGE_CURVE('',#10435,#10416,#10444,.T.);
#10444 = LINE('',#10445,#10446);
#10445 = CARTESIAN_POINT('',(1.061346202692,3.786685293371,0.));
#10446 = VECTOR('',#10447,1.);
#10447 = DIRECTION('',(0.,1.,0.));
#10448 = FACE_BOUND('',#10449,.T.);
#10449 = EDGE_LOOP('',(#10450,#10461));
#10450 = ORIENTED_EDGE('',*,*,#10451,.T.);
#10451 = EDGE_CURVE('',#10452,#10454,#10456,.T.);
#10452 = VERTEX_POINT('',#10453);
#10453 = CARTESIAN_POINT('',(1.381348742697,3.966657353315,0.));
#10454 = VERTEX_POINT('',#10455);
#10455 = CARTESIAN_POINT('',(2.181348742697,3.966657353315,0.));
#10456 = CIRCLE('',#10457,0.4);
#10457 = AXIS2_PLACEMENT_3D('',#10458,#10459,#10460);
#10458 = CARTESIAN_POINT('',(1.781348742697,3.966657353315,0.));
#10459 = DIRECTION('',(0.,0.,1.));
#10460 = DIRECTION('',(-1.,-1.110223024625E-16,0.));
#10461 = ORIENTED_EDGE('',*,*,#10462,.T.);
#10462 = EDGE_CURVE('',#10454,#10452,#10463,.T.);
#10463 = CIRCLE('',#10464,0.4);
#10464 = AXIS2_PLACEMENT_3D('',#10465,#10466,#10467);
#10465 = CARTESIAN_POINT('',(1.781348742697,3.966657353315,0.));
#10466 = DIRECTION('',(0.,0.,1.));
#10467 = DIRECTION('',(1.,1.110223024625E-16,-0.));
#10468 = PLANE('',#10469);
#10469 = AXIS2_PLACEMENT_3D('',#10470,#10471,#10472);
#10470 = CARTESIAN_POINT('',(1.781348742697,3.966682753366,0.));
#10471 = DIRECTION('',(-0.,-0.,-1.));
#10472 = DIRECTION('',(-1.,0.,0.));
#10473 = SHELL_BASED_SURFACE_MODEL('',(#10474));
#10474 = OPEN_SHELL('',(#10475));
#10475 = ADVANCED_FACE('',(#10476,#10512),#10532,.T.);
#10476 = FACE_BOUND('',#10477,.T.);
#10477 = EDGE_LOOP('',(#10478,#10489,#10497,#10506));
#10478 = ORIENTED_EDGE('',*,*,#10479,.T.);
#10479 = EDGE_CURVE('',#10480,#10482,#10484,.T.);
#10480 = VERTEX_POINT('',#10481);
#10481 = CARTESIAN_POINT('',(1.061346202692,-3.793375666751,0.));
#10482 = VERTEX_POINT('',#10483);
#10483 = CARTESIAN_POINT('',(2.501351282703,-3.793375666751,0.));
#10484 = CIRCLE('',#10485,0.720002540005);
#10485 = AXIS2_PLACEMENT_3D('',#10486,#10487,#10488);
#10486 = CARTESIAN_POINT('',(1.781348742697,-3.793375666751,0.));
#10487 = DIRECTION('',(0.,0.,-1.));
#10488 = DIRECTION('',(-1.,1.110223024625E-16,0.));
#10489 = ORIENTED_EDGE('',*,*,#10490,.T.);
#10490 = EDGE_CURVE('',#10482,#10491,#10493,.T.);
#10491 = VERTEX_POINT('',#10492);
#10492 = CARTESIAN_POINT('',(2.501351282703,-4.153370586741,0.));
#10493 = LINE('',#10494,#10495);
#10494 = CARTESIAN_POINT('',(2.501351282703,-3.793375666751,0.));
#10495 = VECTOR('',#10496,1.);
#10496 = DIRECTION('',(0.,-1.,0.));
#10497 = ORIENTED_EDGE('',*,*,#10498,.T.);
#10498 = EDGE_CURVE('',#10491,#10499,#10501,.T.);
#10499 = VERTEX_POINT('',#10500);
#10500 = CARTESIAN_POINT('',(1.061346202692,-4.153370586741,0.));
#10501 = CIRCLE('',#10502,0.720002540005);
#10502 = AXIS2_PLACEMENT_3D('',#10503,#10504,#10505);
#10503 = CARTESIAN_POINT('',(1.781348742697,-4.153370586741,0.));
#10504 = DIRECTION('',(-0.,0.,-1.));
#10505 = DIRECTION('',(1.,-1.110223024625E-16,-0.));
#10506 = ORIENTED_EDGE('',*,*,#10507,.T.);
#10507 = EDGE_CURVE('',#10499,#10480,#10508,.T.);
#10508 = LINE('',#10509,#10510);
#10509 = CARTESIAN_POINT('',(1.061346202692,-4.153370586741,0.));
#10510 = VECTOR('',#10511,1.);
#10511 = DIRECTION('',(0.,1.,0.));
#10512 = FACE_BOUND('',#10513,.T.);
#10513 = EDGE_LOOP('',(#10514,#10525));
#10514 = ORIENTED_EDGE('',*,*,#10515,.T.);
#10515 = EDGE_CURVE('',#10516,#10518,#10520,.T.);
#10516 = VERTEX_POINT('',#10517);
#10517 = CARTESIAN_POINT('',(1.381348742697,-3.973347726695,0.));
#10518 = VERTEX_POINT('',#10519);
#10519 = CARTESIAN_POINT('',(2.181348742697,-3.973347726695,0.));
#10520 = CIRCLE('',#10521,0.4);
#10521 = AXIS2_PLACEMENT_3D('',#10522,#10523,#10524);
#10522 = CARTESIAN_POINT('',(1.781348742697,-3.973347726695,0.));
#10523 = DIRECTION('',(0.,0.,1.));
#10524 = DIRECTION('',(-1.,-1.110223024625E-16,0.));
#10525 = ORIENTED_EDGE('',*,*,#10526,.T.);
#10526 = EDGE_CURVE('',#10518,#10516,#10527,.T.);
#10527 = CIRCLE('',#10528,0.4);
#10528 = AXIS2_PLACEMENT_3D('',#10529,#10530,#10531);
#10529 = CARTESIAN_POINT('',(1.781348742697,-3.973347726695,0.));
#10530 = DIRECTION('',(0.,0.,1.));
#10531 = DIRECTION('',(1.,1.110223024625E-16,-0.));
#10532 = PLANE('',#10533);
#10533 = AXIS2_PLACEMENT_3D('',#10534,#10535,#10536);
#10534 = CARTESIAN_POINT('',(1.781348742697,-3.973373126746,0.));
#10535 = DIRECTION('',(-0.,-0.,-1.));
#10536 = DIRECTION('',(-1.,0.,0.));
#10537 = SHELL_BASED_SURFACE_MODEL('',(#10538));
#10538 = OPEN_SHELL('',(#10539));
#10539 = ADVANCED_FACE('',(#10540,#10560),#10580,.T.);
#10540 = FACE_BOUND('',#10541,.T.);
#10541 = EDGE_LOOP('',(#10542,#10553));
#10542 = ORIENTED_EDGE('',*,*,#10543,.T.);
#10543 = EDGE_CURVE('',#10544,#10546,#10548,.T.);
#10544 = VERTEX_POINT('',#10545);
#10545 = CARTESIAN_POINT('',(5.345008890018,-19.55803911607,0.));
#10546 = VERTEX_POINT('',#10547);
#10547 = CARTESIAN_POINT('',(3.545008890018,-19.55803911607,0.));
#10548 = CIRCLE('',#10549,0.9);
#10549 = AXIS2_PLACEMENT_3D('',#10550,#10551,#10552);
#10550 = CARTESIAN_POINT('',(4.445008890018,-19.55803911607,0.));
#10551 = DIRECTION('',(-0.,0.,-1.));
#10552 = DIRECTION('',(1.,-1.110223024625E-16,-0.));
#10553 = ORIENTED_EDGE('',*,*,#10554,.T.);
#10554 = EDGE_CURVE('',#10546,#10544,#10555,.T.);
#10555 = CIRCLE('',#10556,0.9);
#10556 = AXIS2_PLACEMENT_3D('',#10557,#10558,#10559);
#10557 = CARTESIAN_POINT('',(4.445008890018,-19.55803911607,0.));
#10558 = DIRECTION('',(0.,0.,-1.));
#10559 = DIRECTION('',(-1.,1.110223024625E-16,0.));
#10560 = FACE_BOUND('',#10561,.T.);
#10561 = EDGE_LOOP('',(#10562,#10573));
#10562 = ORIENTED_EDGE('',*,*,#10563,.T.);
#10563 = EDGE_CURVE('',#10564,#10566,#10568,.T.);
#10564 = VERTEX_POINT('',#10565);
#10565 = CARTESIAN_POINT('',(3.845008890018,-19.55803911607,0.));
#10566 = VERTEX_POINT('',#10567);
#10567 = CARTESIAN_POINT('',(5.045008890018,-19.55803911607,0.));
#10568 = CIRCLE('',#10569,0.6);
#10569 = AXIS2_PLACEMENT_3D('',#10570,#10571,#10572);
#10570 = CARTESIAN_POINT('',(4.445008890018,-19.55803911607,0.));
#10571 = DIRECTION('',(0.,0.,1.));
#10572 = DIRECTION('',(-1.,-1.110223024625E-16,0.));
#10573 = ORIENTED_EDGE('',*,*,#10574,.T.);
#10574 = EDGE_CURVE('',#10566,#10564,#10575,.T.);
#10575 = CIRCLE('',#10576,0.6);
#10576 = AXIS2_PLACEMENT_3D('',#10577,#10578,#10579);
#10577 = CARTESIAN_POINT('',(4.445008890018,-19.55803911607,0.));
#10578 = DIRECTION('',(0.,0.,1.));
#10579 = DIRECTION('',(1.,1.110223024625E-16,-0.));
#10580 = PLANE('',#10581);
#10581 = AXIS2_PLACEMENT_3D('',#10582,#10583,#10584);
#10582 = CARTESIAN_POINT('',(4.445008890018,-19.55803911607,0.));
#10583 = DIRECTION('',(-0.,-0.,-1.));
#10584 = DIRECTION('',(-1.,0.,0.));
#10585 = SHELL_BASED_SURFACE_MODEL('',(#10586));
#10586 = OPEN_SHELL('',(#10587));
#10587 = ADVANCED_FACE('',(#10588,#10624),#10644,.T.);
#10588 = FACE_BOUND('',#10589,.T.);
#10589 = EDGE_LOOP('',(#10590,#10601,#10609,#10618));
#10590 = ORIENTED_EDGE('',*,*,#10591,.T.);
#10591 = EDGE_CURVE('',#10592,#10594,#10596,.T.);
#10592 = VERTEX_POINT('',#10593);
#10593 = CARTESIAN_POINT('',(3.601351282703,-3.793375666751,0.));
#10594 = VERTEX_POINT('',#10595);
#10595 = CARTESIAN_POINT('',(5.041356362713,-3.793375666751,0.));
#10596 = CIRCLE('',#10597,0.720002540005);
#10597 = AXIS2_PLACEMENT_3D('',#10598,#10599,#10600);
#10598 = CARTESIAN_POINT('',(4.321353822708,-3.793375666751,0.));
#10599 = DIRECTION('',(0.,0.,-1.));
#10600 = DIRECTION('',(-1.,1.110223024625E-16,0.));
#10601 = ORIENTED_EDGE('',*,*,#10602,.T.);
#10602 = EDGE_CURVE('',#10594,#10603,#10605,.T.);
#10603 = VERTEX_POINT('',#10604);
#10604 = CARTESIAN_POINT('',(5.041356362713,-4.153370586741,0.));
#10605 = LINE('',#10606,#10607);
#10606 = CARTESIAN_POINT('',(5.041356362713,-3.793375666751,0.));
#10607 = VECTOR('',#10608,1.);
#10608 = DIRECTION('',(0.,-1.,0.));
#10609 = ORIENTED_EDGE('',*,*,#10610,.T.);
#10610 = EDGE_CURVE('',#10603,#10611,#10613,.T.);
#10611 = VERTEX_POINT('',#10612);
#10612 = CARTESIAN_POINT('',(3.601351282703,-4.153370586741,0.));
#10613 = CIRCLE('',#10614,0.720002540005);
#10614 = AXIS2_PLACEMENT_3D('',#10615,#10616,#10617);
#10615 = CARTESIAN_POINT('',(4.321353822708,-4.153370586741,0.));
#10616 = DIRECTION('',(-0.,0.,-1.));
#10617 = DIRECTION('',(1.,-1.110223024625E-16,-0.));
#10618 = ORIENTED_EDGE('',*,*,#10619,.T.);
#10619 = EDGE_CURVE('',#10611,#10592,#10620,.T.);
#10620 = LINE('',#10621,#10622);
#10621 = CARTESIAN_POINT('',(3.601351282703,-4.153370586741,0.));
#10622 = VECTOR('',#10623,1.);
#10623 = DIRECTION('',(-1.233598545953E-15,1.,0.));
#10624 = FACE_BOUND('',#10625,.T.);
#10625 = EDGE_LOOP('',(#10626,#10637));
#10626 = ORIENTED_EDGE('',*,*,#10627,.T.);
#10627 = EDGE_CURVE('',#10628,#10630,#10632,.T.);
#10628 = VERTEX_POINT('',#10629);
#10629 = CARTESIAN_POINT('',(3.921353822708,-3.973347726695,0.));
#10630 = VERTEX_POINT('',#10631);
#10631 = CARTESIAN_POINT('',(4.721353822708,-3.973347726695,0.));
#10632 = CIRCLE('',#10633,0.4);
#10633 = AXIS2_PLACEMENT_3D('',#10634,#10635,#10636);
#10634 = CARTESIAN_POINT('',(4.321353822708,-3.973347726695,0.));
#10635 = DIRECTION('',(0.,0.,1.));
#10636 = DIRECTION('',(-1.,-1.110223024625E-16,0.));
#10637 = ORIENTED_EDGE('',*,*,#10638,.T.);
#10638 = EDGE_CURVE('',#10630,#10628,#10639,.T.);
#10639 = CIRCLE('',#10640,0.4);
#10640 = AXIS2_PLACEMENT_3D('',#10641,#10642,#10643);
#10641 = CARTESIAN_POINT('',(4.321353822708,-3.973347726695,0.));
#10642 = DIRECTION('',(0.,0.,1.));
#10643 = DIRECTION('',(1.,1.110223024625E-16,-0.));
#10644 = PLANE('',#10645);
#10645 = AXIS2_PLACEMENT_3D('',#10646,#10647,#10648);
#10646 = CARTESIAN_POINT('',(4.321353822708,-3.973373126746,0.));
#10647 = DIRECTION('',(-0.,-0.,-1.));
#10648 = DIRECTION('',(-1.,0.,0.));
#10649 = SHELL_BASED_SURFACE_MODEL('',(#10650));
#10650 = OPEN_SHELL('',(#10651));
#10651 = ADVANCED_FACE('',(#10652,#10806,#10826),#10846,.T.);
#10652 = FACE_BOUND('',#10653,.T.);
#10653 = EDGE_LOOP('',(#10654,#10665,#10673,#10681,#10690,#10698,#10707,
    #10715,#10724,#10732,#10741,#10749,#10758,#10766,#10774,#10782,
    #10791,#10799));
#10654 = ORIENTED_EDGE('',*,*,#10655,.T.);
#10655 = EDGE_CURVE('',#10656,#10658,#10660,.T.);
#10656 = VERTEX_POINT('',#10657);
#10657 = CARTESIAN_POINT('',(16.344700724354,-1.866671768296,0.));
#10658 = VERTEX_POINT('',#10659);
#10659 = CARTESIAN_POINT('',(15.843146996116,-1.544723521691,0.));
#10660 = CIRCLE('',#10661,0.305001270003);
#10661 = AXIS2_PLACEMENT_3D('',#10662,#10663,#10664);
#10662 = CARTESIAN_POINT('',(16.129032258065,-1.651003302007,0.));
#10663 = DIRECTION('',(-0.,0.,-1.));
#10664 = DIRECTION('',(0.707106781187,-0.707106781187,-0.));
#10665 = ORIENTED_EDGE('',*,*,#10666,.T.);
#10666 = EDGE_CURVE('',#10658,#10667,#10669,.T.);
#10667 = VERTEX_POINT('',#10668);
#10668 = CARTESIAN_POINT('',(12.647420172419,1.651003302007,0.));
#10669 = LINE('',#10670,#10671);
#10670 = CARTESIAN_POINT('',(15.843146996116,-1.544723521691,0.));
#10671 = VECTOR('',#10672,1.);
#10672 = DIRECTION('',(-0.707106781187,0.707106781187,0.));
#10673 = ORIENTED_EDGE('',*,*,#10674,.T.);
#10674 = EDGE_CURVE('',#10667,#10675,#10677,.T.);
#10675 = VERTEX_POINT('',#10676);
#10676 = CARTESIAN_POINT('',(5.461010922022,1.651003302007,0.));
#10677 = LINE('',#10678,#10679);
#10678 = CARTESIAN_POINT('',(12.647420172419,1.651003302007,0.));
#10679 = VECTOR('',#10680,1.);
#10680 = DIRECTION('',(-1.,0.,0.));
#10681 = ORIENTED_EDGE('',*,*,#10682,.T.);
#10682 = EDGE_CURVE('',#10675,#10683,#10685,.T.);
#10683 = VERTEX_POINT('',#10684);
#10684 = CARTESIAN_POINT('',(5.371208181206,1.688200815191,0.));
#10685 = CIRCLE('',#10686,0.127000254001);
#10686 = AXIS2_PLACEMENT_3D('',#10687,#10688,#10689);
#10687 = CARTESIAN_POINT('',(5.461010922022,1.778003556007,0.));
#10688 = DIRECTION('',(-0.,0.,-1.));
#10689 = DIRECTION('',(7.138648551061E-17,-1.,-0.));
#10690 = ORIENTED_EDGE('',*,*,#10691,.T.);
#10691 = EDGE_CURVE('',#10683,#10692,#10694,.T.);
#10692 = VERTEX_POINT('',#10693);
#10693 = CARTESIAN_POINT('',(4.231551081891,2.827857914505,0.));
#10694 = LINE('',#10695,#10696);
#10695 = CARTESIAN_POINT('',(5.371208181206,1.688200815191,0.));
#10696 = VECTOR('',#10697,1.);
#10697 = DIRECTION('',(-0.707106781187,0.707106781187,0.));
#10698 = ORIENTED_EDGE('',*,*,#10699,.T.);
#10699 = EDGE_CURVE('',#10692,#10700,#10702,.T.);
#10700 = VERTEX_POINT('',#10701);
#10701 = CARTESIAN_POINT('',(4.194353568707,2.917660655321,0.));
#10702 = CIRCLE('',#10703,0.127000254001);
#10703 = AXIS2_PLACEMENT_3D('',#10704,#10705,#10706);
#10704 = CARTESIAN_POINT('',(4.321353822708,2.917660655321,0.));
#10705 = DIRECTION('',(0.,0.,-1.));
#10706 = DIRECTION('',(-0.707106781187,-0.707106781187,-0.));
#10707 = ORIENTED_EDGE('',*,*,#10708,.T.);
#10708 = EDGE_CURVE('',#10700,#10709,#10711,.T.);
#10709 = VERTEX_POINT('',#10710);
#10710 = CARTESIAN_POINT('',(4.194353568707,3.077971957037,0.));
#10711 = LINE('',#10712,#10713);
#10712 = CARTESIAN_POINT('',(4.194353568707,2.917660655321,0.));
#10713 = VECTOR('',#10714,1.);
#10714 = DIRECTION('',(0.,1.,0.));
#10715 = ORIENTED_EDGE('',*,*,#10716,.T.);
#10716 = EDGE_CURVE('',#10709,#10717,#10719,.T.);
#10717 = VERTEX_POINT('',#10718);
#10718 = CARTESIAN_POINT('',(3.601351282703,3.786685293371,0.));
#10719 = CIRCLE('',#10720,0.720002540005);
#10720 = AXIS2_PLACEMENT_3D('',#10721,#10722,#10723);
#10721 = CARTESIAN_POINT('',(4.321353822708,3.786685293371,0.));
#10722 = DIRECTION('',(0.,0.,-1.));
#10723 = DIRECTION('',(-0.176388619406,-0.98432060577,-0.));
#10724 = ORIENTED_EDGE('',*,*,#10725,.T.);
#10725 = EDGE_CURVE('',#10717,#10726,#10728,.T.);
#10726 = VERTEX_POINT('',#10727);
#10727 = CARTESIAN_POINT('',(3.601351282703,4.14668021336,0.));
#10728 = LINE('',#10729,#10730);
#10729 = CARTESIAN_POINT('',(3.601351282703,3.786685293371,0.));
#10730 = VECTOR('',#10731,1.);
#10731 = DIRECTION('',(-1.233598545953E-15,1.,0.));
#10732 = ORIENTED_EDGE('',*,*,#10733,.T.);
#10733 = EDGE_CURVE('',#10726,#10734,#10736,.T.);
#10734 = VERTEX_POINT('',#10735);
#10735 = CARTESIAN_POINT('',(5.041356362713,4.14668021336,0.));
#10736 = CIRCLE('',#10737,0.720002540005);
#10737 = AXIS2_PLACEMENT_3D('',#10738,#10739,#10740);
#10738 = CARTESIAN_POINT('',(4.321353822708,4.14668021336,0.));
#10739 = DIRECTION('',(0.,0.,-1.));
#10740 = DIRECTION('',(-1.,1.110223024625E-16,0.));
#10741 = ORIENTED_EDGE('',*,*,#10742,.T.);
#10742 = EDGE_CURVE('',#10734,#10743,#10745,.T.);
#10743 = VERTEX_POINT('',#10744);
#10744 = CARTESIAN_POINT('',(5.041356362713,3.786685293371,0.));
#10745 = LINE('',#10746,#10747);
#10746 = CARTESIAN_POINT('',(5.041356362713,4.14668021336,0.));
#10747 = VECTOR('',#10748,1.);
#10748 = DIRECTION('',(0.,-1.,0.));
#10749 = ORIENTED_EDGE('',*,*,#10750,.T.);
#10750 = EDGE_CURVE('',#10743,#10751,#10753,.T.);
#10751 = VERTEX_POINT('',#10752);
#10752 = CARTESIAN_POINT('',(4.448354076708,3.077971957037,0.));
#10753 = CIRCLE('',#10754,0.720002540005);
#10754 = AXIS2_PLACEMENT_3D('',#10755,#10756,#10757);
#10755 = CARTESIAN_POINT('',(4.321353822708,3.786685293371,0.));
#10756 = DIRECTION('',(0.,0.,-1.));
#10757 = DIRECTION('',(1.,-1.922294912675E-15,0.));
#10758 = ORIENTED_EDGE('',*,*,#10759,.T.);
#10759 = EDGE_CURVE('',#10751,#10760,#10762,.T.);
#10760 = VERTEX_POINT('',#10761);
#10761 = CARTESIAN_POINT('',(4.448354076708,2.970265882953,0.));
#10762 = LINE('',#10763,#10764);
#10763 = CARTESIAN_POINT('',(4.448354076708,3.077971957037,0.));
#10764 = VECTOR('',#10765,1.);
#10765 = DIRECTION('',(8.246316906988E-15,-1.,0.));
#10766 = ORIENTED_EDGE('',*,*,#10767,.T.);
#10767 = EDGE_CURVE('',#10760,#10768,#10770,.T.);
#10768 = VERTEX_POINT('',#10769);
#10769 = CARTESIAN_POINT('',(5.513616149654,1.905003810008,0.));
#10770 = LINE('',#10771,#10772);
#10771 = CARTESIAN_POINT('',(4.448354076708,2.970265882953,0.));
#10772 = VECTOR('',#10773,1.);
#10773 = DIRECTION('',(0.707106781187,-0.707106781187,0.));
#10774 = ORIENTED_EDGE('',*,*,#10775,.T.);
#10775 = EDGE_CURVE('',#10768,#10776,#10778,.T.);
#10776 = VERTEX_POINT('',#10777);
#10777 = CARTESIAN_POINT('',(12.700025400051,1.905003810008,0.));
#10778 = LINE('',#10779,#10780);
#10779 = CARTESIAN_POINT('',(5.513616149654,1.905003810008,0.));
#10780 = VECTOR('',#10781,1.);
#10781 = DIRECTION('',(1.,0.,0.));
#10782 = ORIENTED_EDGE('',*,*,#10783,.T.);
#10783 = EDGE_CURVE('',#10776,#10784,#10786,.T.);
#10784 = VERTEX_POINT('',#10785);
#10785 = CARTESIAN_POINT('',(12.789828140867,1.867806296823,0.));
#10786 = CIRCLE('',#10787,0.127000254001);
#10787 = AXIS2_PLACEMENT_3D('',#10788,#10789,#10790);
#10788 = CARTESIAN_POINT('',(12.700025400051,1.778003556007,0.));
#10789 = DIRECTION('',(0.,0.,-1.));
#10790 = DIRECTION('',(1.284956739191E-15,1.,0.));
#10791 = ORIENTED_EDGE('',*,*,#10792,.T.);
#10792 = EDGE_CURVE('',#10784,#10793,#10795,.T.);
#10793 = VERTEX_POINT('',#10794);
#10794 = CARTESIAN_POINT('',(16.022752477749,-1.365118040058,0.));
#10795 = LINE('',#10796,#10797);
#10796 = CARTESIAN_POINT('',(12.789828140867,1.867806296823,0.));
#10797 = VECTOR('',#10798,1.);
#10798 = DIRECTION('',(0.707106781187,-0.707106781187,0.));
#10799 = ORIENTED_EDGE('',*,*,#10800,.T.);
#10800 = EDGE_CURVE('',#10793,#10656,#10801,.T.);
#10801 = CIRCLE('',#10802,0.305001270003);
#10802 = AXIS2_PLACEMENT_3D('',#10803,#10804,#10805);
#10803 = CARTESIAN_POINT('',(16.129032258065,-1.651003302007,0.));
#10804 = DIRECTION('',(0.,0.,-1.));
#10805 = DIRECTION('',(-0.348456845163,0.937324824732,0.));
#10806 = FACE_BOUND('',#10807,.T.);
#10807 = EDGE_LOOP('',(#10808,#10819));
#10808 = ORIENTED_EDGE('',*,*,#10809,.T.);
#10809 = EDGE_CURVE('',#10810,#10812,#10814,.T.);
#10810 = VERTEX_POINT('',#10811);
#10811 = CARTESIAN_POINT('',(15.976532893066,-1.651003302007,0.));
#10812 = VERTEX_POINT('',#10813);
#10813 = CARTESIAN_POINT('',(16.281531623063,-1.651003302007,0.));
#10814 = CIRCLE('',#10815,0.152499364999);
#10815 = AXIS2_PLACEMENT_3D('',#10816,#10817,#10818);
#10816 = CARTESIAN_POINT('',(16.129032258065,-1.651003302007,0.));
#10817 = DIRECTION('',(0.,0.,1.));
#10818 = DIRECTION('',(-1.,-1.110223024625E-16,0.));
#10819 = ORIENTED_EDGE('',*,*,#10820,.T.);
#10820 = EDGE_CURVE('',#10812,#10810,#10821,.T.);
#10821 = CIRCLE('',#10822,0.152499364999);
#10822 = AXIS2_PLACEMENT_3D('',#10823,#10824,#10825);
#10823 = CARTESIAN_POINT('',(16.129032258065,-1.651003302007,0.));
#10824 = DIRECTION('',(0.,0.,1.));
#10825 = DIRECTION('',(1.,1.110223024625E-16,-0.));
#10826 = FACE_BOUND('',#10827,.T.);
#10827 = EDGE_LOOP('',(#10828,#10839));
#10828 = ORIENTED_EDGE('',*,*,#10829,.T.);
#10829 = EDGE_CURVE('',#10830,#10832,#10834,.T.);
#10830 = VERTEX_POINT('',#10831);
#10831 = CARTESIAN_POINT('',(3.921353822708,3.966657353315,0.));
#10832 = VERTEX_POINT('',#10833);
#10833 = CARTESIAN_POINT('',(4.721353822708,3.966657353315,0.));
#10834 = CIRCLE('',#10835,0.4);
#10835 = AXIS2_PLACEMENT_3D('',#10836,#10837,#10838);
#10836 = CARTESIAN_POINT('',(4.321353822708,3.966657353315,0.));
#10837 = DIRECTION('',(0.,0.,1.));
#10838 = DIRECTION('',(-1.,-1.110223024625E-16,0.));
#10839 = ORIENTED_EDGE('',*,*,#10840,.T.);
#10840 = EDGE_CURVE('',#10832,#10830,#10841,.T.);
#10841 = CIRCLE('',#10842,0.4);
#10842 = AXIS2_PLACEMENT_3D('',#10843,#10844,#10845);
#10843 = CARTESIAN_POINT('',(4.321353822708,3.966657353315,0.));
#10844 = DIRECTION('',(0.,0.,1.));
#10845 = DIRECTION('',(1.,1.110223024625E-16,-0.));
#10846 = PLANE('',#10847);
#10847 = AXIS2_PLACEMENT_3D('',#10848,#10849,#10850);
#10848 = CARTESIAN_POINT('',(9.705174842473,1.559450177024,0.));
#10849 = DIRECTION('',(-0.,-0.,-1.));
#10850 = DIRECTION('',(-1.,0.,0.));
#10851 = SHELL_BASED_SURFACE_MODEL('',(#10852));
#10852 = OPEN_SHELL('',(#10853));
#10853 = ADVANCED_FACE('',(#10854,#10890),#10910,.T.);
#10854 = FACE_BOUND('',#10855,.T.);
#10855 = EDGE_LOOP('',(#10856,#10867,#10875,#10884));
#10856 = ORIENTED_EDGE('',*,*,#10857,.T.);
#10857 = EDGE_CURVE('',#10858,#10860,#10862,.T.);
#10858 = VERTEX_POINT('',#10859);
#10859 = CARTESIAN_POINT('',(6.141356362713,4.14668021336,0.));
#10860 = VERTEX_POINT('',#10861);
#10861 = CARTESIAN_POINT('',(7.581361442723,4.14668021336,0.));
#10862 = CIRCLE('',#10863,0.720002540005);
#10863 = AXIS2_PLACEMENT_3D('',#10864,#10865,#10866);
#10864 = CARTESIAN_POINT('',(6.861358902718,4.14668021336,0.));
#10865 = DIRECTION('',(0.,0.,-1.));
#10866 = DIRECTION('',(-1.,1.110223024625E-16,0.));
#10867 = ORIENTED_EDGE('',*,*,#10868,.T.);
#10868 = EDGE_CURVE('',#10860,#10869,#10871,.T.);
#10869 = VERTEX_POINT('',#10870);
#10870 = CARTESIAN_POINT('',(7.581361442723,3.786685293371,0.));
#10871 = LINE('',#10872,#10873);
#10872 = CARTESIAN_POINT('',(7.581361442723,4.14668021336,0.));
#10873 = VECTOR('',#10874,1.);
#10874 = DIRECTION('',(0.,-1.,0.));
#10875 = ORIENTED_EDGE('',*,*,#10876,.T.);
#10876 = EDGE_CURVE('',#10869,#10877,#10879,.T.);
#10877 = VERTEX_POINT('',#10878);
#10878 = CARTESIAN_POINT('',(6.141356362713,3.786685293371,0.));
#10879 = CIRCLE('',#10880,0.720002540005);
#10880 = AXIS2_PLACEMENT_3D('',#10881,#10882,#10883);
#10881 = CARTESIAN_POINT('',(6.861358902718,3.786685293371,0.));
#10882 = DIRECTION('',(-0.,0.,-1.));
#10883 = DIRECTION('',(1.,-1.110223024625E-16,-0.));
#10884 = ORIENTED_EDGE('',*,*,#10885,.T.);
#10885 = EDGE_CURVE('',#10877,#10858,#10886,.T.);
#10886 = LINE('',#10887,#10888);
#10887 = CARTESIAN_POINT('',(6.141356362713,3.786685293371,0.));
#10888 = VECTOR('',#10889,1.);
#10889 = DIRECTION('',(0.,1.,0.));
#10890 = FACE_BOUND('',#10891,.T.);
#10891 = EDGE_LOOP('',(#10892,#10903));
#10892 = ORIENTED_EDGE('',*,*,#10893,.T.);
#10893 = EDGE_CURVE('',#10894,#10896,#10898,.T.);
#10894 = VERTEX_POINT('',#10895);
#10895 = CARTESIAN_POINT('',(6.461358902718,3.966657353315,0.));
#10896 = VERTEX_POINT('',#10897);
#10897 = CARTESIAN_POINT('',(7.261358902718,3.966657353315,0.));
#10898 = CIRCLE('',#10899,0.4);
#10899 = AXIS2_PLACEMENT_3D('',#10900,#10901,#10902);
#10900 = CARTESIAN_POINT('',(6.861358902718,3.966657353315,0.));
#10901 = DIRECTION('',(0.,0.,1.));
#10902 = DIRECTION('',(-1.,-1.110223024625E-16,0.));
#10903 = ORIENTED_EDGE('',*,*,#10904,.T.);
#10904 = EDGE_CURVE('',#10896,#10894,#10905,.T.);
#10905 = CIRCLE('',#10906,0.4);
#10906 = AXIS2_PLACEMENT_3D('',#10907,#10908,#10909);
#10907 = CARTESIAN_POINT('',(6.861358902718,3.966657353315,0.));
#10908 = DIRECTION('',(0.,0.,1.));
#10909 = DIRECTION('',(1.,1.110223024625E-16,-0.));
#10910 = PLANE('',#10911);
#10911 = AXIS2_PLACEMENT_3D('',#10912,#10913,#10914);
#10912 = CARTESIAN_POINT('',(6.861358902718,3.966682753366,0.));
#10913 = DIRECTION('',(-0.,-0.,-1.));
#10914 = DIRECTION('',(-1.,0.,0.));
#10915 = SHELL_BASED_SURFACE_MODEL('',(#10916));
#10916 = OPEN_SHELL('',(#10917));
#10917 = ADVANCED_FACE('',(#10918,#10954),#10974,.T.);
#10918 = FACE_BOUND('',#10919,.T.);
#10919 = EDGE_LOOP('',(#10920,#10931,#10939,#10948));
#10920 = ORIENTED_EDGE('',*,*,#10921,.T.);
#10921 = EDGE_CURVE('',#10922,#10924,#10926,.T.);
#10922 = VERTEX_POINT('',#10923);
#10923 = CARTESIAN_POINT('',(6.141356362713,-3.793375666751,0.));
#10924 = VERTEX_POINT('',#10925);
#10925 = CARTESIAN_POINT('',(7.581361442723,-3.793375666751,0.));
#10926 = CIRCLE('',#10927,0.720002540005);
#10927 = AXIS2_PLACEMENT_3D('',#10928,#10929,#10930);
#10928 = CARTESIAN_POINT('',(6.861358902718,-3.793375666751,0.));
#10929 = DIRECTION('',(0.,0.,-1.));
#10930 = DIRECTION('',(-1.,1.110223024625E-16,0.));
#10931 = ORIENTED_EDGE('',*,*,#10932,.T.);
#10932 = EDGE_CURVE('',#10924,#10933,#10935,.T.);
#10933 = VERTEX_POINT('',#10934);
#10934 = CARTESIAN_POINT('',(7.581361442723,-4.153370586741,0.));
#10935 = LINE('',#10936,#10937);
#10936 = CARTESIAN_POINT('',(7.581361442723,-3.793375666751,0.));
#10937 = VECTOR('',#10938,1.);
#10938 = DIRECTION('',(0.,-1.,0.));
#10939 = ORIENTED_EDGE('',*,*,#10940,.T.);
#10940 = EDGE_CURVE('',#10933,#10941,#10943,.T.);
#10941 = VERTEX_POINT('',#10942);
#10942 = CARTESIAN_POINT('',(6.141356362713,-4.153370586741,0.));
#10943 = CIRCLE('',#10944,0.720002540005);
#10944 = AXIS2_PLACEMENT_3D('',#10945,#10946,#10947);
#10945 = CARTESIAN_POINT('',(6.861358902718,-4.153370586741,0.));
#10946 = DIRECTION('',(-0.,0.,-1.));
#10947 = DIRECTION('',(1.,-1.110223024625E-16,-0.));
#10948 = ORIENTED_EDGE('',*,*,#10949,.T.);
#10949 = EDGE_CURVE('',#10941,#10922,#10950,.T.);
#10950 = LINE('',#10951,#10952);
#10951 = CARTESIAN_POINT('',(6.141356362713,-4.153370586741,0.));
#10952 = VECTOR('',#10953,1.);
#10953 = DIRECTION('',(0.,1.,0.));
#10954 = FACE_BOUND('',#10955,.T.);
#10955 = EDGE_LOOP('',(#10956,#10967));
#10956 = ORIENTED_EDGE('',*,*,#10957,.T.);
#10957 = EDGE_CURVE('',#10958,#10960,#10962,.T.);
#10958 = VERTEX_POINT('',#10959);
#10959 = CARTESIAN_POINT('',(6.461358902718,-3.973347726695,0.));
#10960 = VERTEX_POINT('',#10961);
#10961 = CARTESIAN_POINT('',(7.261358902718,-3.973347726695,0.));
#10962 = CIRCLE('',#10963,0.4);
#10963 = AXIS2_PLACEMENT_3D('',#10964,#10965,#10966);
#10964 = CARTESIAN_POINT('',(6.861358902718,-3.973347726695,0.));
#10965 = DIRECTION('',(0.,0.,1.));
#10966 = DIRECTION('',(-1.,-1.110223024625E-16,0.));
#10967 = ORIENTED_EDGE('',*,*,#10968,.T.);
#10968 = EDGE_CURVE('',#10960,#10958,#10969,.T.);
#10969 = CIRCLE('',#10970,0.4);
#10970 = AXIS2_PLACEMENT_3D('',#10971,#10972,#10973);
#10971 = CARTESIAN_POINT('',(6.861358902718,-3.973347726695,0.));
#10972 = DIRECTION('',(0.,0.,1.));
#10973 = DIRECTION('',(1.,1.110223024625E-16,-0.));
#10974 = PLANE('',#10975);
#10975 = AXIS2_PLACEMENT_3D('',#10976,#10977,#10978);
#10976 = CARTESIAN_POINT('',(6.861358902718,-3.973373126746,0.));
#10977 = DIRECTION('',(-0.,-0.,-1.));
#10978 = DIRECTION('',(-1.,0.,0.));
#10979 = SHELL_BASED_SURFACE_MODEL('',(#10980));
#10980 = OPEN_SHELL('',(#10981));
#10981 = ADVANCED_FACE('',(#10982,#11002),#11022,.T.);
#10982 = FACE_BOUND('',#10983,.T.);
#10983 = EDGE_LOOP('',(#10984,#10995));
#10984 = ORIENTED_EDGE('',*,*,#10985,.T.);
#10985 = EDGE_CURVE('',#10986,#10988,#10990,.T.);
#10986 = VERTEX_POINT('',#10987);
#10987 = CARTESIAN_POINT('',(7.747015494031,18.883032766066,0.));
#10988 = VERTEX_POINT('',#10989);
#10989 = CARTESIAN_POINT('',(6.223012446025,18.883032766066,0.));
#10990 = CIRCLE('',#10991,0.762001524003);
#10991 = AXIS2_PLACEMENT_3D('',#10992,#10993,#10994);
#10992 = CARTESIAN_POINT('',(6.985013970028,18.883032766066,0.));
#10993 = DIRECTION('',(-0.,0.,-1.));
#10994 = DIRECTION('',(1.,-1.110223024625E-16,-0.));
#10995 = ORIENTED_EDGE('',*,*,#10996,.T.);
#10996 = EDGE_CURVE('',#10988,#10986,#10997,.T.);
#10997 = CIRCLE('',#10998,0.762001524003);
#10998 = AXIS2_PLACEMENT_3D('',#10999,#11000,#11001);
#10999 = CARTESIAN_POINT('',(6.985013970028,18.883032766066,0.));
#11000 = DIRECTION('',(0.,0.,-1.));
#11001 = DIRECTION('',(-1.,1.110223024625E-16,0.));
#11002 = FACE_BOUND('',#11003,.T.);
#11003 = EDGE_LOOP('',(#11004,#11015));
#11004 = ORIENTED_EDGE('',*,*,#11005,.T.);
#11005 = EDGE_CURVE('',#11006,#11008,#11010,.T.);
#11006 = VERTEX_POINT('',#11007);
#11007 = CARTESIAN_POINT('',(6.604013208026,18.883032766066,0.));
#11008 = VERTEX_POINT('',#11009);
#11009 = CARTESIAN_POINT('',(7.366014732029,18.883032766066,0.));
#11010 = CIRCLE('',#11011,0.381000762002);
#11011 = AXIS2_PLACEMENT_3D('',#11012,#11013,#11014);
#11012 = CARTESIAN_POINT('',(6.985013970028,18.883032766066,0.));
#11013 = DIRECTION('',(0.,0.,1.));
#11014 = DIRECTION('',(-1.,-1.110223024625E-16,0.));
#11015 = ORIENTED_EDGE('',*,*,#11016,.T.);
#11016 = EDGE_CURVE('',#11008,#11006,#11017,.T.);
#11017 = CIRCLE('',#11018,0.381000762002);
#11018 = AXIS2_PLACEMENT_3D('',#11019,#11020,#11021);
#11019 = CARTESIAN_POINT('',(6.985013970028,18.883032766066,0.));
#11020 = DIRECTION('',(0.,0.,1.));
#11021 = DIRECTION('',(1.,1.110223024625E-16,-0.));
#11022 = PLANE('',#11023);
#11023 = AXIS2_PLACEMENT_3D('',#11024,#11025,#11026);
#11024 = CARTESIAN_POINT('',(6.985013970028,18.883032766066,0.));
#11025 = DIRECTION('',(-0.,-0.,-1.));
#11026 = DIRECTION('',(-1.,0.,0.));
#11027 = SHELL_BASED_SURFACE_MODEL('',(#11028));
#11028 = OPEN_SHELL('',(#11029));
#11029 = ADVANCED_FACE('',(#11030,#11050),#11070,.T.);
#11030 = FACE_BOUND('',#11031,.T.);
#11031 = EDGE_LOOP('',(#11032,#11043));
#11032 = ORIENTED_EDGE('',*,*,#11033,.T.);
#11033 = EDGE_CURVE('',#11034,#11036,#11038,.T.);
#11034 = VERTEX_POINT('',#11035);
#11035 = CARTESIAN_POINT('',(12.076022352045,38.481076962154,0.));
#11036 = VERTEX_POINT('',#11037);
#11037 = CARTESIAN_POINT('',(10.276022352045,38.481076962154,0.));
#11038 = CIRCLE('',#11039,0.9);
#11039 = AXIS2_PLACEMENT_3D('',#11040,#11041,#11042);
#11040 = CARTESIAN_POINT('',(11.176022352045,38.481076962154,0.));
#11041 = DIRECTION('',(-0.,0.,-1.));
#11042 = DIRECTION('',(1.,-1.110223024625E-16,-0.));
#11043 = ORIENTED_EDGE('',*,*,#11044,.T.);
#11044 = EDGE_CURVE('',#11036,#11034,#11045,.T.);
#11045 = CIRCLE('',#11046,0.9);
#11046 = AXIS2_PLACEMENT_3D('',#11047,#11048,#11049);
#11047 = CARTESIAN_POINT('',(11.176022352045,38.481076962154,0.));
#11048 = DIRECTION('',(0.,0.,-1.));
#11049 = DIRECTION('',(-1.,1.110223024625E-16,0.));
#11050 = FACE_BOUND('',#11051,.T.);
#11051 = EDGE_LOOP('',(#11052,#11063));
#11052 = ORIENTED_EDGE('',*,*,#11053,.T.);
#11053 = EDGE_CURVE('',#11054,#11056,#11058,.T.);
#11054 = VERTEX_POINT('',#11055);
#11055 = CARTESIAN_POINT('',(10.676022352045,38.481076962154,0.));
#11056 = VERTEX_POINT('',#11057);
#11057 = CARTESIAN_POINT('',(11.676022352045,38.481076962154,0.));
#11058 = CIRCLE('',#11059,0.5);
#11059 = AXIS2_PLACEMENT_3D('',#11060,#11061,#11062);
#11060 = CARTESIAN_POINT('',(11.176022352045,38.481076962154,0.));
#11061 = DIRECTION('',(0.,0.,1.));
#11062 = DIRECTION('',(-1.,-1.110223024625E-16,0.));
#11063 = ORIENTED_EDGE('',*,*,#11064,.T.);
#11064 = EDGE_CURVE('',#11056,#11054,#11065,.T.);
#11065 = CIRCLE('',#11066,0.5);
#11066 = AXIS2_PLACEMENT_3D('',#11067,#11068,#11069);
#11067 = CARTESIAN_POINT('',(11.176022352045,38.481076962154,0.));
#11068 = DIRECTION('',(0.,0.,1.));
#11069 = DIRECTION('',(1.,1.110223024625E-16,-0.));
#11070 = PLANE('',#11071);
#11071 = AXIS2_PLACEMENT_3D('',#11072,#11073,#11074);
#11072 = CARTESIAN_POINT('',(11.176022352045,38.481076962154,0.));
#11073 = DIRECTION('',(-0.,-0.,-1.));
#11074 = DIRECTION('',(-1.,0.,0.));
#11075 = SHELL_BASED_SURFACE_MODEL('',(#11076));
#11076 = OPEN_SHELL('',(#11077));
#11077 = ADVANCED_FACE('',(#11078,#11098),#11118,.T.);
#11078 = FACE_BOUND('',#11079,.T.);
#11079 = EDGE_LOOP('',(#11080,#11091));
#11080 = ORIENTED_EDGE('',*,*,#11081,.T.);
#11081 = EDGE_CURVE('',#11082,#11084,#11086,.T.);
#11082 = VERTEX_POINT('',#11083);
#11083 = CARTESIAN_POINT('',(14.616027432055,-40.25908051816,0.));
#11084 = VERTEX_POINT('',#11085);
#11085 = CARTESIAN_POINT('',(12.816027432055,-40.25908051816,0.));
#11086 = CIRCLE('',#11087,0.9);
#11087 = AXIS2_PLACEMENT_3D('',#11088,#11089,#11090);
#11088 = CARTESIAN_POINT('',(13.716027432055,-40.25908051816,0.));
#11089 = DIRECTION('',(-0.,0.,-1.));
#11090 = DIRECTION('',(1.,-1.110223024625E-16,-0.));
#11091 = ORIENTED_EDGE('',*,*,#11092,.T.);
#11092 = EDGE_CURVE('',#11084,#11082,#11093,.T.);
#11093 = CIRCLE('',#11094,0.9);
#11094 = AXIS2_PLACEMENT_3D('',#11095,#11096,#11097);
#11095 = CARTESIAN_POINT('',(13.716027432055,-40.25908051816,0.));
#11096 = DIRECTION('',(0.,0.,-1.));
#11097 = DIRECTION('',(-1.,1.110223024625E-16,0.));
#11098 = FACE_BOUND('',#11099,.T.);
#11099 = EDGE_LOOP('',(#11100,#11111));
#11100 = ORIENTED_EDGE('',*,*,#11101,.T.);
#11101 = EDGE_CURVE('',#11102,#11104,#11106,.T.);
#11102 = VERTEX_POINT('',#11103);
#11103 = CARTESIAN_POINT('',(13.216027432055,-40.25908051816,0.));
#11104 = VERTEX_POINT('',#11105);
#11105 = CARTESIAN_POINT('',(14.216027432055,-40.25908051816,0.));
#11106 = CIRCLE('',#11107,0.5);
#11107 = AXIS2_PLACEMENT_3D('',#11108,#11109,#11110);
#11108 = CARTESIAN_POINT('',(13.716027432055,-40.25908051816,0.));
#11109 = DIRECTION('',(0.,0.,1.));
#11110 = DIRECTION('',(-1.,-1.110223024625E-16,0.));
#11111 = ORIENTED_EDGE('',*,*,#11112,.T.);
#11112 = EDGE_CURVE('',#11104,#11102,#11113,.T.);
#11113 = CIRCLE('',#11114,0.5);
#11114 = AXIS2_PLACEMENT_3D('',#11115,#11116,#11117);
#11115 = CARTESIAN_POINT('',(13.716027432055,-40.25908051816,0.));
#11116 = DIRECTION('',(0.,0.,1.));
#11117 = DIRECTION('',(1.,1.110223024625E-16,-0.));
#11118 = PLANE('',#11119);
#11119 = AXIS2_PLACEMENT_3D('',#11120,#11121,#11122);
#11120 = CARTESIAN_POINT('',(13.716027432055,-40.25908051816,0.));
#11121 = DIRECTION('',(-0.,-0.,-1.));
#11122 = DIRECTION('',(-1.,0.,0.));
#11123 = SHELL_BASED_SURFACE_MODEL('',(#11124));
#11124 = OPEN_SHELL('',(#11125));
#11125 = ADVANCED_FACE('',(#11126,#11180,#11200),#11220,.T.);
#11126 = FACE_BOUND('',#11127,.T.);
#11127 = EDGE_LOOP('',(#11128,#11138,#11147,#11156,#11164,#11173));
#11128 = ORIENTED_EDGE('',*,*,#11129,.T.);
#11129 = EDGE_CURVE('',#11130,#11132,#11134,.T.);
#11130 = VERTEX_POINT('',#11131);
#11131 = CARTESIAN_POINT('',(13.589027178054,-36.82808108604,0.));
#11132 = VERTEX_POINT('',#11133);
#11133 = CARTESIAN_POINT('',(13.589027178054,-6.274013208026,0.));
#11134 = LINE('',#11135,#11136);
#11135 = CARTESIAN_POINT('',(13.589027178054,-36.82808108604,0.));
#11136 = VECTOR('',#11137,1.);
#11137 = DIRECTION('',(5.813814535243E-17,1.,0.));
#11138 = ORIENTED_EDGE('',*,*,#11139,.T.);
#11139 = EDGE_CURVE('',#11132,#11140,#11142,.T.);
#11140 = VERTEX_POINT('',#11141);
#11141 = CARTESIAN_POINT('',(13.444931657478,-5.70019554036,0.));
#11142 = CIRCLE('',#11143,0.305001270003);
#11143 = AXIS2_PLACEMENT_3D('',#11144,#11145,#11146);
#11144 = CARTESIAN_POINT('',(13.589027178054,-5.969011938024,0.));
#11145 = DIRECTION('',(-0.,0.,-1.));
#11146 = DIRECTION('',(6.661711232013E-15,-1.,-0.));
#11147 = ORIENTED_EDGE('',*,*,#11148,.T.);
#11148 = EDGE_CURVE('',#11140,#11149,#11151,.T.);
#11149 = VERTEX_POINT('',#11150);
#11150 = CARTESIAN_POINT('',(13.843027686055,-6.137859551683,0.));
#11151 = CIRCLE('',#11152,0.305001270003);
#11152 = AXIS2_PLACEMENT_3D('',#11153,#11154,#11155);
#11153 = CARTESIAN_POINT('',(13.589027178054,-5.969011938024,0.));
#11154 = DIRECTION('',(0.,0.,-1.));
#11155 = DIRECTION('',(-0.472442362535,0.881361568304,0.));
#11156 = ORIENTED_EDGE('',*,*,#11157,.T.);
#11157 = EDGE_CURVE('',#11149,#11158,#11160,.T.);
#11158 = VERTEX_POINT('',#11159);
#11159 = CARTESIAN_POINT('',(13.843027686055,-36.82808108604,0.));
#11160 = LINE('',#11161,#11162);
#11161 = CARTESIAN_POINT('',(13.843027686055,-6.137859551683,0.));
#11162 = VECTOR('',#11163,1.);
#11163 = DIRECTION('',(-1.157604442452E-16,-1.,0.));
#11164 = ORIENTED_EDGE('',*,*,#11165,.T.);
#11165 = EDGE_CURVE('',#11158,#11166,#11168,.T.);
#11166 = VERTEX_POINT('',#11167);
#11167 = CARTESIAN_POINT('',(13.716027432055,-38.61907543815,0.));
#11168 = CIRCLE('',#11169,0.9);
#11169 = AXIS2_PLACEMENT_3D('',#11170,#11171,#11172);
#11170 = CARTESIAN_POINT('',(13.716027432055,-37.71907543815,0.));
#11171 = DIRECTION('',(0.,0.,-1.));
#11172 = DIRECTION('',(0.141111393334,0.989993724562,0.));
#11173 = ORIENTED_EDGE('',*,*,#11174,.T.);
#11174 = EDGE_CURVE('',#11166,#11130,#11175,.T.);
#11175 = CIRCLE('',#11176,0.9);
#11176 = AXIS2_PLACEMENT_3D('',#11177,#11178,#11179);
#11177 = CARTESIAN_POINT('',(13.716027432055,-37.71907543815,0.));
#11178 = DIRECTION('',(-0.,0.,-1.));
#11179 = DIRECTION('',(1.082093822658E-16,-1.,-0.));
#11180 = FACE_BOUND('',#11181,.T.);
#11181 = EDGE_LOOP('',(#11182,#11193));
#11182 = ORIENTED_EDGE('',*,*,#11183,.T.);
#11183 = EDGE_CURVE('',#11184,#11186,#11188,.T.);
#11184 = VERTEX_POINT('',#11185);
#11185 = CARTESIAN_POINT('',(13.216027432055,-37.71907543815,0.));
#11186 = VERTEX_POINT('',#11187);
#11187 = CARTESIAN_POINT('',(14.216027432055,-37.71907543815,0.));
#11188 = CIRCLE('',#11189,0.5);
#11189 = AXIS2_PLACEMENT_3D('',#11190,#11191,#11192);
#11190 = CARTESIAN_POINT('',(13.716027432055,-37.71907543815,0.));
#11191 = DIRECTION('',(0.,0.,1.));
#11192 = DIRECTION('',(-1.,-1.110223024625E-16,0.));
#11193 = ORIENTED_EDGE('',*,*,#11194,.T.);
#11194 = EDGE_CURVE('',#11186,#11184,#11195,.T.);
#11195 = CIRCLE('',#11196,0.5);
#11196 = AXIS2_PLACEMENT_3D('',#11197,#11198,#11199);
#11197 = CARTESIAN_POINT('',(13.716027432055,-37.71907543815,0.));
#11198 = DIRECTION('',(0.,0.,1.));
#11199 = DIRECTION('',(1.,1.110223024625E-16,-0.));
#11200 = FACE_BOUND('',#11201,.T.);
#11201 = EDGE_LOOP('',(#11202,#11213));
#11202 = ORIENTED_EDGE('',*,*,#11203,.T.);
#11203 = EDGE_CURVE('',#11204,#11206,#11208,.T.);
#11204 = VERTEX_POINT('',#11205);
#11205 = CARTESIAN_POINT('',(13.436527813056,-5.969011938024,0.));
#11206 = VERTEX_POINT('',#11207);
#11207 = CARTESIAN_POINT('',(13.741526543053,-5.969011938024,0.));
#11208 = CIRCLE('',#11209,0.152499364999);
#11209 = AXIS2_PLACEMENT_3D('',#11210,#11211,#11212);
#11210 = CARTESIAN_POINT('',(13.589027178054,-5.969011938024,0.));
#11211 = DIRECTION('',(0.,0.,1.));
#11212 = DIRECTION('',(-1.,-1.110223024625E-16,0.));
#11213 = ORIENTED_EDGE('',*,*,#11214,.T.);
#11214 = EDGE_CURVE('',#11206,#11204,#11215,.T.);
#11215 = CIRCLE('',#11216,0.152499364999);
#11216 = AXIS2_PLACEMENT_3D('',#11217,#11218,#11219);
#11217 = CARTESIAN_POINT('',(13.589027178054,-5.969011938024,0.));
#11218 = DIRECTION('',(0.,0.,1.));
#11219 = DIRECTION('',(1.,1.110223024625E-16,-0.));
#11220 = PLANE('',#11221);
#11221 = AXIS2_PLACEMENT_3D('',#11222,#11223,#11224);
#11222 = CARTESIAN_POINT('',(13.71280757351,-22.39508144182,0.));
#11223 = DIRECTION('',(-0.,-0.,-1.));
#11224 = DIRECTION('',(-1.,0.,0.));
#11225 = SHELL_BASED_SURFACE_MODEL('',(#11226));
#11226 = OPEN_SHELL('',(#11227));
#11227 = ADVANCED_FACE('',(#11228,#11307,#11327),#11347,.T.);
#11228 = FACE_BOUND('',#11229,.T.);
#11229 = EDGE_LOOP('',(#11230,#11240,#11248,#11257,#11266,#11274,#11283,
    #11291,#11300));
#11230 = ORIENTED_EDGE('',*,*,#11231,.T.);
#11231 = EDGE_CURVE('',#11232,#11234,#11236,.T.);
#11232 = VERTEX_POINT('',#11233);
#11233 = CARTESIAN_POINT('',(32.427235404944,-23.58982285254,0.));
#11234 = VERTEX_POINT('',#11235);
#11235 = CARTESIAN_POINT('',(27.506449890478,-18.66903733807,0.));
#11236 = LINE('',#11237,#11238);
#11237 = CARTESIAN_POINT('',(32.427235404944,-23.58982285254,0.));
#11238 = VECTOR('',#11239,1.);
#11239 = DIRECTION('',(-0.707106781187,0.707106781187,0.));
#11240 = ORIENTED_EDGE('',*,*,#11241,.T.);
#11241 = EDGE_CURVE('',#11234,#11242,#11244,.T.);
#11242 = VERTEX_POINT('',#11243);
#11243 = CARTESIAN_POINT('',(15.771333548791,-18.66903733807,0.));
#11244 = LINE('',#11245,#11246);
#11245 = CARTESIAN_POINT('',(27.506449890478,-18.66903733807,0.));
#11246 = VECTOR('',#11247,1.);
#11247 = DIRECTION('',(-1.,0.,0.));
#11248 = ORIENTED_EDGE('',*,*,#11249,.T.);
#11249 = EDGE_CURVE('',#11242,#11250,#11252,.T.);
#11250 = VERTEX_POINT('',#11251);
#11251 = CARTESIAN_POINT('',(15.189029718059,-18.54203708407,0.));
#11252 = CIRCLE('',#11253,0.305001270003);
#11253 = AXIS2_PLACEMENT_3D('',#11254,#11255,#11256);
#11254 = CARTESIAN_POINT('',(15.494030988062,-18.54203708407,0.));
#11255 = DIRECTION('',(-0.,0.,-1.));
#11256 = DIRECTION('',(0.909184937908,-0.416392541577,-0.));
#11257 = ORIENTED_EDGE('',*,*,#11258,.T.);
#11258 = EDGE_CURVE('',#11250,#11259,#11261,.T.);
#11259 = VERTEX_POINT('',#11260);
#11260 = CARTESIAN_POINT('',(15.771333548791,-18.41503683007,0.));
#11261 = CIRCLE('',#11262,0.305001270003);
#11262 = AXIS2_PLACEMENT_3D('',#11263,#11264,#11265);
#11263 = CARTESIAN_POINT('',(15.494030988062,-18.54203708407,0.));
#11264 = DIRECTION('',(0.,0.,-1.));
#11265 = DIRECTION('',(-1.,2.840791947337E-15,0.));
#11266 = ORIENTED_EDGE('',*,*,#11267,.T.);
#11267 = EDGE_CURVE('',#11259,#11268,#11270,.T.);
#11268 = VERTEX_POINT('',#11269);
#11269 = CARTESIAN_POINT('',(27.55905511811,-18.41503683007,0.));
#11270 = LINE('',#11271,#11272);
#11271 = CARTESIAN_POINT('',(15.771333548791,-18.41503683007,0.));
#11272 = VECTOR('',#11273,1.);
#11273 = DIRECTION('',(1.,0.,0.));
#11274 = ORIENTED_EDGE('',*,*,#11275,.T.);
#11275 = EDGE_CURVE('',#11268,#11276,#11278,.T.);
#11276 = VERTEX_POINT('',#11277);
#11277 = CARTESIAN_POINT('',(27.648857858926,-18.45223434325,0.));
#11278 = CIRCLE('',#11279,0.127000254001);
#11279 = AXIS2_PLACEMENT_3D('',#11280,#11281,#11282);
#11280 = CARTESIAN_POINT('',(27.55905511811,-18.54203708407,0.));
#11281 = DIRECTION('',(0.,0.,-1.));
#11282 = DIRECTION('',(7.638353949637E-15,1.,0.));
#11283 = ORIENTED_EDGE('',*,*,#11284,.T.);
#11284 = EDGE_CURVE('',#11276,#11285,#11287,.T.);
#11285 = VERTEX_POINT('',#11286);
#11286 = CARTESIAN_POINT('',(32.606840886576,-23.4102173709,0.));
#11287 = LINE('',#11288,#11289);
#11288 = CARTESIAN_POINT('',(27.648857858926,-18.45223434325,0.));
#11289 = VECTOR('',#11290,1.);
#11290 = DIRECTION('',(0.707106781187,-0.707106781187,0.));
#11291 = ORIENTED_EDGE('',*,*,#11292,.T.);
#11292 = EDGE_CURVE('',#11285,#11293,#11295,.T.);
#11293 = VERTEX_POINT('',#11294);
#11294 = CARTESIAN_POINT('',(33.7834623972,-24.76644436316,0.));
#11295 = CIRCLE('',#11296,0.9);
#11296 = AXIS2_PLACEMENT_3D('',#11297,#11298,#11299);
#11297 = CARTESIAN_POINT('',(33.147066294133,-24.13004826009,0.));
#11298 = DIRECTION('',(0.,0.,-1.));
#11299 = DIRECTION('',(-0.600250452841,0.799812099099,0.));
#11300 = ORIENTED_EDGE('',*,*,#11301,.T.);
#11301 = EDGE_CURVE('',#11293,#11232,#11302,.T.);
#11302 = CIRCLE('',#11303,0.9);
#11303 = AXIS2_PLACEMENT_3D('',#11304,#11305,#11306);
#11304 = CARTESIAN_POINT('',(33.147066294133,-24.13004826009,0.));
#11305 = DIRECTION('',(-0.,0.,-1.));
#11306 = DIRECTION('',(0.707106781187,-0.707106781187,-0.));
#11307 = FACE_BOUND('',#11308,.T.);
#11308 = EDGE_LOOP('',(#11309,#11320));
#11309 = ORIENTED_EDGE('',*,*,#11310,.T.);
#11310 = EDGE_CURVE('',#11311,#11313,#11315,.T.);
#11311 = VERTEX_POINT('',#11312);
#11312 = CARTESIAN_POINT('',(32.647066294133,-24.13004826009,0.));
#11313 = VERTEX_POINT('',#11314);
#11314 = CARTESIAN_POINT('',(33.647066294133,-24.13004826009,0.));
#11315 = CIRCLE('',#11316,0.5);
#11316 = AXIS2_PLACEMENT_3D('',#11317,#11318,#11319);
#11317 = CARTESIAN_POINT('',(33.147066294133,-24.13004826009,0.));
#11318 = DIRECTION('',(0.,0.,1.));
#11319 = DIRECTION('',(-1.,-1.110223024625E-16,0.));
#11320 = ORIENTED_EDGE('',*,*,#11321,.T.);
#11321 = EDGE_CURVE('',#11313,#11311,#11322,.T.);
#11322 = CIRCLE('',#11323,0.5);
#11323 = AXIS2_PLACEMENT_3D('',#11324,#11325,#11326);
#11324 = CARTESIAN_POINT('',(33.147066294133,-24.13004826009,0.));
#11325 = DIRECTION('',(0.,0.,1.));
#11326 = DIRECTION('',(1.,1.110223024625E-16,-0.));
#11327 = FACE_BOUND('',#11328,.T.);
#11328 = EDGE_LOOP('',(#11329,#11340));
#11329 = ORIENTED_EDGE('',*,*,#11330,.T.);
#11330 = EDGE_CURVE('',#11331,#11333,#11335,.T.);
#11331 = VERTEX_POINT('',#11332);
#11332 = CARTESIAN_POINT('',(15.341531623063,-18.54203708407,0.));
#11333 = VERTEX_POINT('',#11334);
#11334 = CARTESIAN_POINT('',(15.646530353061,-18.54203708407,0.));
#11335 = CIRCLE('',#11336,0.152499364999);
#11336 = AXIS2_PLACEMENT_3D('',#11337,#11338,#11339);
#11337 = CARTESIAN_POINT('',(15.494030988062,-18.54203708407,0.));
#11338 = DIRECTION('',(0.,0.,1.));
#11339 = DIRECTION('',(-1.,-1.110223024625E-16,0.));
#11340 = ORIENTED_EDGE('',*,*,#11341,.T.);
#11341 = EDGE_CURVE('',#11333,#11331,#11342,.T.);
#11342 = CIRCLE('',#11343,0.152499364999);
#11343 = AXIS2_PLACEMENT_3D('',#11344,#11345,#11346);
#11344 = CARTESIAN_POINT('',(15.494030988062,-18.54203708407,0.));
#11345 = DIRECTION('',(0.,0.,1.));
#11346 = DIRECTION('',(1.,1.110223024625E-16,-0.));
#11347 = PLANE('',#11348);
#11348 = AXIS2_PLACEMENT_3D('',#11349,#11350,#11351);
#11349 = CARTESIAN_POINT('',(25.430141825573,-19.98031223029,0.));
#11350 = DIRECTION('',(-0.,-0.,-1.));
#11351 = DIRECTION('',(-1.,0.,0.));
#11352 = SHELL_BASED_SURFACE_MODEL('',(#11353));
#11353 = OPEN_SHELL('',(#11354));
#11354 = ADVANCED_FACE('',(#11355,#11584,#11604),#11624,.T.);
#11355 = FACE_BOUND('',#11356,.T.);
#11356 = EDGE_LOOP('',(#11357,#11367,#11375,#11383,#11392,#11400,#11409,
    #11418,#11426,#11434,#11443,#11451,#11460,#11468,#11476,#11484,
    #11492,#11500,#11509,#11518,#11526,#11535,#11543,#11552,#11560,
    #11569,#11577));
#11357 = ORIENTED_EDGE('',*,*,#11358,.T.);
#11358 = EDGE_CURVE('',#11359,#11361,#11363,.T.);
#11359 = VERTEX_POINT('',#11360);
#11360 = CARTESIAN_POINT('',(28.448056896114,-5.715011430023,0.));
#11361 = VERTEX_POINT('',#11362);
#11362 = CARTESIAN_POINT('',(28.448056896114,0.709396296371,0.));
#11363 = LINE('',#11364,#11365);
#11364 = CARTESIAN_POINT('',(28.448056896114,-5.715011430023,0.));
#11365 = VECTOR('',#11366,1.);
#11366 = DIRECTION('',(0.,1.,0.));
#11367 = ORIENTED_EDGE('',*,*,#11368,.T.);
#11368 = EDGE_CURVE('',#11361,#11369,#11371,.T.);
#11369 = VERTEX_POINT('',#11370);
#11370 = CARTESIAN_POINT('',(26.109447096473,3.048006096012,0.));
#11371 = LINE('',#11372,#11373);
#11372 = CARTESIAN_POINT('',(28.448056896114,0.709396296371,0.));
#11373 = VECTOR('',#11374,1.);
#11374 = DIRECTION('',(-0.707106781187,0.707106781187,0.));
#11375 = ORIENTED_EDGE('',*,*,#11376,.T.);
#11376 = EDGE_CURVE('',#11369,#11377,#11379,.T.);
#11377 = VERTEX_POINT('',#11378);
#11378 = CARTESIAN_POINT('',(19.050038100076,3.048006096012,0.));
#11379 = LINE('',#11380,#11381);
#11380 = CARTESIAN_POINT('',(26.109447096473,3.048006096012,0.));
#11381 = VECTOR('',#11382,1.);
#11382 = DIRECTION('',(-1.,0.,0.));
#11383 = ORIENTED_EDGE('',*,*,#11384,.T.);
#11384 = EDGE_CURVE('',#11377,#11385,#11387,.T.);
#11385 = VERTEX_POINT('',#11386);
#11386 = CARTESIAN_POINT('',(18.96023535926,3.085203609197,0.));
#11387 = CIRCLE('',#11388,0.127000254001);
#11388 = AXIS2_PLACEMENT_3D('',#11389,#11390,#11391);
#11389 = CARTESIAN_POINT('',(19.050038100076,3.175006350013,0.));
#11390 = DIRECTION('',(-0.,0.,-1.));
#11391 = DIRECTION('',(3.640710761041E-15,-1.,-0.));
#11392 = ORIENTED_EDGE('',*,*,#11393,.T.);
#11393 = EDGE_CURVE('',#11385,#11394,#11396,.T.);
#11394 = VERTEX_POINT('',#11395);
#11395 = CARTESIAN_POINT('',(16.489312546381,5.556126422075,0.));
#11396 = LINE('',#11397,#11398);
#11397 = CARTESIAN_POINT('',(18.96023535926,3.085203609197,0.));
#11398 = VECTOR('',#11399,1.);
#11399 = DIRECTION('',(-0.707106781187,0.707106781187,0.));
#11400 = ORIENTED_EDGE('',*,*,#11401,.T.);
#11401 = EDGE_CURVE('',#11394,#11402,#11404,.T.);
#11402 = VERTEX_POINT('',#11403);
#11403 = CARTESIAN_POINT('',(16.167364299776,6.057680150313,0.));
#11404 = CIRCLE('',#11405,0.305001270003);
#11405 = AXIS2_PLACEMENT_3D('',#11406,#11407,#11408);
#11406 = CARTESIAN_POINT('',(16.383032766066,5.842011684023,0.));
#11407 = DIRECTION('',(-0.,0.,-1.));
#11408 = DIRECTION('',(0.348456845163,-0.937324824732,-0.));
#11409 = ORIENTED_EDGE('',*,*,#11410,.T.);
#11410 = EDGE_CURVE('',#11402,#11411,#11413,.T.);
#11411 = VERTEX_POINT('',#11412);
#11412 = CARTESIAN_POINT('',(16.668918028014,5.735731903708,0.));
#11413 = CIRCLE('',#11414,0.305001270003);
#11414 = AXIS2_PLACEMENT_3D('',#11415,#11416,#11417);
#11415 = CARTESIAN_POINT('',(16.383032766066,5.842011684023,0.));
#11416 = DIRECTION('',(0.,0.,-1.));
#11417 = DIRECTION('',(-0.707106781187,0.707106781187,0.));
#11418 = ORIENTED_EDGE('',*,*,#11419,.T.);
#11419 = EDGE_CURVE('',#11411,#11420,#11422,.T.);
#11420 = VERTEX_POINT('',#11421);
#11421 = CARTESIAN_POINT('',(19.102643327708,3.302006604013,0.));
#11422 = LINE('',#11423,#11424);
#11423 = CARTESIAN_POINT('',(16.668918028014,5.735731903708,0.));
#11424 = VECTOR('',#11425,1.);
#11425 = DIRECTION('',(0.707106781187,-0.707106781187,0.));
#11426 = ORIENTED_EDGE('',*,*,#11427,.T.);
#11427 = EDGE_CURVE('',#11420,#11428,#11430,.T.);
#11428 = VERTEX_POINT('',#11429);
#11429 = CARTESIAN_POINT('',(26.162052324105,3.302006604013,0.));
#11430 = LINE('',#11431,#11432);
#11431 = CARTESIAN_POINT('',(19.102643327708,3.302006604013,0.));
#11432 = VECTOR('',#11433,1.);
#11433 = DIRECTION('',(1.,0.,0.));
#11434 = ORIENTED_EDGE('',*,*,#11435,.T.);
#11435 = EDGE_CURVE('',#11428,#11436,#11438,.T.);
#11436 = VERTEX_POINT('',#11437);
#11437 = CARTESIAN_POINT('',(26.251855064921,3.264809090829,0.));
#11438 = CIRCLE('',#11439,0.127000254001);
#11439 = AXIS2_PLACEMENT_3D('',#11440,#11441,#11442);
#11440 = CARTESIAN_POINT('',(26.162052324105,3.175006350013,0.));
#11441 = DIRECTION('',(0.,0.,-1.));
#11442 = DIRECTION('',(2.141594565319E-16,1.,0.));
#11443 = ORIENTED_EDGE('',*,*,#11444,.T.);
#11444 = EDGE_CURVE('',#11436,#11445,#11447,.T.);
#11445 = VERTEX_POINT('',#11446);
#11446 = CARTESIAN_POINT('',(28.66485989093,0.851804264819,0.));
#11447 = LINE('',#11448,#11449);
#11448 = CARTESIAN_POINT('',(26.251855064921,3.264809090829,0.));
#11449 = VECTOR('',#11450,1.);
#11450 = DIRECTION('',(0.707106781187,-0.707106781187,0.));
#11451 = ORIENTED_EDGE('',*,*,#11452,.T.);
#11452 = EDGE_CURVE('',#11445,#11453,#11455,.T.);
#11453 = VERTEX_POINT('',#11454);
#11454 = CARTESIAN_POINT('',(28.702057404115,0.762001524003,0.));
#11455 = CIRCLE('',#11456,0.127000254001);
#11456 = AXIS2_PLACEMENT_3D('',#11457,#11458,#11459);
#11457 = CARTESIAN_POINT('',(28.575057150114,0.762001524003,0.));
#11458 = DIRECTION('',(0.,0.,-1.));
#11459 = DIRECTION('',(0.707106781186,0.707106781187,0.));
#11460 = ORIENTED_EDGE('',*,*,#11461,.T.);
#11461 = EDGE_CURVE('',#11453,#11462,#11464,.T.);
#11462 = VERTEX_POINT('',#11463);
#11463 = CARTESIAN_POINT('',(28.702057404115,-5.662406202391,0.));
#11464 = LINE('',#11465,#11466);
#11465 = CARTESIAN_POINT('',(28.702057404115,0.762001524003,0.));
#11466 = VECTOR('',#11467,1.);
#11467 = DIRECTION('',(0.,-1.,0.));
#11468 = ORIENTED_EDGE('',*,*,#11469,.T.);
#11469 = EDGE_CURVE('',#11462,#11470,#11472,.T.);
#11470 = VERTEX_POINT('',#11471);
#11471 = CARTESIAN_POINT('',(30.024665171752,-6.985013970028,0.));
#11472 = LINE('',#11473,#11474);
#11473 = CARTESIAN_POINT('',(28.702057404115,-5.662406202391,0.));
#11474 = VECTOR('',#11475,1.);
#11475 = DIRECTION('',(0.707106781187,-0.707106781187,0.));
#11476 = ORIENTED_EDGE('',*,*,#11477,.T.);
#11477 = EDGE_CURVE('',#11470,#11478,#11480,.T.);
#11478 = VERTEX_POINT('',#11479);
#11479 = CARTESIAN_POINT('',(45.794486466552,-6.985013970028,0.));
#11480 = LINE('',#11481,#11482);
#11481 = CARTESIAN_POINT('',(30.024665171752,-6.985013970028,0.));
#11482 = VECTOR('',#11483,1.);
#11483 = DIRECTION('',(1.,0.,0.));
#11484 = ORIENTED_EDGE('',*,*,#11485,.T.);
#11485 = EDGE_CURVE('',#11478,#11486,#11488,.T.);
#11486 = VERTEX_POINT('',#11487);
#11487 = CARTESIAN_POINT('',(46.609093218186,-6.170407218393,0.));
#11488 = LINE('',#11489,#11490);
#11489 = CARTESIAN_POINT('',(45.794486466552,-6.985013970028,0.));
#11490 = VECTOR('',#11491,1.);
#11491 = DIRECTION('',(0.707106781187,0.707106781187,0.));
#11492 = ORIENTED_EDGE('',*,*,#11493,.T.);
#11493 = EDGE_CURVE('',#11486,#11494,#11496,.T.);
#11494 = VERTEX_POINT('',#11495);
#11495 = CARTESIAN_POINT('',(46.609093218186,-2.297002794006,0.));
#11496 = LINE('',#11497,#11498);
#11497 = CARTESIAN_POINT('',(46.609093218186,-6.170407218393,0.));
#11498 = VECTOR('',#11499,1.);
#11499 = DIRECTION('',(0.,1.,0.));
#11500 = ORIENTED_EDGE('',*,*,#11501,.T.);
#11501 = EDGE_CURVE('',#11494,#11502,#11504,.T.);
#11502 = VERTEX_POINT('',#11503);
#11503 = CARTESIAN_POINT('',(46.480782274398,-0.506196248394,0.));
#11504 = CIRCLE('',#11505,0.9);
#11505 = AXIS2_PLACEMENT_3D('',#11506,#11507,#11508);
#11506 = CARTESIAN_POINT('',(46.609093218186,-1.397002794006,0.));
#11507 = DIRECTION('',(0.,0.,-1.));
#11508 = DIRECTION('',(-5.719938685669E-16,-1.,-0.));
#11509 = ORIENTED_EDGE('',*,*,#11510,.T.);
#11510 = EDGE_CURVE('',#11502,#11511,#11513,.T.);
#11511 = VERTEX_POINT('',#11512);
#11512 = CARTESIAN_POINT('',(46.863093726187,-2.260416797792,0.));
#11513 = CIRCLE('',#11514,0.9);
#11514 = AXIS2_PLACEMENT_3D('',#11515,#11516,#11517);
#11515 = CARTESIAN_POINT('',(46.609093218186,-1.397002794006,0.));
#11516 = DIRECTION('',(0.,0.,-1.));
#11517 = DIRECTION('',(-0.142567715321,0.989785050679,0.));
#11518 = ORIENTED_EDGE('',*,*,#11519,.T.);
#11519 = EDGE_CURVE('',#11511,#11520,#11522,.T.);
#11520 = VERTEX_POINT('',#11521);
#11521 = CARTESIAN_POINT('',(46.863093726187,-6.223012446025,0.));
#11522 = LINE('',#11523,#11524);
#11523 = CARTESIAN_POINT('',(46.863093726187,-2.260416797792,0.));
#11524 = VECTOR('',#11525,1.);
#11525 = DIRECTION('',(0.,-1.,0.));
#11526 = ORIENTED_EDGE('',*,*,#11527,.T.);
#11527 = EDGE_CURVE('',#11520,#11528,#11530,.T.);
#11528 = VERTEX_POINT('',#11529);
#11529 = CARTESIAN_POINT('',(46.825896213003,-6.312815186841,0.));
#11530 = CIRCLE('',#11531,0.127000254001);
#11531 = AXIS2_PLACEMENT_3D('',#11532,#11533,#11534);
#11532 = CARTESIAN_POINT('',(46.736093472187,-6.223012446025,0.));
#11533 = DIRECTION('',(0.,0.,-1.));
#11534 = DIRECTION('',(1.,3.183837253773E-14,0.));
#11535 = ORIENTED_EDGE('',*,*,#11536,.T.);
#11536 = EDGE_CURVE('',#11528,#11537,#11539,.T.);
#11537 = VERTEX_POINT('',#11538);
#11538 = CARTESIAN_POINT('',(45.936894435,-7.201816964845,0.));
#11539 = LINE('',#11540,#11541);
#11540 = CARTESIAN_POINT('',(46.825896213003,-6.312815186841,0.));
#11541 = VECTOR('',#11542,1.);
#11542 = DIRECTION('',(-0.707106781187,-0.707106781187,0.));
#11543 = ORIENTED_EDGE('',*,*,#11544,.T.);
#11544 = EDGE_CURVE('',#11537,#11545,#11547,.T.);
#11545 = VERTEX_POINT('',#11546);
#11546 = CARTESIAN_POINT('',(45.847091694183,-7.239014478029,0.));
#11547 = CIRCLE('',#11548,0.127000254001);
#11548 = AXIS2_PLACEMENT_3D('',#11549,#11550,#11551);
#11549 = CARTESIAN_POINT('',(45.847091694183,-7.112014224028,0.));
#11550 = DIRECTION('',(0.,0.,-1.));
#11551 = DIRECTION('',(0.707106781187,-0.707106781187,0.));
#11552 = ORIENTED_EDGE('',*,*,#11553,.T.);
#11553 = EDGE_CURVE('',#11545,#11554,#11556,.T.);
#11554 = VERTEX_POINT('',#11555);
#11555 = CARTESIAN_POINT('',(29.97205994412,-7.239014478029,0.));
#11556 = LINE('',#11557,#11558);
#11557 = CARTESIAN_POINT('',(45.847091694183,-7.239014478029,0.));
#11558 = VECTOR('',#11559,1.);
#11559 = DIRECTION('',(-1.,0.,0.));
#11560 = ORIENTED_EDGE('',*,*,#11561,.T.);
#11561 = EDGE_CURVE('',#11554,#11562,#11564,.T.);
#11562 = VERTEX_POINT('',#11563);
#11563 = CARTESIAN_POINT('',(29.882257203304,-7.201816964845,0.));
#11564 = CIRCLE('',#11565,0.127000254001);
#11565 = AXIS2_PLACEMENT_3D('',#11566,#11567,#11568);
#11566 = CARTESIAN_POINT('',(29.97205994412,-7.112014224028,0.));
#11567 = DIRECTION('',(0.,0.,-1.));
#11568 = DIRECTION('',(-7.638353949637E-15,-1.,-0.));
#11569 = ORIENTED_EDGE('',*,*,#11570,.T.);
#11570 = EDGE_CURVE('',#11562,#11571,#11573,.T.);
#11571 = VERTEX_POINT('',#11572);
#11572 = CARTESIAN_POINT('',(28.485254409298,-5.804814170839,0.));
#11573 = LINE('',#11574,#11575);
#11574 = CARTESIAN_POINT('',(29.882257203304,-7.201816964845,0.));
#11575 = VECTOR('',#11576,1.);
#11576 = DIRECTION('',(-0.707106781187,0.707106781187,0.));
#11577 = ORIENTED_EDGE('',*,*,#11578,.T.);
#11578 = EDGE_CURVE('',#11571,#11359,#11579,.T.);
#11579 = CIRCLE('',#11580,0.127000254001);
#11580 = AXIS2_PLACEMENT_3D('',#11581,#11582,#11583);
#11581 = CARTESIAN_POINT('',(28.575057150114,-5.715011430023,0.));
#11582 = DIRECTION('',(0.,0.,-1.));
#11583 = DIRECTION('',(-0.707106781186,-0.707106781187,-0.));
#11584 = FACE_BOUND('',#11585,.T.);
#11585 = EDGE_LOOP('',(#11586,#11597));
#11586 = ORIENTED_EDGE('',*,*,#11587,.T.);
#11587 = EDGE_CURVE('',#11588,#11590,#11592,.T.);
#11588 = VERTEX_POINT('',#11589);
#11589 = CARTESIAN_POINT('',(46.109093218186,-1.397002794006,0.));
#11590 = VERTEX_POINT('',#11591);
#11591 = CARTESIAN_POINT('',(47.109093218186,-1.397002794006,0.));
#11592 = CIRCLE('',#11593,0.5);
#11593 = AXIS2_PLACEMENT_3D('',#11594,#11595,#11596);
#11594 = CARTESIAN_POINT('',(46.609093218186,-1.397002794006,0.));
#11595 = DIRECTION('',(0.,0.,1.));
#11596 = DIRECTION('',(-1.,-1.110223024625E-16,0.));
#11597 = ORIENTED_EDGE('',*,*,#11598,.T.);
#11598 = EDGE_CURVE('',#11590,#11588,#11599,.T.);
#11599 = CIRCLE('',#11600,0.5);
#11600 = AXIS2_PLACEMENT_3D('',#11601,#11602,#11603);
#11601 = CARTESIAN_POINT('',(46.609093218186,-1.397002794006,0.));
#11602 = DIRECTION('',(0.,0.,1.));
#11603 = DIRECTION('',(1.,1.110223024625E-16,-0.));
#11604 = FACE_BOUND('',#11605,.T.);
#11605 = EDGE_LOOP('',(#11606,#11617));
#11606 = ORIENTED_EDGE('',*,*,#11607,.T.);
#11607 = EDGE_CURVE('',#11608,#11610,#11612,.T.);
#11608 = VERTEX_POINT('',#11609);
#11609 = CARTESIAN_POINT('',(16.230533401067,5.842011684023,0.));
#11610 = VERTEX_POINT('',#11611);
#11611 = CARTESIAN_POINT('',(16.535532131064,5.842011684023,0.));
#11612 = CIRCLE('',#11613,0.152499364999);
#11613 = AXIS2_PLACEMENT_3D('',#11614,#11615,#11616);
#11614 = CARTESIAN_POINT('',(16.383032766066,5.842011684023,0.));
#11615 = DIRECTION('',(0.,0.,1.));
#11616 = DIRECTION('',(-1.,-1.110223024625E-16,0.));
#11617 = ORIENTED_EDGE('',*,*,#11618,.T.);
#11618 = EDGE_CURVE('',#11610,#11608,#11619,.T.);
#11619 = CIRCLE('',#11620,0.152499364999);
#11620 = AXIS2_PLACEMENT_3D('',#11621,#11622,#11623);
#11621 = CARTESIAN_POINT('',(16.383032766066,5.842011684023,0.));
#11622 = DIRECTION('',(0.,0.,1.));
#11623 = DIRECTION('',(1.,1.110223024625E-16,-0.));
#11624 = PLANE('',#11625);
#11625 = AXIS2_PLACEMENT_3D('',#11626,#11627,#11628);
#11626 = CARTESIAN_POINT('',(32.755533857611,-2.575886865794,0.));
#11627 = DIRECTION('',(-0.,-0.,-1.));
#11628 = DIRECTION('',(-1.,0.,0.));
#11629 = SHELL_BASED_SURFACE_MODEL('',(#11630));
#11630 = OPEN_SHELL('',(#11631));
#11631 = ADVANCED_FACE('',(#11632,#11652),#11672,.T.);
#11632 = FACE_BOUND('',#11633,.T.);
#11633 = EDGE_LOOP('',(#11634,#11645));
#11634 = ORIENTED_EDGE('',*,*,#11635,.T.);
#11635 = EDGE_CURVE('',#11636,#11638,#11640,.T.);
#11636 = VERTEX_POINT('',#11637);
#11637 = CARTESIAN_POINT('',(17.945034290069,-14.26708153416,0.));
#11638 = VERTEX_POINT('',#11639);
#11639 = CARTESIAN_POINT('',(16.345034290069,-14.26708153416,0.));
#11640 = CIRCLE('',#11641,0.8);
#11641 = AXIS2_PLACEMENT_3D('',#11642,#11643,#11644);
#11642 = CARTESIAN_POINT('',(17.145034290069,-14.26708153416,0.));
#11643 = DIRECTION('',(-0.,0.,-1.));
#11644 = DIRECTION('',(1.,-1.110223024625E-16,-0.));
#11645 = ORIENTED_EDGE('',*,*,#11646,.T.);
#11646 = EDGE_CURVE('',#11638,#11636,#11647,.T.);
#11647 = CIRCLE('',#11648,0.8);
#11648 = AXIS2_PLACEMENT_3D('',#11649,#11650,#11651);
#11649 = CARTESIAN_POINT('',(17.145034290069,-14.26708153416,0.));
#11650 = DIRECTION('',(0.,0.,-1.));
#11651 = DIRECTION('',(-1.,1.110223024625E-16,0.));
#11652 = FACE_BOUND('',#11653,.T.);
#11653 = EDGE_LOOP('',(#11654,#11665));
#11654 = ORIENTED_EDGE('',*,*,#11655,.T.);
#11655 = EDGE_CURVE('',#11656,#11658,#11660,.T.);
#11656 = VERTEX_POINT('',#11657);
#11657 = CARTESIAN_POINT('',(16.687833375667,-14.26697993396,0.));
#11658 = VERTEX_POINT('',#11659);
#11659 = CARTESIAN_POINT('',(17.60223520447,-14.26697993396,0.));
#11660 = CIRCLE('',#11661,0.457200914402);
#11661 = AXIS2_PLACEMENT_3D('',#11662,#11663,#11664);
#11662 = CARTESIAN_POINT('',(17.145034290069,-14.26697993396,0.));
#11663 = DIRECTION('',(0.,0.,1.));
#11664 = DIRECTION('',(-1.,-1.110223024625E-16,0.));
#11665 = ORIENTED_EDGE('',*,*,#11666,.T.);
#11666 = EDGE_CURVE('',#11658,#11656,#11667,.T.);
#11667 = CIRCLE('',#11668,0.457200914402);
#11668 = AXIS2_PLACEMENT_3D('',#11669,#11670,#11671);
#11669 = CARTESIAN_POINT('',(17.145034290069,-14.26697993396,0.));
#11670 = DIRECTION('',(0.,0.,1.));
#11671 = DIRECTION('',(1.,1.110223024625E-16,-0.));
#11672 = PLANE('',#11673);
#11673 = AXIS2_PLACEMENT_3D('',#11674,#11675,#11676);
#11674 = CARTESIAN_POINT('',(17.145034290069,-14.26708153416,0.));
#11675 = DIRECTION('',(-0.,-0.,-1.));
#11676 = DIRECTION('',(-1.,0.,0.));
#11677 = SHELL_BASED_SURFACE_MODEL('',(#11678));
#11678 = OPEN_SHELL('',(#11679));
#11679 = ADVANCED_FACE('',(#11680,#11714),#11734,.T.);
#11680 = FACE_BOUND('',#11681,.T.);
#11681 = EDGE_LOOP('',(#11682,#11692,#11700,#11708));
#11682 = ORIENTED_EDGE('',*,*,#11683,.T.);
#11683 = EDGE_CURVE('',#11684,#11686,#11688,.T.);
#11684 = VERTEX_POINT('',#11685);
#11685 = CARTESIAN_POINT('',(19.546761493523,6.312966725933,0.));
#11686 = VERTEX_POINT('',#11687);
#11687 = CARTESIAN_POINT('',(19.546761493523,8.012966725933,0.));
#11688 = LINE('',#11689,#11690);
#11689 = CARTESIAN_POINT('',(19.546761493523,6.312966725933,0.));
#11690 = VECTOR('',#11691,1.);
#11691 = DIRECTION('',(0.,1.,0.));
#11692 = ORIENTED_EDGE('',*,*,#11693,.T.);
#11693 = EDGE_CURVE('',#11686,#11694,#11696,.T.);
#11694 = VERTEX_POINT('',#11695);
#11695 = CARTESIAN_POINT('',(21.246761493523,8.012966725933,0.));
#11696 = LINE('',#11697,#11698);
#11697 = CARTESIAN_POINT('',(19.546761493523,8.012966725933,0.));
#11698 = VECTOR('',#11699,1.);
#11699 = DIRECTION('',(1.,0.,0.));
#11700 = ORIENTED_EDGE('',*,*,#11701,.T.);
#11701 = EDGE_CURVE('',#11694,#11702,#11704,.T.);
#11702 = VERTEX_POINT('',#11703);
#11703 = CARTESIAN_POINT('',(21.246761493523,6.312966725933,0.));
#11704 = LINE('',#11705,#11706);
#11705 = CARTESIAN_POINT('',(21.246761493523,8.012966725933,0.));
#11706 = VECTOR('',#11707,1.);
#11707 = DIRECTION('',(0.,-1.,0.));
#11708 = ORIENTED_EDGE('',*,*,#11709,.T.);
#11709 = EDGE_CURVE('',#11702,#11684,#11710,.T.);
#11710 = LINE('',#11711,#11712);
#11711 = CARTESIAN_POINT('',(21.246761493523,6.312966725933,0.));
#11712 = VECTOR('',#11713,1.);
#11713 = DIRECTION('',(-1.,0.,0.));
#11714 = FACE_BOUND('',#11715,.T.);
#11715 = EDGE_LOOP('',(#11716,#11727));
#11716 = ORIENTED_EDGE('',*,*,#11717,.T.);
#11717 = EDGE_CURVE('',#11718,#11720,#11722,.T.);
#11718 = VERTEX_POINT('',#11719);
#11719 = CARTESIAN_POINT('',(19.846748793498,7.162966725933,0.));
#11720 = VERTEX_POINT('',#11721);
#11721 = CARTESIAN_POINT('',(20.946774193548,7.162966725933,0.));
#11722 = CIRCLE('',#11723,0.550012700025);
#11723 = AXIS2_PLACEMENT_3D('',#11724,#11725,#11726);
#11724 = CARTESIAN_POINT('',(20.396761493523,7.162966725933,0.));
#11725 = DIRECTION('',(0.,0.,1.));
#11726 = DIRECTION('',(-1.,-1.110223024625E-16,0.));
#11727 = ORIENTED_EDGE('',*,*,#11728,.T.);
#11728 = EDGE_CURVE('',#11720,#11718,#11729,.T.);
#11729 = CIRCLE('',#11730,0.550012700025);
#11730 = AXIS2_PLACEMENT_3D('',#11731,#11732,#11733);
#11731 = CARTESIAN_POINT('',(20.396761493523,7.162966725933,0.));
#11732 = DIRECTION('',(0.,0.,1.));
#11733 = DIRECTION('',(1.,1.110223024625E-16,-0.));
#11734 = PLANE('',#11735);
#11735 = AXIS2_PLACEMENT_3D('',#11736,#11737,#11738);
#11736 = CARTESIAN_POINT('',(20.396761493523,7.162966725933,0.));
#11737 = DIRECTION('',(-0.,-0.,-1.));
#11738 = DIRECTION('',(-1.,0.,0.));
#11739 = SHELL_BASED_SURFACE_MODEL('',(#11740));
#11740 = OPEN_SHELL('',(#11741));
#11741 = ADVANCED_FACE('',(#11742,#11821,#11841),#11861,.T.);
#11742 = FACE_BOUND('',#11743,.T.);
#11743 = EDGE_LOOP('',(#11744,#11754,#11763,#11771,#11780,#11789,#11797,
    #11805,#11814));
#11744 = ORIENTED_EDGE('',*,*,#11745,.T.);
#11745 = EDGE_CURVE('',#11746,#11748,#11750,.T.);
#11746 = VERTEX_POINT('',#11747);
#11747 = CARTESIAN_POINT('',(34.290068580137,16.660335326795,0.));
#11748 = VERTEX_POINT('',#11749);
#11749 = CARTESIAN_POINT('',(34.290068580137,19.177038354077,0.));
#11750 = LINE('',#11751,#11752);
#11751 = CARTESIAN_POINT('',(34.290068580137,16.660335326795,0.));
#11752 = VECTOR('',#11753,1.);
#11753 = DIRECTION('',(0.,1.,0.));
#11754 = ORIENTED_EDGE('',*,*,#11755,.T.);
#11755 = EDGE_CURVE('',#11748,#11756,#11758,.T.);
#11756 = VERTEX_POINT('',#11757);
#11757 = CARTESIAN_POINT('',(34.327266093322,19.266841094893,0.));
#11758 = CIRCLE('',#11759,0.127000254001);
#11759 = AXIS2_PLACEMENT_3D('',#11760,#11761,#11762);
#11760 = CARTESIAN_POINT('',(34.417068834138,19.177038354077,0.));
#11761 = DIRECTION('',(0.,0.,-1.));
#11762 = DIRECTION('',(-1.,-2.734102395056E-14,-0.));
#11763 = ORIENTED_EDGE('',*,*,#11764,.T.);
#11764 = EDGE_CURVE('',#11756,#11765,#11767,.T.);
#11765 = VERTEX_POINT('',#11766);
#11766 = CARTESIAN_POINT('',(37.888246326966,22.827821328537,0.));
#11767 = LINE('',#11768,#11769);
#11768 = CARTESIAN_POINT('',(34.327266093322,19.266841094893,0.));
#11769 = VECTOR('',#11770,1.);
#11770 = DIRECTION('',(0.707106781187,0.707106781187,0.));
#11771 = ORIENTED_EDGE('',*,*,#11772,.T.);
#11772 = EDGE_CURVE('',#11765,#11773,#11775,.T.);
#11773 = VERTEX_POINT('',#11774);
#11774 = CARTESIAN_POINT('',(39.244473319222,24.004442839161,0.));
#11775 = CIRCLE('',#11776,0.9);
#11776 = AXIS2_PLACEMENT_3D('',#11777,#11778,#11779);
#11777 = CARTESIAN_POINT('',(38.608077216154,23.368046736093,0.));
#11778 = DIRECTION('',(0.,0.,-1.));
#11779 = DIRECTION('',(-0.799812099099,-0.600250452841,-0.));
#11780 = ORIENTED_EDGE('',*,*,#11781,.T.);
#11781 = EDGE_CURVE('',#11773,#11782,#11784,.T.);
#11782 = VERTEX_POINT('',#11783);
#11783 = CARTESIAN_POINT('',(38.067851808598,22.648215846905,0.));
#11784 = CIRCLE('',#11785,0.9);
#11785 = AXIS2_PLACEMENT_3D('',#11786,#11787,#11788);
#11786 = CARTESIAN_POINT('',(38.608077216154,23.368046736093,0.));
#11787 = DIRECTION('',(0.,0.,-1.));
#11788 = DIRECTION('',(0.707106781187,0.707106781187,0.));
#11789 = ORIENTED_EDGE('',*,*,#11790,.T.);
#11790 = EDGE_CURVE('',#11782,#11791,#11793,.T.);
#11791 = VERTEX_POINT('',#11792);
#11792 = CARTESIAN_POINT('',(34.544069088138,19.124433126445,0.));
#11793 = LINE('',#11794,#11795);
#11794 = CARTESIAN_POINT('',(38.067851808598,22.648215846905,0.));
#11795 = VECTOR('',#11796,1.);
#11796 = DIRECTION('',(-0.707106781187,-0.707106781187,0.));
#11797 = ORIENTED_EDGE('',*,*,#11798,.T.);
#11798 = EDGE_CURVE('',#11791,#11799,#11801,.T.);
#11799 = VERTEX_POINT('',#11800);
#11800 = CARTESIAN_POINT('',(34.544069088138,16.660335326795,0.));
#11801 = LINE('',#11802,#11803);
#11802 = CARTESIAN_POINT('',(34.544069088138,19.124433126445,0.));
#11803 = VECTOR('',#11804,1.);
#11804 = DIRECTION('',(0.,-1.,0.));
#11805 = ORIENTED_EDGE('',*,*,#11806,.T.);
#11806 = EDGE_CURVE('',#11799,#11807,#11809,.T.);
#11807 = VERTEX_POINT('',#11808);
#11808 = CARTESIAN_POINT('',(34.417068834138,16.078031496063,0.));
#11809 = CIRCLE('',#11810,0.305001270003);
#11810 = AXIS2_PLACEMENT_3D('',#11811,#11812,#11813);
#11811 = CARTESIAN_POINT('',(34.417068834138,16.383032766066,0.));
#11812 = DIRECTION('',(0.,0.,-1.));
#11813 = DIRECTION('',(0.416392541577,0.909184937908,0.));
#11814 = ORIENTED_EDGE('',*,*,#11815,.T.);
#11815 = EDGE_CURVE('',#11807,#11746,#11816,.T.);
#11816 = CIRCLE('',#11817,0.305001270003);
#11817 = AXIS2_PLACEMENT_3D('',#11818,#11819,#11820);
#11818 = CARTESIAN_POINT('',(34.417068834138,16.383032766066,0.));
#11819 = DIRECTION('',(0.,0.,-1.));
#11820 = DIRECTION('',(-3.56263252412E-15,-1.,-0.));
#11821 = FACE_BOUND('',#11822,.T.);
#11822 = EDGE_LOOP('',(#11823,#11834));
#11823 = ORIENTED_EDGE('',*,*,#11824,.T.);
#11824 = EDGE_CURVE('',#11825,#11827,#11829,.T.);
#11825 = VERTEX_POINT('',#11826);
#11826 = CARTESIAN_POINT('',(34.264569469139,16.383032766066,0.));
#11827 = VERTEX_POINT('',#11828);
#11828 = CARTESIAN_POINT('',(34.569568199136,16.383032766066,0.));
#11829 = CIRCLE('',#11830,0.152499364999);
#11830 = AXIS2_PLACEMENT_3D('',#11831,#11832,#11833);
#11831 = CARTESIAN_POINT('',(34.417068834138,16.383032766066,0.));
#11832 = DIRECTION('',(0.,0.,1.));
#11833 = DIRECTION('',(-1.,-1.110223024625E-16,0.));
#11834 = ORIENTED_EDGE('',*,*,#11835,.T.);
#11835 = EDGE_CURVE('',#11827,#11825,#11836,.T.);
#11836 = CIRCLE('',#11837,0.152499364999);
#11837 = AXIS2_PLACEMENT_3D('',#11838,#11839,#11840);
#11838 = CARTESIAN_POINT('',(34.417068834138,16.383032766066,0.));
#11839 = DIRECTION('',(0.,0.,1.));
#11840 = DIRECTION('',(1.,1.110223024625E-16,-0.));
#11841 = FACE_BOUND('',#11842,.T.);
#11842 = EDGE_LOOP('',(#11843,#11854));
#11843 = ORIENTED_EDGE('',*,*,#11844,.T.);
#11844 = EDGE_CURVE('',#11845,#11847,#11849,.T.);
#11845 = VERTEX_POINT('',#11846);
#11846 = CARTESIAN_POINT('',(38.108077216154,23.368046736093,0.));
#11847 = VERTEX_POINT('',#11848);
#11848 = CARTESIAN_POINT('',(39.108077216154,23.368046736093,0.));
#11849 = CIRCLE('',#11850,0.5);
#11850 = AXIS2_PLACEMENT_3D('',#11851,#11852,#11853);
#11851 = CARTESIAN_POINT('',(38.608077216154,23.368046736093,0.));
#11852 = DIRECTION('',(0.,0.,1.));
#11853 = DIRECTION('',(-1.,-1.110223024625E-16,0.));
#11854 = ORIENTED_EDGE('',*,*,#11855,.T.);
#11855 = EDGE_CURVE('',#11847,#11845,#11856,.T.);
#11856 = CIRCLE('',#11857,0.5);
#11857 = AXIS2_PLACEMENT_3D('',#11858,#11859,#11860);
#11858 = CARTESIAN_POINT('',(38.608077216154,23.368046736093,0.));
#11859 = DIRECTION('',(0.,0.,1.));
#11860 = DIRECTION('',(1.,1.110223024625E-16,-0.));
#11861 = PLANE('',#11862);
#11862 = AXIS2_PLACEMENT_3D('',#11863,#11864,#11865);
#11863 = CARTESIAN_POINT('',(36.234189183703,20.498796863893,0.));
#11864 = DIRECTION('',(-0.,-0.,-1.));
#11865 = DIRECTION('',(-1.,0.,0.));
#11866 = SHELL_BASED_SURFACE_MODEL('',(#11867));
#11867 = OPEN_SHELL('',(#11868));
#11868 = ADVANCED_FACE('',(#11869,#11889),#11909,.T.);
#11869 = FACE_BOUND('',#11870,.T.);
#11870 = EDGE_LOOP('',(#11871,#11882));
#11871 = ORIENTED_EDGE('',*,*,#11872,.T.);
#11872 = EDGE_CURVE('',#11873,#11875,#11877,.T.);
#11873 = VERTEX_POINT('',#11874);
#11874 = CARTESIAN_POINT('',(36.587071374143,-24.13004826009,0.));
#11875 = VERTEX_POINT('',#11876);
#11876 = CARTESIAN_POINT('',(34.787071374143,-24.13004826009,0.));
#11877 = CIRCLE('',#11878,0.9);
#11878 = AXIS2_PLACEMENT_3D('',#11879,#11880,#11881);
#11879 = CARTESIAN_POINT('',(35.687071374143,-24.13004826009,0.));
#11880 = DIRECTION('',(-0.,0.,-1.));
#11881 = DIRECTION('',(1.,-1.110223024625E-16,-0.));
#11882 = ORIENTED_EDGE('',*,*,#11883,.T.);
#11883 = EDGE_CURVE('',#11875,#11873,#11884,.T.);
#11884 = CIRCLE('',#11885,0.9);
#11885 = AXIS2_PLACEMENT_3D('',#11886,#11887,#11888);
#11886 = CARTESIAN_POINT('',(35.687071374143,-24.13004826009,0.));
#11887 = DIRECTION('',(0.,0.,-1.));
#11888 = DIRECTION('',(-1.,1.110223024625E-16,0.));
#11889 = FACE_BOUND('',#11890,.T.);
#11890 = EDGE_LOOP('',(#11891,#11902));
#11891 = ORIENTED_EDGE('',*,*,#11892,.T.);
#11892 = EDGE_CURVE('',#11893,#11895,#11897,.T.);
#11893 = VERTEX_POINT('',#11894);
#11894 = CARTESIAN_POINT('',(35.187071374143,-24.13004826009,0.));
#11895 = VERTEX_POINT('',#11896);
#11896 = CARTESIAN_POINT('',(36.187071374143,-24.13004826009,0.));
#11897 = CIRCLE('',#11898,0.5);
#11898 = AXIS2_PLACEMENT_3D('',#11899,#11900,#11901);
#11899 = CARTESIAN_POINT('',(35.687071374143,-24.13004826009,0.));
#11900 = DIRECTION('',(0.,0.,1.));
#11901 = DIRECTION('',(-1.,-1.110223024625E-16,0.));
#11902 = ORIENTED_EDGE('',*,*,#11903,.T.);
#11903 = EDGE_CURVE('',#11895,#11893,#11904,.T.);
#11904 = CIRCLE('',#11905,0.5);
#11905 = AXIS2_PLACEMENT_3D('',#11906,#11907,#11908);
#11906 = CARTESIAN_POINT('',(35.687071374143,-24.13004826009,0.));
#11907 = DIRECTION('',(0.,0.,1.));
#11908 = DIRECTION('',(1.,1.110223024625E-16,-0.));
#11909 = PLANE('',#11910);
#11910 = AXIS2_PLACEMENT_3D('',#11911,#11912,#11913);
#11911 = CARTESIAN_POINT('',(35.687071374143,-24.13004826009,0.));
#11912 = DIRECTION('',(-0.,-0.,-1.));
#11913 = DIRECTION('',(-1.,0.,0.));
#11914 = SHELL_BASED_SURFACE_MODEL('',(#11915));
#11915 = OPEN_SHELL('',(#11916));
#11916 = ADVANCED_FACE('',(#11917,#11937),#11957,.T.);
#11917 = FACE_BOUND('',#11918,.T.);
#11918 = EDGE_LOOP('',(#11919,#11930));
#11919 = ORIENTED_EDGE('',*,*,#11920,.T.);
#11920 = EDGE_CURVE('',#11921,#11923,#11925,.T.);
#11921 = VERTEX_POINT('',#11922);
#11922 = CARTESIAN_POINT('',(36.968072136144,23.368046736093,0.));
#11923 = VERTEX_POINT('',#11924);
#11924 = CARTESIAN_POINT('',(35.168072136144,23.368046736093,0.));
#11925 = CIRCLE('',#11926,0.9);
#11926 = AXIS2_PLACEMENT_3D('',#11927,#11928,#11929);
#11927 = CARTESIAN_POINT('',(36.068072136144,23.368046736093,0.));
#11928 = DIRECTION('',(-0.,0.,-1.));
#11929 = DIRECTION('',(1.,-1.110223024625E-16,-0.));
#11930 = ORIENTED_EDGE('',*,*,#11931,.T.);
#11931 = EDGE_CURVE('',#11923,#11921,#11932,.T.);
#11932 = CIRCLE('',#11933,0.9);
#11933 = AXIS2_PLACEMENT_3D('',#11934,#11935,#11936);
#11934 = CARTESIAN_POINT('',(36.068072136144,23.368046736093,0.));
#11935 = DIRECTION('',(0.,0.,-1.));
#11936 = DIRECTION('',(-1.,1.110223024625E-16,0.));
#11937 = FACE_BOUND('',#11938,.T.);
#11938 = EDGE_LOOP('',(#11939,#11950));
#11939 = ORIENTED_EDGE('',*,*,#11940,.T.);
#11940 = EDGE_CURVE('',#11941,#11943,#11945,.T.);
#11941 = VERTEX_POINT('',#11942);
#11942 = CARTESIAN_POINT('',(35.568072136144,23.368046736093,0.));
#11943 = VERTEX_POINT('',#11944);
#11944 = CARTESIAN_POINT('',(36.568072136144,23.368046736093,0.));
#11945 = CIRCLE('',#11946,0.5);
#11946 = AXIS2_PLACEMENT_3D('',#11947,#11948,#11949);
#11947 = CARTESIAN_POINT('',(36.068072136144,23.368046736093,0.));
#11948 = DIRECTION('',(0.,0.,1.));
#11949 = DIRECTION('',(-1.,-1.110223024625E-16,0.));
#11950 = ORIENTED_EDGE('',*,*,#11951,.T.);
#11951 = EDGE_CURVE('',#11943,#11941,#11952,.T.);
#11952 = CIRCLE('',#11953,0.5);
#11953 = AXIS2_PLACEMENT_3D('',#11954,#11955,#11956);
#11954 = CARTESIAN_POINT('',(36.068072136144,23.368046736093,0.));
#11955 = DIRECTION('',(0.,0.,1.));
#11956 = DIRECTION('',(1.,1.110223024625E-16,-0.));
#11957 = PLANE('',#11958);
#11958 = AXIS2_PLACEMENT_3D('',#11959,#11960,#11961);
#11959 = CARTESIAN_POINT('',(36.068072136144,23.368046736093,0.));
#11960 = DIRECTION('',(-0.,-0.,-1.));
#11961 = DIRECTION('',(-1.,0.,0.));
#11962 = SHELL_BASED_SURFACE_MODEL('',(#11963));
#11963 = OPEN_SHELL('',(#11964));
#11964 = ADVANCED_FACE('',(#11965,#11985),#12005,.T.);
#11965 = FACE_BOUND('',#11966,.T.);
#11966 = EDGE_LOOP('',(#11967,#11978));
#11967 = ORIENTED_EDGE('',*,*,#11968,.T.);
#11968 = EDGE_CURVE('',#11969,#11971,#11973,.T.);
#11969 = VERTEX_POINT('',#11970);
#11970 = CARTESIAN_POINT('',(44.969088138176,-1.397002794006,0.));
#11971 = VERTEX_POINT('',#11972);
#11972 = CARTESIAN_POINT('',(43.169088138176,-1.397002794006,0.));
#11973 = CIRCLE('',#11974,0.9);
#11974 = AXIS2_PLACEMENT_3D('',#11975,#11976,#11977);
#11975 = CARTESIAN_POINT('',(44.069088138176,-1.397002794006,0.));
#11976 = DIRECTION('',(-0.,0.,-1.));
#11977 = DIRECTION('',(1.,-1.110223024625E-16,-0.));
#11978 = ORIENTED_EDGE('',*,*,#11979,.T.);
#11979 = EDGE_CURVE('',#11971,#11969,#11980,.T.);
#11980 = CIRCLE('',#11981,0.9);
#11981 = AXIS2_PLACEMENT_3D('',#11982,#11983,#11984);
#11982 = CARTESIAN_POINT('',(44.069088138176,-1.397002794006,0.));
#11983 = DIRECTION('',(0.,0.,-1.));
#11984 = DIRECTION('',(-1.,1.110223024625E-16,0.));
#11985 = FACE_BOUND('',#11986,.T.);
#11986 = EDGE_LOOP('',(#11987,#11998));
#11987 = ORIENTED_EDGE('',*,*,#11988,.T.);
#11988 = EDGE_CURVE('',#11989,#11991,#11993,.T.);
#11989 = VERTEX_POINT('',#11990);
#11990 = CARTESIAN_POINT('',(43.569088138176,-1.397002794006,0.));
#11991 = VERTEX_POINT('',#11992);
#11992 = CARTESIAN_POINT('',(44.569088138176,-1.397002794006,0.));
#11993 = CIRCLE('',#11994,0.5);
#11994 = AXIS2_PLACEMENT_3D('',#11995,#11996,#11997);
#11995 = CARTESIAN_POINT('',(44.069088138176,-1.397002794006,0.));
#11996 = DIRECTION('',(0.,0.,1.));
#11997 = DIRECTION('',(-1.,-1.110223024625E-16,0.));
#11998 = ORIENTED_EDGE('',*,*,#11999,.T.);
#11999 = EDGE_CURVE('',#11991,#11989,#12000,.T.);
#12000 = CIRCLE('',#12001,0.5);
#12001 = AXIS2_PLACEMENT_3D('',#12002,#12003,#12004);
#12002 = CARTESIAN_POINT('',(44.069088138176,-1.397002794006,0.));
#12003 = DIRECTION('',(0.,0.,1.));
#12004 = DIRECTION('',(1.,1.110223024625E-16,-0.));
#12005 = PLANE('',#12006);
#12006 = AXIS2_PLACEMENT_3D('',#12007,#12008,#12009);
#12007 = CARTESIAN_POINT('',(44.069088138176,-1.397002794006,0.));
#12008 = DIRECTION('',(-0.,-0.,-1.));
#12009 = DIRECTION('',(-1.,0.,0.));
#12010 = ( GEOMETRIC_REPRESENTATION_CONTEXT(3) 
GLOBAL_UNCERTAINTY_ASSIGNED_CONTEXT((#12014)) 
GLOBAL_UNIT_ASSIGNED_CONTEXT((#12011,#12012,#12013)) 
REPRESENTATION_CONTEXT('Context #1',
  '3D Context with UNIT and UNCERTAINTY') );
#12011 = ( LENGTH_UNIT() NAMED_UNIT(*) SI_UNIT(.MILLI.,.METRE.) );
#12012 = ( NAMED_UNIT(*) PLANE_ANGLE_UNIT() SI_UNIT($,.RADIAN.) );
#12013 = ( NAMED_UNIT(*) SI_UNIT($,.STERADIAN.) SOLID_ANGLE_UNIT() );
#12014 = UNCERTAINTY_MEASURE_WITH_UNIT(LENGTH_MEASURE(1.E-07),#12011,
  'distance_accuracy_value','confusion accuracy');
#12015 = CONTEXT_DEPENDENT_SHAPE_REPRESENTATION(#12016,#12018);
#12016 = ( REPRESENTATION_RELATIONSHIP('','',#5631,#10) 
REPRESENTATION_RELATIONSHIP_WITH_TRANSFORMATION(#12017) 
SHAPE_REPRESENTATION_RELATIONSHIP() );
#12017 = ITEM_DEFINED_TRANSFORMATION('','',#11,#19);
#12018 = PRODUCT_DEFINITION_SHAPE('Placement','Placement of an item',
  #12019);
#12019 = NEXT_ASSEMBLY_USAGE_OCCURRENCE('2','=>[0:1:1:3]','',#5,#5626,$
  );
#12020 = PRODUCT_RELATED_PRODUCT_CATEGORY('part',$,(#5628));
#12021 = SHAPE_DEFINITION_REPRESENTATION(#12022,#12028);
#12022 = PRODUCT_DEFINITION_SHAPE('','',#12023);
#12023 = PRODUCT_DEFINITION('design','',#12024,#12027);
#12024 = PRODUCT_DEFINITION_FORMATION('','',#12025);
#12025 = PRODUCT('BottomCopper~n1b3','BottomCopper~n1b3','',(#12026));
#12026 = PRODUCT_CONTEXT('',#2,'mechanical');
#12027 = PRODUCT_DEFINITION_CONTEXT('part definition',#2,'design');
#12028 = SHAPE_REPRESENTATION('',(#11,#12029,#13159,#13207,#13334,#13761
    ,#13938,#13986,#14348,#14547,#14899,#15026,#15074,#15122,#15170,
    #15347,#15395,#15522,#15570,#15672,#15736,#15800,#15902,#15966,
    #16030,#16092,#16318,#16382,#16446,#16573,#16637,#16764,#17040,
    #17192,#17294,#17342,#17390,#17454,#17502,#17550,#17677,#17725,
    #17773,#17821,#17869,#17917),#17965);
#12029 = SHELL_BASED_SURFACE_MODEL('',(#12030));
#12030 = OPEN_SHELL('',(#12031));
#12031 = ADVANCED_FACE('',(#12032,#12934,#12954,#12974,#12994,#13014,
    #13034,#13054,#13074,#13094,#13114,#13134),#13154,.T.);
#12032 = FACE_BOUND('',#12033,.T.);
#12033 = EDGE_LOOP('',(#12034,#12044,#12053,#12061,#12070,#12079,#12087,
    #12096,#12104,#12113,#12122,#12130,#12138,#12147,#12156,#12164,
    #12172,#12181,#12190,#12198,#12206,#12215,#12224,#12232,#12240,
    #12249,#12258,#12266,#12274,#12282,#12291,#12299,#12308,#12316,
    #12324,#12333,#12342,#12350,#12359,#12367,#12375,#12383,#12391,
    #12399,#12408,#12417,#12425,#12433,#12442,#12451,#12459,#12467,
    #12476,#12484,#12492,#12500,#12509,#12518,#12527,#12535,#12544,
    #12552,#12561,#12569,#12578,#12586,#12595,#12603,#12612,#12621,
    #12629,#12638,#12646,#12655,#12663,#12672,#12680,#12689,#12697,
    #12706,#12714,#12723,#12731,#12739,#12748,#12756,#12765,#12773,
    #12782,#12791,#12799,#12807,#12816,#12824,#12833,#12841,#12850,
    #12858,#12867,#12875,#12884,#12893,#12901,#12910,#12918,#12927));
#12034 = ORIENTED_EDGE('',*,*,#12035,.T.);
#12035 = EDGE_CURVE('',#12036,#12038,#12040,.T.);
#12036 = VERTEX_POINT('',#12037);
#12037 = CARTESIAN_POINT('',(-43.68808737617,-1.141009711903,0.));
#12038 = VERTEX_POINT('',#12039);
#12039 = CARTESIAN_POINT('',(-43.68808737617,15.11303022606,0.));
#12040 = LINE('',#12041,#12042);
#12041 = CARTESIAN_POINT('',(-43.68808737617,-1.141009711903,0.));
#12042 = VECTOR('',#12043,1.);
#12043 = DIRECTION('',(0.,1.,0.));
#12044 = ORIENTED_EDGE('',*,*,#12045,.T.);
#12045 = EDGE_CURVE('',#12038,#12046,#12048,.T.);
#12046 = VERTEX_POINT('',#12047);
#12047 = CARTESIAN_POINT('',(-43.65088986299,15.202832966877,0.));
#12048 = CIRCLE('',#12049,0.127000254001);
#12049 = AXIS2_PLACEMENT_3D('',#12050,#12051,#12052);
#12050 = CARTESIAN_POINT('',(-43.56108712217,15.11303022606,0.));
#12051 = DIRECTION('',(0.,0.,-1.));
#12052 = DIRECTION('',(-1.,-3.43368995306E-14,-0.));
#12053 = ORIENTED_EDGE('',*,*,#12054,.T.);
#12054 = EDGE_CURVE('',#12046,#12055,#12057,.T.);
#12055 = VERTEX_POINT('',#12056);
#12056 = CARTESIAN_POINT('',(-39.96290937534,18.890813454521,0.));
#12057 = LINE('',#12058,#12059);
#12058 = CARTESIAN_POINT('',(-43.65088986299,15.202832966877,0.));
#12059 = VECTOR('',#12060,1.);
#12060 = DIRECTION('',(0.707106781187,0.707106781187,0.));
#12061 = ORIENTED_EDGE('',*,*,#12062,.T.);
#12062 = EDGE_CURVE('',#12055,#12063,#12065,.T.);
#12063 = VERTEX_POINT('',#12064);
#12064 = CARTESIAN_POINT('',(-39.87947458922,20.067434965146,0.));
#12065 = CIRCLE('',#12066,0.9);
#12066 = AXIS2_PLACEMENT_3D('',#12067,#12068,#12069);
#12067 = CARTESIAN_POINT('',(-39.24307848615,19.431038862078,0.));
#12068 = DIRECTION('',(0.,0.,-1.));
#12069 = DIRECTION('',(-0.799812099099,-0.600250452841,-0.));
#12070 = ORIENTED_EDGE('',*,*,#12071,.T.);
#12071 = EDGE_CURVE('',#12063,#12072,#12074,.T.);
#12072 = VERTEX_POINT('',#12073);
#12073 = CARTESIAN_POINT('',(-38.7028530786,20.150869751267,0.));
#12074 = CIRCLE('',#12075,0.9);
#12075 = AXIS2_PLACEMENT_3D('',#12076,#12077,#12078);
#12076 = CARTESIAN_POINT('',(-39.24307848615,19.431038862078,0.));
#12077 = DIRECTION('',(0.,0.,-1.));
#12078 = DIRECTION('',(-0.707106781187,0.707106781187,0.));
#12079 = ORIENTED_EDGE('',*,*,#12080,.T.);
#12080 = EDGE_CURVE('',#12072,#12081,#12083,.T.);
#12081 = VERTEX_POINT('',#12082);
#12082 = CARTESIAN_POINT('',(-21.6798459209,37.173876908965,0.));
#12083 = LINE('',#12084,#12085);
#12084 = CARTESIAN_POINT('',(-38.7028530786,20.150869751267,0.));
#12085 = VECTOR('',#12086,1.);
#12086 = DIRECTION('',(0.707106781187,0.707106781187,0.));
#12087 = ORIENTED_EDGE('',*,*,#12088,.T.);
#12088 = EDGE_CURVE('',#12081,#12089,#12091,.T.);
#12089 = VERTEX_POINT('',#12090);
#12090 = CARTESIAN_POINT('',(-21.59004318008,37.211074422149,0.));
#12091 = CIRCLE('',#12092,0.127000254001);
#12092 = AXIS2_PLACEMENT_3D('',#12093,#12094,#12095);
#12093 = CARTESIAN_POINT('',(-21.59004318008,37.084074168148,0.));
#12094 = DIRECTION('',(0.,0.,-1.));
#12095 = DIRECTION('',(-0.707106781186,0.707106781187,0.));
#12096 = ORIENTED_EDGE('',*,*,#12097,.T.);
#12097 = EDGE_CURVE('',#12089,#12098,#12100,.T.);
#12098 = VERTEX_POINT('',#12099);
#12099 = CARTESIAN_POINT('',(-20.70303397618,37.211074422149,0.));
#12100 = LINE('',#12101,#12102);
#12101 = CARTESIAN_POINT('',(-21.59004318008,37.211074422149,0.));
#12102 = VECTOR('',#12103,1.);
#12103 = DIRECTION('',(1.,0.,0.));
#12104 = ORIENTED_EDGE('',*,*,#12105,.T.);
#12105 = EDGE_CURVE('',#12098,#12106,#12108,.T.);
#12106 = VERTEX_POINT('',#12107);
#12107 = CARTESIAN_POINT('',(-18.91203962407,37.084074168148,0.));
#12108 = CIRCLE('',#12109,0.9);
#12109 = AXIS2_PLACEMENT_3D('',#12110,#12111,#12112);
#12110 = CARTESIAN_POINT('',(-19.81203962407,37.084074168148,0.));
#12111 = DIRECTION('',(0.,0.,-1.));
#12112 = DIRECTION('',(-0.989993724562,0.141111393334,0.));
#12113 = ORIENTED_EDGE('',*,*,#12114,.T.);
#12114 = EDGE_CURVE('',#12106,#12115,#12117,.T.);
#12115 = VERTEX_POINT('',#12116);
#12116 = CARTESIAN_POINT('',(-20.70303397618,36.957073914148,0.));
#12117 = CIRCLE('',#12118,0.9);
#12118 = AXIS2_PLACEMENT_3D('',#12119,#12120,#12121);
#12119 = CARTESIAN_POINT('',(-19.81203962407,37.084074168148,0.));
#12120 = DIRECTION('',(0.,0.,-1.));
#12121 = DIRECTION('',(1.,-1.004801406754E-15,0.));
#12122 = ORIENTED_EDGE('',*,*,#12123,.T.);
#12123 = EDGE_CURVE('',#12115,#12124,#12126,.T.);
#12124 = VERTEX_POINT('',#12125);
#12125 = CARTESIAN_POINT('',(-21.53743795245,36.957073914148,0.));
#12126 = LINE('',#12127,#12128);
#12127 = CARTESIAN_POINT('',(-20.70303397618,36.957073914148,0.));
#12128 = VECTOR('',#12129,1.);
#12129 = DIRECTION('',(-1.,0.,0.));
#12130 = ORIENTED_EDGE('',*,*,#12131,.T.);
#12131 = EDGE_CURVE('',#12124,#12132,#12134,.T.);
#12132 = VERTEX_POINT('',#12133);
#12133 = CARTESIAN_POINT('',(-38.52324759696,19.971264269634,0.));
#12134 = LINE('',#12135,#12136);
#12135 = CARTESIAN_POINT('',(-21.53743795245,36.957073914148,0.));
#12136 = VECTOR('',#12137,1.);
#12137 = DIRECTION('',(-0.707106781187,-0.707106781187,0.));
#12138 = ORIENTED_EDGE('',*,*,#12139,.T.);
#12139 = EDGE_CURVE('',#12132,#12140,#12142,.T.);
#12140 = VERTEX_POINT('',#12141);
#12141 = CARTESIAN_POINT('',(-38.60668238308,18.79464275901,0.));
#12142 = CIRCLE('',#12143,0.9);
#12143 = AXIS2_PLACEMENT_3D('',#12144,#12145,#12146);
#12144 = CARTESIAN_POINT('',(-39.24307848615,19.431038862078,0.));
#12145 = DIRECTION('',(0.,0.,-1.));
#12146 = DIRECTION('',(0.799812099099,0.600250452841,0.));
#12147 = ORIENTED_EDGE('',*,*,#12148,.T.);
#12148 = EDGE_CURVE('',#12140,#12149,#12151,.T.);
#12149 = VERTEX_POINT('',#12150);
#12150 = CARTESIAN_POINT('',(-39.78330389371,18.711207972889,0.));
#12151 = CIRCLE('',#12152,0.9);
#12152 = AXIS2_PLACEMENT_3D('',#12153,#12154,#12155);
#12153 = CARTESIAN_POINT('',(-39.24307848615,19.431038862078,0.));
#12154 = DIRECTION('',(0.,0.,-1.));
#12155 = DIRECTION('',(0.707106781187,-0.707106781187,0.));
#12156 = ORIENTED_EDGE('',*,*,#12157,.T.);
#12157 = EDGE_CURVE('',#12149,#12158,#12160,.T.);
#12158 = VERTEX_POINT('',#12159);
#12159 = CARTESIAN_POINT('',(-43.43408686817,15.060424998429,0.));
#12160 = LINE('',#12161,#12162);
#12161 = CARTESIAN_POINT('',(-39.78330389371,18.711207972889,0.));
#12162 = VECTOR('',#12163,1.);
#12163 = DIRECTION('',(-0.707106781187,-0.707106781187,0.));
#12164 = ORIENTED_EDGE('',*,*,#12165,.T.);
#12165 = EDGE_CURVE('',#12158,#12166,#12168,.T.);
#12166 = VERTEX_POINT('',#12167);
#12167 = CARTESIAN_POINT('',(-43.43408686817,-1.141009711903,0.));
#12168 = LINE('',#12169,#12170);
#12169 = CARTESIAN_POINT('',(-43.43408686817,15.060424998429,0.));
#12170 = VECTOR('',#12171,1.);
#12171 = DIRECTION('',(0.,-1.,0.));
#12172 = ORIENTED_EDGE('',*,*,#12173,.T.);
#12173 = EDGE_CURVE('',#12166,#12174,#12176,.T.);
#12174 = VERTEX_POINT('',#12175);
#12175 = CARTESIAN_POINT('',(-42.66108712217,-2.032004064008,0.));
#12176 = CIRCLE('',#12177,0.9);
#12177 = AXIS2_PLACEMENT_3D('',#12178,#12179,#12180);
#12178 = CARTESIAN_POINT('',(-43.56108712217,-2.032004064008,0.));
#12179 = DIRECTION('',(0.,0.,-1.));
#12180 = DIRECTION('',(0.141111393334,0.989993724562,0.));
#12181 = ORIENTED_EDGE('',*,*,#12182,.T.);
#12182 = EDGE_CURVE('',#12174,#12183,#12185,.T.);
#12183 = VERTEX_POINT('',#12184);
#12184 = CARTESIAN_POINT('',(-43.43408686817,-2.922998416114,0.));
#12185 = CIRCLE('',#12186,0.9);
#12186 = AXIS2_PLACEMENT_3D('',#12187,#12188,#12189);
#12187 = CARTESIAN_POINT('',(-43.56108712217,-2.032004064008,0.));
#12188 = DIRECTION('',(0.,0.,-1.));
#12189 = DIRECTION('',(1.,-9.412051647533E-17,0.));
#12190 = ORIENTED_EDGE('',*,*,#12191,.T.);
#12191 = EDGE_CURVE('',#12183,#12192,#12194,.T.);
#12192 = VERTEX_POINT('',#12193);
#12193 = CARTESIAN_POINT('',(-43.43408686817,-16.58442804643,0.));
#12194 = LINE('',#12195,#12196);
#12195 = CARTESIAN_POINT('',(-43.43408686817,-2.922998416114,0.));
#12196 = VECTOR('',#12197,1.);
#12197 = DIRECTION('',(0.,-1.,0.));
#12198 = ORIENTED_EDGE('',*,*,#12199,.T.);
#12199 = EDGE_CURVE('',#12192,#12200,#12202,.T.);
#12200 = VERTEX_POINT('',#12201);
#12201 = CARTESIAN_POINT('',(-35.71929576569,-24.29921914891,0.));
#12202 = LINE('',#12203,#12204);
#12203 = CARTESIAN_POINT('',(-43.43408686817,-16.58442804643,0.));
#12204 = VECTOR('',#12205,1.);
#12205 = DIRECTION('',(0.707106781187,-0.707106781187,0.));
#12206 = ORIENTED_EDGE('',*,*,#12207,.T.);
#12207 = EDGE_CURVE('',#12200,#12208,#12210,.T.);
#12208 = VERTEX_POINT('',#12209);
#12209 = CARTESIAN_POINT('',(-34.54267425507,-24.38265393503,0.));
#12210 = CIRCLE('',#12211,0.9);
#12211 = AXIS2_PLACEMENT_3D('',#12212,#12213,#12214);
#12212 = CARTESIAN_POINT('',(-35.17907035814,-25.0190500381,0.));
#12213 = DIRECTION('',(0.,0.,-1.));
#12214 = DIRECTION('',(-0.600250452841,0.799812099099,0.));
#12215 = ORIENTED_EDGE('',*,*,#12216,.T.);
#12216 = EDGE_CURVE('',#12208,#12217,#12219,.T.);
#12217 = VERTEX_POINT('',#12218);
#12218 = CARTESIAN_POINT('',(-34.45923946895,-25.55927544565,0.));
#12219 = CIRCLE('',#12220,0.9);
#12220 = AXIS2_PLACEMENT_3D('',#12221,#12222,#12223);
#12221 = CARTESIAN_POINT('',(-35.17907035814,-25.0190500381,0.));
#12222 = DIRECTION('',(0.,0.,-1.));
#12223 = DIRECTION('',(0.707106781187,0.707106781187,0.));
#12224 = ORIENTED_EDGE('',*,*,#12225,.T.);
#12225 = EDGE_CURVE('',#12217,#12226,#12228,.T.);
#12226 = VERTEX_POINT('',#12227);
#12227 = CARTESIAN_POINT('',(-20.77543642845,-39.24307848615,0.));
#12228 = LINE('',#12229,#12230);
#12229 = CARTESIAN_POINT('',(-34.45923946895,-25.55927544565,0.));
#12230 = VECTOR('',#12231,1.);
#12231 = DIRECTION('',(0.707106781187,-0.707106781187,0.));
#12232 = ORIENTED_EDGE('',*,*,#12233,.T.);
#12233 = EDGE_CURVE('',#12226,#12234,#12236,.T.);
#12234 = VERTEX_POINT('',#12235);
#12235 = CARTESIAN_POINT('',(-16.76602610216,-39.24307848615,0.));
#12236 = LINE('',#12237,#12238);
#12237 = CARTESIAN_POINT('',(-20.77543642845,-39.24307848615,0.));
#12238 = VECTOR('',#12239,1.);
#12239 = DIRECTION('',(1.,0.,0.));
#12240 = ORIENTED_EDGE('',*,*,#12241,.T.);
#12241 = EDGE_CURVE('',#12234,#12242,#12244,.T.);
#12242 = VERTEX_POINT('',#12243);
#12243 = CARTESIAN_POINT('',(-15.53061666093,-38.53858716089,0.));
#12244 = CIRCLE('',#12245,0.9);
#12245 = AXIS2_PLACEMENT_3D('',#12246,#12247,#12248);
#12246 = CARTESIAN_POINT('',(-15.87503175006,-39.37007874015,0.));
#12247 = DIRECTION('',(0.,0.,-1.));
#12248 = DIRECTION('',(-0.989993724562,0.141111393334,0.));
#12249 = ORIENTED_EDGE('',*,*,#12250,.T.);
#12250 = EDGE_CURVE('',#12242,#12251,#12253,.T.);
#12251 = VERTEX_POINT('',#12252);
#12252 = CARTESIAN_POINT('',(-15.15520086087,-39.91030414771,0.));
#12253 = CIRCLE('',#12254,0.9);
#12254 = AXIS2_PLACEMENT_3D('',#12255,#12256,#12257);
#12255 = CARTESIAN_POINT('',(-15.87503175006,-39.37007874015,0.));
#12256 = DIRECTION('',(0.,0.,-1.));
#12257 = DIRECTION('',(0.382683432365,0.923879532511,0.));
#12258 = ORIENTED_EDGE('',*,*,#12259,.T.);
#12259 = EDGE_CURVE('',#12251,#12260,#12262,.T.);
#12260 = VERTEX_POINT('',#12261);
#12261 = CARTESIAN_POINT('',(-14.64342474442,-40.42208026416,0.));
#12262 = LINE('',#12263,#12264);
#12263 = CARTESIAN_POINT('',(-15.15520086087,-39.91030414771,0.));
#12264 = VECTOR('',#12265,1.);
#12265 = DIRECTION('',(0.707106781187,-0.707106781187,0.));
#12266 = ORIENTED_EDGE('',*,*,#12267,.T.);
#12267 = EDGE_CURVE('',#12260,#12268,#12270,.T.);
#12268 = VERTEX_POINT('',#12269);
#12269 = CARTESIAN_POINT('',(-12.89927274096,-40.42208026416,0.));
#12270 = LINE('',#12271,#12272);
#12271 = CARTESIAN_POINT('',(-14.64342474442,-40.42208026416,0.));
#12272 = VECTOR('',#12273,1.);
#12273 = DIRECTION('',(1.,0.,0.));
#12274 = ORIENTED_EDGE('',*,*,#12275,.T.);
#12275 = EDGE_CURVE('',#12268,#12276,#12278,.T.);
#12276 = VERTEX_POINT('',#12277);
#12277 = CARTESIAN_POINT('',(-12.64647025415,-40.16927777734,0.));
#12278 = LINE('',#12279,#12280);
#12279 = CARTESIAN_POINT('',(-12.89927274096,-40.42208026416,0.));
#12280 = VECTOR('',#12281,1.);
#12281 = DIRECTION('',(0.707106781187,0.707106781187,0.));
#12282 = ORIENTED_EDGE('',*,*,#12283,.T.);
#12283 = EDGE_CURVE('',#12276,#12284,#12286,.T.);
#12284 = VERTEX_POINT('',#12285);
#12285 = CARTESIAN_POINT('',(-12.55666751333,-40.13208026416,0.));
#12286 = CIRCLE('',#12287,0.127000254001);
#12287 = AXIS2_PLACEMENT_3D('',#12288,#12289,#12290);
#12288 = CARTESIAN_POINT('',(-12.55666751333,-40.25908051816,0.));
#12289 = DIRECTION('',(0.,0.,-1.));
#12290 = DIRECTION('',(-0.707106781187,0.707106781187,0.));
#12291 = ORIENTED_EDGE('',*,*,#12292,.T.);
#12292 = EDGE_CURVE('',#12284,#12293,#12295,.T.);
#12293 = VERTEX_POINT('',#12294);
#12294 = CARTESIAN_POINT('',(12.825033079949,-40.13208026416,0.));
#12295 = LINE('',#12296,#12297);
#12296 = CARTESIAN_POINT('',(-12.55666751333,-40.13208026416,0.));
#12297 = VECTOR('',#12298,1.);
#12298 = DIRECTION('',(1.,0.,0.));
#12299 = ORIENTED_EDGE('',*,*,#12300,.T.);
#12300 = EDGE_CURVE('',#12293,#12301,#12303,.T.);
#12301 = VERTEX_POINT('',#12302);
#12302 = CARTESIAN_POINT('',(14.256252839611,-39.53924962897,0.));
#12303 = CIRCLE('',#12304,0.9);
#12304 = AXIS2_PLACEMENT_3D('',#12305,#12306,#12307);
#12305 = CARTESIAN_POINT('',(13.716027432055,-40.25908051816,0.));
#12306 = DIRECTION('',(0.,0.,-1.));
#12307 = DIRECTION('',(-0.989993724562,0.141111393334,0.));
#12308 = ORIENTED_EDGE('',*,*,#12309,.T.);
#12309 = EDGE_CURVE('',#12301,#12310,#12312,.T.);
#12310 = VERTEX_POINT('',#12311);
#12311 = CARTESIAN_POINT('',(17.018034036068,-36.77746843251,0.));
#12312 = LINE('',#12313,#12314);
#12313 = CARTESIAN_POINT('',(14.256252839611,-39.53924962897,0.));
#12314 = VECTOR('',#12315,1.);
#12315 = DIRECTION('',(0.707106781187,0.707106781187,0.));
#12316 = ORIENTED_EDGE('',*,*,#12317,.T.);
#12317 = EDGE_CURVE('',#12310,#12318,#12320,.T.);
#12318 = VERTEX_POINT('',#12319);
#12319 = CARTESIAN_POINT('',(17.018034036068,-15.05693654331,0.));
#12320 = LINE('',#12321,#12322);
#12321 = CARTESIAN_POINT('',(17.018034036068,-36.77746843251,0.));
#12322 = VECTOR('',#12323,1.);
#12323 = DIRECTION('',(0.,1.,0.));
#12324 = ORIENTED_EDGE('',*,*,#12325,.T.);
#12325 = EDGE_CURVE('',#12318,#12326,#12328,.T.);
#12326 = VERTEX_POINT('',#12327);
#12327 = CARTESIAN_POINT('',(16.75473913935,-13.5687480212,0.));
#12328 = CIRCLE('',#12329,0.8);
#12329 = AXIS2_PLACEMENT_3D('',#12330,#12331,#12332);
#12330 = CARTESIAN_POINT('',(17.145034290069,-14.26708153416,0.));
#12331 = DIRECTION('',(0.,0.,-1.));
#12332 = DIRECTION('',(-0.158750317501,-0.987318761441,-0.));
#12333 = ORIENTED_EDGE('',*,*,#12334,.T.);
#12334 = EDGE_CURVE('',#12326,#12335,#12337,.T.);
#12335 = VERTEX_POINT('',#12336);
#12336 = CARTESIAN_POINT('',(17.884327917757,-14.57276917221,0.));
#12337 = CIRCLE('',#12338,0.8);
#12338 = AXIS2_PLACEMENT_3D('',#12339,#12340,#12341);
#12339 = CARTESIAN_POINT('',(17.145034290069,-14.26708153416,0.));
#12340 = DIRECTION('',(0.,0.,-1.));
#12341 = DIRECTION('',(-0.487868938398,0.872916891202,0.));
#12342 = ORIENTED_EDGE('',*,*,#12343,.T.);
#12343 = EDGE_CURVE('',#12335,#12344,#12346,.T.);
#12344 = VERTEX_POINT('',#12345);
#12345 = CARTESIAN_POINT('',(22.187846936905,-18.87628819136,0.));
#12346 = LINE('',#12347,#12348);
#12347 = CARTESIAN_POINT('',(17.884327917757,-14.57276917221,0.));
#12348 = VECTOR('',#12349,1.);
#12349 = DIRECTION('',(0.707106781187,-0.707106781187,0.));
#12350 = ORIENTED_EDGE('',*,*,#12351,.T.);
#12351 = EDGE_CURVE('',#12344,#12352,#12354,.T.);
#12352 = VERTEX_POINT('',#12353);
#12353 = CARTESIAN_POINT('',(22.225044450089,-18.96609093218,0.));
#12354 = CIRCLE('',#12355,0.127000254001);
#12355 = AXIS2_PLACEMENT_3D('',#12356,#12357,#12358);
#12356 = CARTESIAN_POINT('',(22.098044196088,-18.96609093218,0.));
#12357 = DIRECTION('',(0.,0.,-1.));
#12358 = DIRECTION('',(0.707106781187,0.707106781187,0.));
#12359 = ORIENTED_EDGE('',*,*,#12360,.T.);
#12360 = EDGE_CURVE('',#12352,#12361,#12363,.T.);
#12361 = VERTEX_POINT('',#12362);
#12362 = CARTESIAN_POINT('',(22.225044450089,-32.07845903449,0.));
#12363 = LINE('',#12364,#12365);
#12364 = CARTESIAN_POINT('',(22.225044450089,-18.96609093218,0.));
#12365 = VECTOR('',#12366,1.);
#12366 = DIRECTION('',(-2.709437113936E-16,-1.,0.));
#12367 = ORIENTED_EDGE('',*,*,#12368,.T.);
#12368 = EDGE_CURVE('',#12361,#12369,#12371,.T.);
#12369 = VERTEX_POINT('',#12370);
#12370 = CARTESIAN_POINT('',(22.330255722933,-32.18367030734,0.));
#12371 = LINE('',#12372,#12373);
#12372 = CARTESIAN_POINT('',(22.225044450089,-32.07845903449,0.));
#12373 = VECTOR('',#12374,1.);
#12374 = DIRECTION('',(0.707106781187,-0.707106781187,0.));
#12375 = ORIENTED_EDGE('',*,*,#12376,.T.);
#12376 = EDGE_CURVE('',#12369,#12377,#12379,.T.);
#12377 = VERTEX_POINT('',#12378);
#12378 = CARTESIAN_POINT('',(29.993848925276,-32.18367030734,0.));
#12379 = LINE('',#12380,#12381);
#12380 = CARTESIAN_POINT('',(22.330255722933,-32.18367030734,0.));
#12381 = VECTOR('',#12382,1.);
#12382 = DIRECTION('',(1.,0.,0.));
#12383 = ORIENTED_EDGE('',*,*,#12384,.T.);
#12384 = EDGE_CURVE('',#12377,#12385,#12387,.T.);
#12385 = VERTEX_POINT('',#12386);
#12386 = CARTESIAN_POINT('',(35.306070612141,-26.87144862047,0.));
#12387 = LINE('',#12388,#12389);
#12388 = CARTESIAN_POINT('',(29.993848925276,-32.18367030734,0.));
#12389 = VECTOR('',#12390,1.);
#12390 = DIRECTION('',(0.707106781187,0.707106781187,0.));
#12391 = ORIENTED_EDGE('',*,*,#12392,.T.);
#12392 = EDGE_CURVE('',#12385,#12393,#12395,.T.);
#12393 = VERTEX_POINT('',#12394);
#12394 = CARTESIAN_POINT('',(35.306070612141,-24.94542450414,0.));
#12395 = LINE('',#12396,#12397);
#12396 = CARTESIAN_POINT('',(35.306070612141,-26.87144862047,0.));
#12397 = VECTOR('',#12398,1.);
#12398 = DIRECTION('',(0.,1.,0.));
#12399 = ORIENTED_EDGE('',*,*,#12400,.T.);
#12400 = EDGE_CURVE('',#12393,#12401,#12403,.T.);
#12401 = VERTEX_POINT('',#12402);
#12402 = CARTESIAN_POINT('',(34.915350338132,-23.66696442041,0.));
#12403 = CIRCLE('',#12404,0.9);
#12404 = AXIS2_PLACEMENT_3D('',#12405,#12406,#12407);
#12405 = CARTESIAN_POINT('',(35.687071374143,-24.13004826009,0.));
#12406 = DIRECTION('',(0.,0.,-1.));
#12407 = DIRECTION('',(-0.423334180002,-0.905973604495,-0.));
#12408 = ORIENTED_EDGE('',*,*,#12409,.T.);
#12409 = EDGE_CURVE('',#12401,#12410,#12412,.T.);
#12410 = VERTEX_POINT('',#12411);
#12411 = CARTESIAN_POINT('',(36.227296781699,-23.4102173709,0.));
#12412 = CIRCLE('',#12413,0.9);
#12413 = AXIS2_PLACEMENT_3D('',#12414,#12415,#12416);
#12414 = CARTESIAN_POINT('',(35.687071374143,-24.13004826009,0.));
#12415 = DIRECTION('',(0.,0.,-1.));
#12416 = DIRECTION('',(-0.85746781779,0.514537599651,0.));
#12417 = ORIENTED_EDGE('',*,*,#12418,.T.);
#12418 = EDGE_CURVE('',#12410,#12419,#12421,.T.);
#12419 = VERTEX_POINT('',#12420);
#12420 = CARTESIAN_POINT('',(43.942087884176,-15.69542626843,0.));
#12421 = LINE('',#12422,#12423);
#12422 = CARTESIAN_POINT('',(36.227296781699,-23.4102173709,0.));
#12423 = VECTOR('',#12424,1.);
#12424 = DIRECTION('',(0.707106781187,0.707106781187,0.));
#12425 = ORIENTED_EDGE('',*,*,#12426,.T.);
#12426 = EDGE_CURVE('',#12419,#12427,#12429,.T.);
#12427 = VERTEX_POINT('',#12428);
#12428 = CARTESIAN_POINT('',(43.942087884176,-2.287997146111,0.));
#12429 = LINE('',#12430,#12431);
#12430 = CARTESIAN_POINT('',(43.942087884176,-15.69542626843,0.));
#12431 = VECTOR('',#12432,1.);
#12432 = DIRECTION('',(0.,1.,0.));
#12433 = ORIENTED_EDGE('',*,*,#12434,.T.);
#12434 = EDGE_CURVE('',#12427,#12435,#12437,.T.);
#12435 = VERTEX_POINT('',#12436);
#12436 = CARTESIAN_POINT('',(43.169088138176,-1.397002794006,0.));
#12437 = CIRCLE('',#12438,0.9);
#12438 = AXIS2_PLACEMENT_3D('',#12439,#12440,#12441);
#12439 = CARTESIAN_POINT('',(44.069088138176,-1.397002794006,0.));
#12440 = DIRECTION('',(0.,0.,-1.));
#12441 = DIRECTION('',(-0.141111393334,-0.989993724562,-0.));
#12442 = ORIENTED_EDGE('',*,*,#12443,.T.);
#12443 = EDGE_CURVE('',#12435,#12444,#12446,.T.);
#12444 = VERTEX_POINT('',#12445);
#12445 = CARTESIAN_POINT('',(43.942087884176,-0.5060084419,0.));
#12446 = CIRCLE('',#12447,0.9);
#12447 = AXIS2_PLACEMENT_3D('',#12448,#12449,#12450);
#12448 = CARTESIAN_POINT('',(44.069088138176,-1.397002794006,0.));
#12449 = DIRECTION('',(0.,0.,-1.));
#12450 = DIRECTION('',(-1.,3.764820659013E-16,0.));
#12451 = ORIENTED_EDGE('',*,*,#12452,.T.);
#12452 = EDGE_CURVE('',#12444,#12453,#12455,.T.);
#12453 = VERTEX_POINT('',#12454);
#12454 = CARTESIAN_POINT('',(43.942087884176,15.31442550643,0.));
#12455 = LINE('',#12456,#12457);
#12456 = CARTESIAN_POINT('',(43.942087884176,-0.5060084419,0.));
#12457 = VECTOR('',#12458,1.);
#12458 = DIRECTION('',(0.,1.,0.));
#12459 = ORIENTED_EDGE('',*,*,#12460,.T.);
#12460 = EDGE_CURVE('',#12453,#12461,#12463,.T.);
#12461 = VERTEX_POINT('',#12462);
#12462 = CARTESIAN_POINT('',(36.608297543701,22.648215846905,0.));
#12463 = LINE('',#12464,#12465);
#12464 = CARTESIAN_POINT('',(43.942087884176,15.31442550643,0.));
#12465 = VECTOR('',#12466,1.);
#12466 = DIRECTION('',(-0.707106781187,0.707106781187,0.));
#12467 = ORIENTED_EDGE('',*,*,#12468,.T.);
#12468 = EDGE_CURVE('',#12461,#12469,#12471,.T.);
#12469 = VERTEX_POINT('',#12470);
#12470 = CARTESIAN_POINT('',(35.348241246955,23.90827214365,0.));
#12471 = CIRCLE('',#12472,0.9);
#12472 = AXIS2_PLACEMENT_3D('',#12473,#12474,#12475);
#12473 = CARTESIAN_POINT('',(36.068072136144,23.368046736093,0.));
#12474 = DIRECTION('',(-0.,0.,-1.));
#12475 = DIRECTION('',(0.600250452841,-0.799812099099,-0.));
#12476 = ORIENTED_EDGE('',*,*,#12477,.T.);
#12477 = EDGE_CURVE('',#12469,#12478,#12480,.T.);
#12478 = VERTEX_POINT('',#12479);
#12479 = CARTESIAN_POINT('',(19.723434904448,39.533078486157,0.));
#12480 = LINE('',#12481,#12482);
#12481 = CARTESIAN_POINT('',(35.348241246955,23.90827214365,0.));
#12482 = VECTOR('',#12483,1.);
#12483 = DIRECTION('',(-0.707106781187,0.707106781187,0.));
#12484 = ORIENTED_EDGE('',*,*,#12485,.T.);
#12485 = EDGE_CURVE('',#12478,#12486,#12488,.T.);
#12486 = VERTEX_POINT('',#12487);
#12487 = CARTESIAN_POINT('',(13.280273502968,39.533078486157,0.));
#12488 = LINE('',#12489,#12490);
#12489 = CARTESIAN_POINT('',(19.723434904448,39.533078486157,0.));
#12490 = VECTOR('',#12491,1.);
#12491 = DIRECTION('',(-1.,0.,0.));
#12492 = ORIENTED_EDGE('',*,*,#12493,.T.);
#12493 = EDGE_CURVE('',#12486,#12494,#12496,.T.);
#12494 = VERTEX_POINT('',#12495);
#12495 = CARTESIAN_POINT('',(12.138469238149,38.391274221338,0.));
#12496 = LINE('',#12497,#12498);
#12497 = CARTESIAN_POINT('',(13.280273502968,39.533078486157,0.));
#12498 = VECTOR('',#12499,1.);
#12499 = DIRECTION('',(-0.707106781187,-0.707106781187,0.));
#12500 = ORIENTED_EDGE('',*,*,#12501,.T.);
#12501 = EDGE_CURVE('',#12494,#12502,#12504,.T.);
#12502 = VERTEX_POINT('',#12503);
#12503 = CARTESIAN_POINT('',(12.067209640808,38.355437731234,0.));
#12504 = CIRCLE('',#12505,0.127000254001);
#12505 = AXIS2_PLACEMENT_3D('',#12506,#12507,#12508);
#12506 = CARTESIAN_POINT('',(12.048666497333,38.481076962154,0.));
#12507 = DIRECTION('',(0.,0.,-1.));
#12508 = DIRECTION('',(0.707106781187,-0.707106781186,0.));
#12509 = ORIENTED_EDGE('',*,*,#12510,.T.);
#12510 = EDGE_CURVE('',#12502,#12511,#12513,.T.);
#12511 = VERTEX_POINT('',#12512);
#12512 = CARTESIAN_POINT('',(10.276566413631,38.449787749126,0.));
#12513 = CIRCLE('',#12514,0.9);
#12514 = AXIS2_PLACEMENT_3D('',#12515,#12516,#12517);
#12515 = CARTESIAN_POINT('',(11.176022352045,38.481076962154,0.));
#12516 = DIRECTION('',(-0.,0.,-1.));
#12517 = DIRECTION('',(0.990208098626,-0.139599145467,-0.));
#12518 = ORIENTED_EDGE('',*,*,#12519,.T.);
#12519 = EDGE_CURVE('',#12511,#12520,#12522,.T.);
#12520 = VERTEX_POINT('',#12521);
#12521 = CARTESIAN_POINT('',(12.056324741556,38.668340688009,0.));
#12522 = CIRCLE('',#12523,0.9);
#12523 = AXIS2_PLACEMENT_3D('',#12524,#12525,#12526);
#12524 = CARTESIAN_POINT('',(11.176022352045,38.481076962154,0.));
#12525 = DIRECTION('',(0.,0.,-1.));
#12526 = DIRECTION('',(-0.999395487127,-3.476579225359E-02,-0.));
#12527 = ORIENTED_EDGE('',*,*,#12528,.T.);
#12528 = EDGE_CURVE('',#12520,#12529,#12531,.T.);
#12529 = VERTEX_POINT('',#12530);
#12530 = CARTESIAN_POINT('',(13.13786553452,39.749881480974,0.));
#12531 = LINE('',#12532,#12533);
#12532 = CARTESIAN_POINT('',(12.056324741556,38.668340688009,0.));
#12533 = VECTOR('',#12534,1.);
#12534 = DIRECTION('',(0.707106781187,0.707106781187,0.));
#12535 = ORIENTED_EDGE('',*,*,#12536,.T.);
#12536 = EDGE_CURVE('',#12529,#12537,#12539,.T.);
#12537 = VERTEX_POINT('',#12538);
#12538 = CARTESIAN_POINT('',(13.227668275337,39.787078994158,0.));
#12539 = CIRCLE('',#12540,0.127000254001);
#12540 = AXIS2_PLACEMENT_3D('',#12541,#12542,#12543);
#12541 = CARTESIAN_POINT('',(13.227668275337,39.660078740157,0.));
#12542 = DIRECTION('',(0.,0.,-1.));
#12543 = DIRECTION('',(-0.707106781187,0.707106781187,0.));
#12544 = ORIENTED_EDGE('',*,*,#12545,.T.);
#12545 = EDGE_CURVE('',#12537,#12546,#12548,.T.);
#12546 = VERTEX_POINT('',#12547);
#12547 = CARTESIAN_POINT('',(19.77604013208,39.787078994158,0.));
#12548 = LINE('',#12549,#12550);
#12549 = CARTESIAN_POINT('',(13.227668275337,39.787078994158,0.));
#12550 = VECTOR('',#12551,1.);
#12551 = DIRECTION('',(1.,0.,0.));
#12552 = ORIENTED_EDGE('',*,*,#12553,.T.);
#12553 = EDGE_CURVE('',#12546,#12554,#12556,.T.);
#12554 = VERTEX_POINT('',#12555);
#12555 = CARTESIAN_POINT('',(19.865842872896,39.749881480974,0.));
#12556 = CIRCLE('',#12557,0.127000254001);
#12557 = AXIS2_PLACEMENT_3D('',#12558,#12559,#12560);
#12558 = CARTESIAN_POINT('',(19.77604013208,39.660078740157,0.));
#12559 = DIRECTION('',(0.,0.,-1.));
#12560 = DIRECTION('',(-2.734102395056E-14,1.,0.));
#12561 = ORIENTED_EDGE('',*,*,#12562,.T.);
#12562 = EDGE_CURVE('',#12554,#12563,#12565,.T.);
#12563 = VERTEX_POINT('',#12564);
#12564 = CARTESIAN_POINT('',(35.527846728588,24.087877625282,0.));
#12565 = LINE('',#12566,#12567);
#12566 = CARTESIAN_POINT('',(19.865842872896,39.749881480974,0.));
#12567 = VECTOR('',#12568,1.);
#12568 = DIRECTION('',(0.707106781187,-0.707106781187,0.));
#12569 = ORIENTED_EDGE('',*,*,#12570,.T.);
#12570 = EDGE_CURVE('',#12563,#12571,#12573,.T.);
#12571 = VERTEX_POINT('',#12572);
#12572 = CARTESIAN_POINT('',(36.787903025333,22.827821328537,0.));
#12573 = CIRCLE('',#12574,0.9);
#12574 = AXIS2_PLACEMENT_3D('',#12575,#12576,#12577);
#12575 = CARTESIAN_POINT('',(36.068072136144,23.368046736093,0.));
#12576 = DIRECTION('',(0.,0.,-1.));
#12577 = DIRECTION('',(-0.600250452841,0.799812099099,0.));
#12578 = ORIENTED_EDGE('',*,*,#12579,.T.);
#12579 = EDGE_CURVE('',#12571,#12580,#12582,.T.);
#12580 = VERTEX_POINT('',#12581);
#12581 = CARTESIAN_POINT('',(44.158890878992,15.456833474878,0.));
#12582 = LINE('',#12583,#12584);
#12583 = CARTESIAN_POINT('',(36.787903025333,22.827821328537,0.));
#12584 = VECTOR('',#12585,1.);
#12585 = DIRECTION('',(0.707106781187,-0.707106781187,0.));
#12586 = ORIENTED_EDGE('',*,*,#12587,.T.);
#12587 = EDGE_CURVE('',#12580,#12588,#12590,.T.);
#12588 = VERTEX_POINT('',#12589);
#12589 = CARTESIAN_POINT('',(44.196088392177,15.367030734061,0.));
#12590 = CIRCLE('',#12591,0.127000254001);
#12591 = AXIS2_PLACEMENT_3D('',#12592,#12593,#12594);
#12592 = CARTESIAN_POINT('',(44.069088138176,15.367030734061,0.));
#12593 = DIRECTION('',(0.,0.,-1.));
#12594 = DIRECTION('',(0.707106781186,0.707106781187,0.));
#12595 = ORIENTED_EDGE('',*,*,#12596,.T.);
#12596 = EDGE_CURVE('',#12588,#12597,#12599,.T.);
#12597 = VERTEX_POINT('',#12598);
#12598 = CARTESIAN_POINT('',(44.196088392177,-0.5060084419,0.));
#12599 = LINE('',#12600,#12601);
#12600 = CARTESIAN_POINT('',(44.196088392177,15.367030734061,0.));
#12601 = VECTOR('',#12602,1.);
#12602 = DIRECTION('',(0.,-1.,0.));
#12603 = ORIENTED_EDGE('',*,*,#12604,.T.);
#12604 = EDGE_CURVE('',#12597,#12605,#12607,.T.);
#12605 = VERTEX_POINT('',#12606);
#12606 = CARTESIAN_POINT('',(44.969088138176,-1.397002794006,0.));
#12607 = CIRCLE('',#12608,0.9);
#12608 = AXIS2_PLACEMENT_3D('',#12609,#12610,#12611);
#12609 = CARTESIAN_POINT('',(44.069088138176,-1.397002794006,0.));
#12610 = DIRECTION('',(0.,0.,-1.));
#12611 = DIRECTION('',(0.141111393334,0.989993724562,0.));
#12612 = ORIENTED_EDGE('',*,*,#12613,.T.);
#12613 = EDGE_CURVE('',#12605,#12614,#12616,.T.);
#12614 = VERTEX_POINT('',#12615);
#12615 = CARTESIAN_POINT('',(44.196088392177,-2.287997146111,0.));
#12616 = CIRCLE('',#12617,0.9);
#12617 = AXIS2_PLACEMENT_3D('',#12618,#12619,#12620);
#12618 = CARTESIAN_POINT('',(44.069088138176,-1.397002794006,0.));
#12619 = DIRECTION('',(0.,0.,-1.));
#12620 = DIRECTION('',(1.,1.882410329507E-16,0.));
#12621 = ORIENTED_EDGE('',*,*,#12622,.T.);
#12622 = EDGE_CURVE('',#12614,#12623,#12625,.T.);
#12623 = VERTEX_POINT('',#12624);
#12624 = CARTESIAN_POINT('',(44.196088392177,-15.74803149606,0.));
#12625 = LINE('',#12626,#12627);
#12626 = CARTESIAN_POINT('',(44.196088392177,-2.287997146111,0.));
#12627 = VECTOR('',#12628,1.);
#12628 = DIRECTION('',(0.,-1.,0.));
#12629 = ORIENTED_EDGE('',*,*,#12630,.T.);
#12630 = EDGE_CURVE('',#12623,#12631,#12633,.T.);
#12631 = VERTEX_POINT('',#12632);
#12632 = CARTESIAN_POINT('',(44.158890878992,-15.83783423687,0.));
#12633 = CIRCLE('',#12634,0.127000254001);
#12634 = AXIS2_PLACEMENT_3D('',#12635,#12636,#12637);
#12635 = CARTESIAN_POINT('',(44.069088138176,-15.74803149606,0.));
#12636 = DIRECTION('',(0.,0.,-1.));
#12637 = DIRECTION('',(1.,3.43368995306E-14,0.));
#12638 = ORIENTED_EDGE('',*,*,#12639,.T.);
#12639 = EDGE_CURVE('',#12631,#12640,#12642,.T.);
#12640 = VERTEX_POINT('',#12641);
#12641 = CARTESIAN_POINT('',(36.406902263332,-23.58982285254,0.));
#12642 = LINE('',#12643,#12644);
#12643 = CARTESIAN_POINT('',(44.158890878992,-15.83783423687,0.));
#12644 = VECTOR('',#12645,1.);
#12645 = DIRECTION('',(-0.707106781187,-0.707106781187,0.));
#12646 = ORIENTED_EDGE('',*,*,#12647,.T.);
#12647 = EDGE_CURVE('',#12640,#12648,#12650,.T.);
#12648 = VERTEX_POINT('',#12649);
#12649 = CARTESIAN_POINT('',(35.560071120142,-25.0210426122,0.));
#12650 = CIRCLE('',#12651,0.9);
#12651 = AXIS2_PLACEMENT_3D('',#12652,#12653,#12654);
#12652 = CARTESIAN_POINT('',(35.687071374143,-24.13004826009,0.));
#12653 = DIRECTION('',(0.,0.,-1.));
#12654 = DIRECTION('',(0.799812099099,0.600250452841,0.));
#12655 = ORIENTED_EDGE('',*,*,#12656,.T.);
#12656 = EDGE_CURVE('',#12648,#12657,#12659,.T.);
#12657 = VERTEX_POINT('',#12658);
#12658 = CARTESIAN_POINT('',(35.560071120142,-26.9240538481,0.));
#12659 = LINE('',#12660,#12661);
#12660 = CARTESIAN_POINT('',(35.560071120142,-25.0210426122,0.));
#12661 = VECTOR('',#12662,1.);
#12662 = DIRECTION('',(0.,-1.,0.));
#12663 = ORIENTED_EDGE('',*,*,#12664,.T.);
#12664 = EDGE_CURVE('',#12657,#12665,#12667,.T.);
#12665 = VERTEX_POINT('',#12666);
#12666 = CARTESIAN_POINT('',(35.522873606958,-27.01385658892,0.));
#12667 = CIRCLE('',#12668,0.127000254001);
#12668 = AXIS2_PLACEMENT_3D('',#12669,#12670,#12671);
#12669 = CARTESIAN_POINT('',(35.433070866142,-26.9240538481,0.));
#12670 = DIRECTION('',(0.,0.,-1.));
#12671 = DIRECTION('',(1.,-1.292809252597E-13,0.));
#12672 = ORIENTED_EDGE('',*,*,#12673,.T.);
#12673 = EDGE_CURVE('',#12665,#12674,#12676,.T.);
#12674 = VERTEX_POINT('',#12675);
#12675 = CARTESIAN_POINT('',(30.136256893724,-32.40047330215,0.));
#12676 = LINE('',#12677,#12678);
#12677 = CARTESIAN_POINT('',(35.522873606958,-27.01385658892,0.));
#12678 = VECTOR('',#12679,1.);
#12679 = DIRECTION('',(-0.707106781187,-0.707106781187,0.));
#12680 = ORIENTED_EDGE('',*,*,#12681,.T.);
#12681 = EDGE_CURVE('',#12674,#12682,#12684,.T.);
#12682 = VERTEX_POINT('',#12683);
#12683 = CARTESIAN_POINT('',(30.046454152908,-32.43767081534,0.));
#12684 = CIRCLE('',#12685,0.127000254001);
#12685 = AXIS2_PLACEMENT_3D('',#12686,#12687,#12688);
#12686 = CARTESIAN_POINT('',(30.046454152908,-32.31067056134,0.));
#12687 = DIRECTION('',(0.,0.,-1.));
#12688 = DIRECTION('',(0.707106781187,-0.707106781187,0.));
#12689 = ORIENTED_EDGE('',*,*,#12690,.T.);
#12690 = EDGE_CURVE('',#12682,#12691,#12693,.T.);
#12691 = VERTEX_POINT('',#12692);
#12692 = CARTESIAN_POINT('',(22.277650495301,-32.43767081534,0.));
#12693 = LINE('',#12694,#12695);
#12694 = CARTESIAN_POINT('',(30.046454152908,-32.43767081534,0.));
#12695 = VECTOR('',#12696,1.);
#12696 = DIRECTION('',(-1.,0.,0.));
#12697 = ORIENTED_EDGE('',*,*,#12698,.T.);
#12698 = EDGE_CURVE('',#12691,#12699,#12701,.T.);
#12699 = VERTEX_POINT('',#12700);
#12700 = CARTESIAN_POINT('',(22.187847754485,-32.40047330215,0.));
#12701 = CIRCLE('',#12702,0.127000254001);
#12702 = AXIS2_PLACEMENT_3D('',#12703,#12704,#12705);
#12703 = CARTESIAN_POINT('',(22.277650495301,-32.31067056134,0.));
#12704 = DIRECTION('',(-0.,0.,-1.));
#12705 = DIRECTION('',(1.820355380521E-14,-1.,-0.));
#12706 = ORIENTED_EDGE('',*,*,#12707,.T.);
#12707 = EDGE_CURVE('',#12699,#12708,#12710,.T.);
#12708 = VERTEX_POINT('',#12709);
#12709 = CARTESIAN_POINT('',(22.008241455272,-32.22086700294,0.));
#12710 = LINE('',#12711,#12712);
#12711 = CARTESIAN_POINT('',(22.187847754485,-32.40047330215,0.));
#12712 = VECTOR('',#12713,1.);
#12713 = DIRECTION('',(-0.707106781187,0.707106781187,0.));
#12714 = ORIENTED_EDGE('',*,*,#12715,.T.);
#12715 = EDGE_CURVE('',#12708,#12716,#12718,.T.);
#12716 = VERTEX_POINT('',#12717);
#12717 = CARTESIAN_POINT('',(21.971043942088,-32.13106426212,0.));
#12718 = CIRCLE('',#12719,0.127000254001);
#12719 = AXIS2_PLACEMENT_3D('',#12720,#12721,#12722);
#12720 = CARTESIAN_POINT('',(22.098044196088,-32.13106426212,0.));
#12721 = DIRECTION('',(0.,0.,-1.));
#12722 = DIRECTION('',(-0.707106781187,-0.707106781186,-0.));
#12723 = ORIENTED_EDGE('',*,*,#12724,.T.);
#12724 = EDGE_CURVE('',#12716,#12725,#12727,.T.);
#12725 = VERTEX_POINT('',#12726);
#12726 = CARTESIAN_POINT('',(21.971043942088,-19.01869615981,0.));
#12727 = LINE('',#12728,#12729);
#12728 = CARTESIAN_POINT('',(21.971043942088,-32.13106426212,0.));
#12729 = VECTOR('',#12730,1.);
#12730 = DIRECTION('',(0.,1.,0.));
#12731 = ORIENTED_EDGE('',*,*,#12732,.T.);
#12732 = EDGE_CURVE('',#12725,#12733,#12735,.T.);
#12733 = VERTEX_POINT('',#12734);
#12734 = CARTESIAN_POINT('',(17.746692913528,-14.79434513125,0.));
#12735 = LINE('',#12736,#12737);
#12736 = CARTESIAN_POINT('',(21.971043942088,-19.01869615981,0.));
#12737 = VECTOR('',#12738,1.);
#12738 = DIRECTION('',(-0.707106781187,0.707106781187,0.));
#12739 = ORIENTED_EDGE('',*,*,#12740,.T.);
#12740 = EDGE_CURVE('',#12733,#12741,#12743,.T.);
#12741 = VERTEX_POINT('',#12742);
#12742 = CARTESIAN_POINT('',(17.272034544069,-15.05693654331,0.));
#12743 = CIRCLE('',#12744,0.8);
#12744 = AXIS2_PLACEMENT_3D('',#12745,#12746,#12747);
#12745 = CARTESIAN_POINT('',(17.145034290069,-14.26708153416,0.));
#12746 = DIRECTION('',(0.,0.,-1.));
#12747 = DIRECTION('',(0.752073279324,-0.659079496363,0.));
#12748 = ORIENTED_EDGE('',*,*,#12749,.T.);
#12749 = EDGE_CURVE('',#12741,#12750,#12752,.T.);
#12750 = VERTEX_POINT('',#12751);
#12751 = CARTESIAN_POINT('',(17.272034544069,-36.83007366014,0.));
#12752 = LINE('',#12753,#12754);
#12753 = CARTESIAN_POINT('',(17.272034544069,-15.05693654331,0.));
#12754 = VECTOR('',#12755,1.);
#12755 = DIRECTION('',(0.,-1.,0.));
#12756 = ORIENTED_EDGE('',*,*,#12757,.T.);
#12757 = EDGE_CURVE('',#12750,#12758,#12760,.T.);
#12758 = VERTEX_POINT('',#12759);
#12759 = CARTESIAN_POINT('',(17.234837030885,-36.91987640096,0.));
#12760 = CIRCLE('',#12761,0.127000254001);
#12761 = AXIS2_PLACEMENT_3D('',#12762,#12763,#12764);
#12762 = CARTESIAN_POINT('',(17.145034290069,-36.83007366014,0.));
#12763 = DIRECTION('',(0.,0.,-1.));
#12764 = DIRECTION('',(1.,6.353397210445E-15,0.));
#12765 = ORIENTED_EDGE('',*,*,#12766,.T.);
#12766 = EDGE_CURVE('',#12758,#12767,#12769,.T.);
#12767 = VERTEX_POINT('',#12768);
#12768 = CARTESIAN_POINT('',(14.435858321244,-39.7188551106,0.));
#12769 = LINE('',#12770,#12771);
#12770 = CARTESIAN_POINT('',(17.234837030885,-36.91987640096,0.));
#12771 = VECTOR('',#12772,1.);
#12772 = DIRECTION('',(-0.707106781187,-0.707106781187,0.));
#12773 = ORIENTED_EDGE('',*,*,#12774,.T.);
#12774 = EDGE_CURVE('',#12767,#12775,#12777,.T.);
#12775 = VERTEX_POINT('',#12776);
#12776 = CARTESIAN_POINT('',(14.060442521183,-41.09057209742,0.));
#12777 = CIRCLE('',#12778,0.9);
#12778 = AXIS2_PLACEMENT_3D('',#12779,#12780,#12781);
#12779 = CARTESIAN_POINT('',(13.716027432055,-40.25908051816,0.));
#12780 = DIRECTION('',(0.,0.,-1.));
#12781 = DIRECTION('',(0.799812099099,0.600250452841,0.));
#12782 = ORIENTED_EDGE('',*,*,#12783,.T.);
#12783 = EDGE_CURVE('',#12775,#12784,#12786,.T.);
#12784 = VERTEX_POINT('',#12785);
#12785 = CARTESIAN_POINT('',(12.825033079949,-40.38608077216,0.));
#12786 = CIRCLE('',#12787,0.9);
#12787 = AXIS2_PLACEMENT_3D('',#12788,#12789,#12790);
#12788 = CARTESIAN_POINT('',(13.716027432055,-40.25908051816,0.));
#12789 = DIRECTION('',(-0.,0.,-1.));
#12790 = DIRECTION('',(0.382683432365,-0.923879532511,-0.));
#12791 = ORIENTED_EDGE('',*,*,#12792,.T.);
#12792 = EDGE_CURVE('',#12784,#12793,#12795,.T.);
#12793 = VERTEX_POINT('',#12794);
#12794 = CARTESIAN_POINT('',(-12.5040622857,-40.38608077216,0.));
#12795 = LINE('',#12796,#12797);
#12796 = CARTESIAN_POINT('',(12.825033079949,-40.38608077216,0.));
#12797 = VECTOR('',#12798,1.);
#12798 = DIRECTION('',(-1.,0.,0.));
#12799 = ORIENTED_EDGE('',*,*,#12800,.T.);
#12800 = EDGE_CURVE('',#12793,#12801,#12803,.T.);
#12801 = VERTEX_POINT('',#12802);
#12802 = CARTESIAN_POINT('',(-12.75686477251,-40.63888325897,0.));
#12803 = LINE('',#12804,#12805);
#12804 = CARTESIAN_POINT('',(-12.5040622857,-40.38608077216,0.));
#12805 = VECTOR('',#12806,1.);
#12806 = DIRECTION('',(-0.707106781187,-0.707106781187,0.));
#12807 = ORIENTED_EDGE('',*,*,#12808,.T.);
#12808 = EDGE_CURVE('',#12801,#12809,#12811,.T.);
#12809 = VERTEX_POINT('',#12810);
#12810 = CARTESIAN_POINT('',(-12.84666751333,-40.67608077216,0.));
#12811 = CIRCLE('',#12812,0.127000254001);
#12812 = AXIS2_PLACEMENT_3D('',#12813,#12814,#12815);
#12813 = CARTESIAN_POINT('',(-12.84666751333,-40.54908051816,0.));
#12814 = DIRECTION('',(0.,0.,-1.));
#12815 = DIRECTION('',(0.707106781187,-0.707106781187,0.));
#12816 = ORIENTED_EDGE('',*,*,#12817,.T.);
#12817 = EDGE_CURVE('',#12809,#12818,#12820,.T.);
#12818 = VERTEX_POINT('',#12819);
#12819 = CARTESIAN_POINT('',(-14.69602997206,-40.67608077216,0.));
#12820 = LINE('',#12821,#12822);
#12821 = CARTESIAN_POINT('',(-12.84666751333,-40.67608077216,0.));
#12822 = VECTOR('',#12823,1.);
#12823 = DIRECTION('',(-1.,0.,0.));
#12824 = ORIENTED_EDGE('',*,*,#12825,.T.);
#12825 = EDGE_CURVE('',#12818,#12826,#12828,.T.);
#12826 = VERTEX_POINT('',#12827);
#12827 = CARTESIAN_POINT('',(-14.78583271287,-40.63888325897,0.));
#12828 = CIRCLE('',#12829,0.127000254001);
#12829 = AXIS2_PLACEMENT_3D('',#12830,#12831,#12832);
#12830 = CARTESIAN_POINT('',(-14.69602997206,-40.54908051816,0.));
#12831 = DIRECTION('',(-0.,0.,-1.));
#12832 = DIRECTION('',(3.43368995306E-14,-1.,-0.));
#12833 = ORIENTED_EDGE('',*,*,#12834,.T.);
#12834 = EDGE_CURVE('',#12826,#12835,#12837,.T.);
#12835 = VERTEX_POINT('',#12836);
#12836 = CARTESIAN_POINT('',(-15.3348063425,-40.08990962934,0.));
#12837 = LINE('',#12838,#12839);
#12838 = CARTESIAN_POINT('',(-14.78583271287,-40.63888325897,0.));
#12839 = VECTOR('',#12840,1.);
#12840 = DIRECTION('',(-0.707106781187,0.707106781187,0.));
#12841 = ORIENTED_EDGE('',*,*,#12842,.T.);
#12842 = EDGE_CURVE('',#12835,#12843,#12845,.T.);
#12843 = VERTEX_POINT('',#12844);
#12844 = CARTESIAN_POINT('',(-16.76602610216,-39.49707899415,0.));
#12845 = CIRCLE('',#12846,0.9);
#12846 = AXIS2_PLACEMENT_3D('',#12847,#12848,#12849);
#12847 = CARTESIAN_POINT('',(-15.87503175006,-39.37007874015,0.));
#12848 = DIRECTION('',(-0.,0.,-1.));
#12849 = DIRECTION('',(0.600250452841,-0.799812099099,-0.));
#12850 = ORIENTED_EDGE('',*,*,#12851,.T.);
#12851 = EDGE_CURVE('',#12843,#12852,#12854,.T.);
#12852 = VERTEX_POINT('',#12853);
#12853 = CARTESIAN_POINT('',(-20.82804165608,-39.49707899415,0.));
#12854 = LINE('',#12855,#12856);
#12855 = CARTESIAN_POINT('',(-16.76602610216,-39.49707899415,0.));
#12856 = VECTOR('',#12857,1.);
#12857 = DIRECTION('',(-1.,0.,0.));
#12858 = ORIENTED_EDGE('',*,*,#12859,.T.);
#12859 = EDGE_CURVE('',#12852,#12860,#12862,.T.);
#12860 = VERTEX_POINT('',#12861);
#12861 = CARTESIAN_POINT('',(-20.91784439689,-39.45988148097,0.));
#12862 = CIRCLE('',#12863,0.127000254001);
#12863 = AXIS2_PLACEMENT_3D('',#12864,#12865,#12866);
#12864 = CARTESIAN_POINT('',(-20.82804165608,-39.37007874015,0.));
#12865 = DIRECTION('',(-0.,0.,-1.));
#12866 = DIRECTION('',(1.820355380521E-14,-1.,-0.));
#12867 = ORIENTED_EDGE('',*,*,#12868,.T.);
#12868 = EDGE_CURVE('',#12860,#12869,#12871,.T.);
#12869 = VERTEX_POINT('',#12870);
#12870 = CARTESIAN_POINT('',(-34.63884495058,-25.73888092728,0.));
#12871 = LINE('',#12872,#12873);
#12872 = CARTESIAN_POINT('',(-20.91784439689,-39.45988148097,0.));
#12873 = VECTOR('',#12874,1.);
#12874 = DIRECTION('',(-0.707106781187,0.707106781187,0.));
#12875 = ORIENTED_EDGE('',*,*,#12876,.T.);
#12876 = EDGE_CURVE('',#12869,#12877,#12879,.T.);
#12877 = VERTEX_POINT('',#12878);
#12878 = CARTESIAN_POINT('',(-35.8154664612,-25.65544614116,0.));
#12879 = CIRCLE('',#12880,0.9);
#12880 = AXIS2_PLACEMENT_3D('',#12881,#12882,#12883);
#12881 = CARTESIAN_POINT('',(-35.17907035814,-25.0190500381,0.));
#12882 = DIRECTION('',(-0.,0.,-1.));
#12883 = DIRECTION('',(0.600250452841,-0.799812099099,-0.));
#12884 = ORIENTED_EDGE('',*,*,#12885,.T.);
#12885 = EDGE_CURVE('',#12877,#12886,#12888,.T.);
#12886 = VERTEX_POINT('',#12887);
#12887 = CARTESIAN_POINT('',(-35.89890124733,-24.47882463054,0.));
#12888 = CIRCLE('',#12889,0.9);
#12889 = AXIS2_PLACEMENT_3D('',#12890,#12891,#12892);
#12890 = CARTESIAN_POINT('',(-35.17907035814,-25.0190500381,0.));
#12891 = DIRECTION('',(0.,0.,-1.));
#12892 = DIRECTION('',(-0.707106781187,-0.707106781187,-0.));
#12893 = ORIENTED_EDGE('',*,*,#12894,.T.);
#12894 = EDGE_CURVE('',#12886,#12895,#12897,.T.);
#12895 = VERTEX_POINT('',#12896);
#12896 = CARTESIAN_POINT('',(-43.65088986299,-16.72683601488,0.));
#12897 = LINE('',#12898,#12899);
#12898 = CARTESIAN_POINT('',(-35.89890124733,-24.47882463054,0.));
#12899 = VECTOR('',#12900,1.);
#12900 = DIRECTION('',(-0.707106781187,0.707106781187,0.));
#12901 = ORIENTED_EDGE('',*,*,#12902,.T.);
#12902 = EDGE_CURVE('',#12895,#12903,#12905,.T.);
#12903 = VERTEX_POINT('',#12904);
#12904 = CARTESIAN_POINT('',(-43.68808737617,-16.63703327406,0.));
#12905 = CIRCLE('',#12906,0.127000254001);
#12906 = AXIS2_PLACEMENT_3D('',#12907,#12908,#12909);
#12907 = CARTESIAN_POINT('',(-43.56108712217,-16.63703327406,0.));
#12908 = DIRECTION('',(0.,0.,-1.));
#12909 = DIRECTION('',(-0.707106781187,-0.707106781187,-0.));
#12910 = ORIENTED_EDGE('',*,*,#12911,.T.);
#12911 = EDGE_CURVE('',#12903,#12912,#12914,.T.);
#12912 = VERTEX_POINT('',#12913);
#12913 = CARTESIAN_POINT('',(-43.68808737617,-2.922998416114,0.));
#12914 = LINE('',#12915,#12916);
#12915 = CARTESIAN_POINT('',(-43.68808737617,-16.63703327406,0.));
#12916 = VECTOR('',#12917,1.);
#12917 = DIRECTION('',(0.,1.,0.));
#12918 = ORIENTED_EDGE('',*,*,#12919,.T.);
#12919 = EDGE_CURVE('',#12912,#12920,#12922,.T.);
#12920 = VERTEX_POINT('',#12921);
#12921 = CARTESIAN_POINT('',(-44.46108712217,-2.032004064008,0.));
#12922 = CIRCLE('',#12923,0.9);
#12923 = AXIS2_PLACEMENT_3D('',#12924,#12925,#12926);
#12924 = CARTESIAN_POINT('',(-43.56108712217,-2.032004064008,0.));
#12925 = DIRECTION('',(0.,0.,-1.));
#12926 = DIRECTION('',(-0.141111393334,-0.989993724562,-0.));
#12927 = ORIENTED_EDGE('',*,*,#12928,.T.);
#12928 = EDGE_CURVE('',#12920,#12036,#12929,.T.);
#12929 = CIRCLE('',#12930,0.9);
#12930 = AXIS2_PLACEMENT_3D('',#12931,#12932,#12933);
#12931 = CARTESIAN_POINT('',(-43.56108712217,-2.032004064008,0.));
#12932 = DIRECTION('',(0.,0.,-1.));
#12933 = DIRECTION('',(-1.,9.412051647533E-17,0.));
#12934 = FACE_BOUND('',#12935,.T.);
#12935 = EDGE_LOOP('',(#12936,#12947));
#12936 = ORIENTED_EDGE('',*,*,#12937,.T.);
#12937 = EDGE_CURVE('',#12938,#12940,#12942,.T.);
#12938 = VERTEX_POINT('',#12939);
#12939 = CARTESIAN_POINT('',(35.187071374143,-24.13004826009,0.));
#12940 = VERTEX_POINT('',#12941);
#12941 = CARTESIAN_POINT('',(36.187071374143,-24.13004826009,0.));
#12942 = CIRCLE('',#12943,0.5);
#12943 = AXIS2_PLACEMENT_3D('',#12944,#12945,#12946);
#12944 = CARTESIAN_POINT('',(35.687071374143,-24.13004826009,0.));
#12945 = DIRECTION('',(0.,0.,1.));
#12946 = DIRECTION('',(-1.,-1.110223024625E-16,0.));
#12947 = ORIENTED_EDGE('',*,*,#12948,.T.);
#12948 = EDGE_CURVE('',#12940,#12938,#12949,.T.);
#12949 = CIRCLE('',#12950,0.5);
#12950 = AXIS2_PLACEMENT_3D('',#12951,#12952,#12953);
#12951 = CARTESIAN_POINT('',(35.687071374143,-24.13004826009,0.));
#12952 = DIRECTION('',(0.,0.,1.));
#12953 = DIRECTION('',(1.,1.110223024625E-16,-0.));
#12954 = FACE_BOUND('',#12955,.T.);
#12955 = EDGE_LOOP('',(#12956,#12967));
#12956 = ORIENTED_EDGE('',*,*,#12957,.T.);
#12957 = EDGE_CURVE('',#12958,#12960,#12962,.T.);
#12958 = VERTEX_POINT('',#12959);
#12959 = CARTESIAN_POINT('',(13.216027432055,-40.25908051816,0.));
#12960 = VERTEX_POINT('',#12961);
#12961 = CARTESIAN_POINT('',(14.216027432055,-40.25908051816,0.));
#12962 = CIRCLE('',#12963,0.5);
#12963 = AXIS2_PLACEMENT_3D('',#12964,#12965,#12966);
#12964 = CARTESIAN_POINT('',(13.716027432055,-40.25908051816,0.));
#12965 = DIRECTION('',(0.,0.,1.));
#12966 = DIRECTION('',(-1.,-1.110223024625E-16,0.));
#12967 = ORIENTED_EDGE('',*,*,#12968,.T.);
#12968 = EDGE_CURVE('',#12960,#12958,#12969,.T.);
#12969 = CIRCLE('',#12970,0.5);
#12970 = AXIS2_PLACEMENT_3D('',#12971,#12972,#12973);
#12971 = CARTESIAN_POINT('',(13.716027432055,-40.25908051816,0.));
#12972 = DIRECTION('',(0.,0.,1.));
#12973 = DIRECTION('',(1.,1.110223024625E-16,-0.));
#12974 = FACE_BOUND('',#12975,.T.);
#12975 = EDGE_LOOP('',(#12976,#12987));
#12976 = ORIENTED_EDGE('',*,*,#12977,.T.);
#12977 = EDGE_CURVE('',#12978,#12980,#12982,.T.);
#12978 = VERTEX_POINT('',#12979);
#12979 = CARTESIAN_POINT('',(43.569088138176,-1.397002794006,0.));
#12980 = VERTEX_POINT('',#12981);
#12981 = CARTESIAN_POINT('',(44.569088138176,-1.397002794006,0.));
#12982 = CIRCLE('',#12983,0.5);
#12983 = AXIS2_PLACEMENT_3D('',#12984,#12985,#12986);
#12984 = CARTESIAN_POINT('',(44.069088138176,-1.397002794006,0.));
#12985 = DIRECTION('',(0.,0.,1.));
#12986 = DIRECTION('',(-1.,-1.110223024625E-16,0.));
#12987 = ORIENTED_EDGE('',*,*,#12988,.T.);
#12988 = EDGE_CURVE('',#12980,#12978,#12989,.T.);
#12989 = CIRCLE('',#12990,0.5);
#12990 = AXIS2_PLACEMENT_3D('',#12991,#12992,#12993);
#12991 = CARTESIAN_POINT('',(44.069088138176,-1.397002794006,0.));
#12992 = DIRECTION('',(0.,0.,1.));
#12993 = DIRECTION('',(1.,1.110223024625E-16,-0.));
#12994 = FACE_BOUND('',#12995,.T.);
#12995 = EDGE_LOOP('',(#12996,#13007));
#12996 = ORIENTED_EDGE('',*,*,#12997,.T.);
#12997 = EDGE_CURVE('',#12998,#13000,#13002,.T.);
#12998 = VERTEX_POINT('',#12999);
#12999 = CARTESIAN_POINT('',(16.687833375667,-14.26697993396,0.));
#13000 = VERTEX_POINT('',#13001);
#13001 = CARTESIAN_POINT('',(17.60223520447,-14.26697993396,0.));
#13002 = CIRCLE('',#13003,0.457200914402);
#13003 = AXIS2_PLACEMENT_3D('',#13004,#13005,#13006);
#13004 = CARTESIAN_POINT('',(17.145034290069,-14.26697993396,0.));
#13005 = DIRECTION('',(0.,0.,1.));
#13006 = DIRECTION('',(-1.,-1.110223024625E-16,0.));
#13007 = ORIENTED_EDGE('',*,*,#13008,.T.);
#13008 = EDGE_CURVE('',#13000,#12998,#13009,.T.);
#13009 = CIRCLE('',#13010,0.457200914402);
#13010 = AXIS2_PLACEMENT_3D('',#13011,#13012,#13013);
#13011 = CARTESIAN_POINT('',(17.145034290069,-14.26697993396,0.));
#13012 = DIRECTION('',(0.,0.,1.));
#13013 = DIRECTION('',(1.,1.110223024625E-16,-0.));
#13014 = FACE_BOUND('',#13015,.T.);
#13015 = EDGE_LOOP('',(#13016,#13027));
#13016 = ORIENTED_EDGE('',*,*,#13017,.T.);
#13017 = EDGE_CURVE('',#13018,#13020,#13022,.T.);
#13018 = VERTEX_POINT('',#13019);
#13019 = CARTESIAN_POINT('',(-16.37503175006,-39.37007874015,0.));
#13020 = VERTEX_POINT('',#13021);
#13021 = CARTESIAN_POINT('',(-15.37503175006,-39.37007874015,0.));
#13022 = CIRCLE('',#13023,0.5);
#13023 = AXIS2_PLACEMENT_3D('',#13024,#13025,#13026);
#13024 = CARTESIAN_POINT('',(-15.87503175006,-39.37007874015,0.));
#13025 = DIRECTION('',(0.,0.,1.));
#13026 = DIRECTION('',(-1.,-1.110223024625E-16,0.));
#13027 = ORIENTED_EDGE('',*,*,#13028,.T.);
#13028 = EDGE_CURVE('',#13020,#13018,#13029,.T.);
#13029 = CIRCLE('',#13030,0.5);
#13030 = AXIS2_PLACEMENT_3D('',#13031,#13032,#13033);
#13031 = CARTESIAN_POINT('',(-15.87503175006,-39.37007874015,0.));
#13032 = DIRECTION('',(0.,0.,1.));
#13033 = DIRECTION('',(1.,1.110223024625E-16,-0.));
#13034 = FACE_BOUND('',#13035,.T.);
#13035 = EDGE_LOOP('',(#13036,#13047));
#13036 = ORIENTED_EDGE('',*,*,#13037,.T.);
#13037 = EDGE_CURVE('',#13038,#13040,#13042,.T.);
#13038 = VERTEX_POINT('',#13039);
#13039 = CARTESIAN_POINT('',(-35.67907035814,-25.0190500381,0.));
#13040 = VERTEX_POINT('',#13041);
#13041 = CARTESIAN_POINT('',(-34.67907035814,-25.0190500381,0.));
#13042 = CIRCLE('',#13043,0.5);
#13043 = AXIS2_PLACEMENT_3D('',#13044,#13045,#13046);
#13044 = CARTESIAN_POINT('',(-35.17907035814,-25.0190500381,0.));
#13045 = DIRECTION('',(0.,0.,1.));
#13046 = DIRECTION('',(-1.,-1.110223024625E-16,0.));
#13047 = ORIENTED_EDGE('',*,*,#13048,.T.);
#13048 = EDGE_CURVE('',#13040,#13038,#13049,.T.);
#13049 = CIRCLE('',#13050,0.5);
#13050 = AXIS2_PLACEMENT_3D('',#13051,#13052,#13053);
#13051 = CARTESIAN_POINT('',(-35.17907035814,-25.0190500381,0.));
#13052 = DIRECTION('',(0.,0.,1.));
#13053 = DIRECTION('',(1.,1.110223024625E-16,-0.));
#13054 = FACE_BOUND('',#13055,.T.);
#13055 = EDGE_LOOP('',(#13056,#13067));
#13056 = ORIENTED_EDGE('',*,*,#13057,.T.);
#13057 = EDGE_CURVE('',#13058,#13060,#13062,.T.);
#13058 = VERTEX_POINT('',#13059);
#13059 = CARTESIAN_POINT('',(-44.06108712217,-2.032004064008,0.));
#13060 = VERTEX_POINT('',#13061);
#13061 = CARTESIAN_POINT('',(-43.06108712217,-2.032004064008,0.));
#13062 = CIRCLE('',#13063,0.5);
#13063 = AXIS2_PLACEMENT_3D('',#13064,#13065,#13066);
#13064 = CARTESIAN_POINT('',(-43.56108712217,-2.032004064008,0.));
#13065 = DIRECTION('',(0.,0.,1.));
#13066 = DIRECTION('',(-1.,-1.110223024625E-16,0.));
#13067 = ORIENTED_EDGE('',*,*,#13068,.T.);
#13068 = EDGE_CURVE('',#13060,#13058,#13069,.T.);
#13069 = CIRCLE('',#13070,0.5);
#13070 = AXIS2_PLACEMENT_3D('',#13071,#13072,#13073);
#13071 = CARTESIAN_POINT('',(-43.56108712217,-2.032004064008,0.));
#13072 = DIRECTION('',(0.,0.,1.));
#13073 = DIRECTION('',(1.,1.110223024625E-16,-0.));
#13074 = FACE_BOUND('',#13075,.T.);
#13075 = EDGE_LOOP('',(#13076,#13087));
#13076 = ORIENTED_EDGE('',*,*,#13077,.T.);
#13077 = EDGE_CURVE('',#13078,#13080,#13082,.T.);
#13078 = VERTEX_POINT('',#13079);
#13079 = CARTESIAN_POINT('',(35.568072136144,23.368046736093,0.));
#13080 = VERTEX_POINT('',#13081);
#13081 = CARTESIAN_POINT('',(36.568072136144,23.368046736093,0.));
#13082 = CIRCLE('',#13083,0.5);
#13083 = AXIS2_PLACEMENT_3D('',#13084,#13085,#13086);
#13084 = CARTESIAN_POINT('',(36.068072136144,23.368046736093,0.));
#13085 = DIRECTION('',(0.,0.,1.));
#13086 = DIRECTION('',(-1.,-1.110223024625E-16,0.));
#13087 = ORIENTED_EDGE('',*,*,#13088,.T.);
#13088 = EDGE_CURVE('',#13080,#13078,#13089,.T.);
#13089 = CIRCLE('',#13090,0.5);
#13090 = AXIS2_PLACEMENT_3D('',#13091,#13092,#13093);
#13091 = CARTESIAN_POINT('',(36.068072136144,23.368046736093,0.));
#13092 = DIRECTION('',(0.,0.,1.));
#13093 = DIRECTION('',(1.,1.110223024625E-16,-0.));
#13094 = FACE_BOUND('',#13095,.T.);
#13095 = EDGE_LOOP('',(#13096,#13107));
#13096 = ORIENTED_EDGE('',*,*,#13097,.T.);
#13097 = EDGE_CURVE('',#13098,#13100,#13102,.T.);
#13098 = VERTEX_POINT('',#13099);
#13099 = CARTESIAN_POINT('',(10.676022352045,38.481076962154,0.));
#13100 = VERTEX_POINT('',#13101);
#13101 = CARTESIAN_POINT('',(11.676022352045,38.481076962154,0.));
#13102 = CIRCLE('',#13103,0.5);
#13103 = AXIS2_PLACEMENT_3D('',#13104,#13105,#13106);
#13104 = CARTESIAN_POINT('',(11.176022352045,38.481076962154,0.));
#13105 = DIRECTION('',(0.,0.,1.));
#13106 = DIRECTION('',(-1.,-1.110223024625E-16,0.));
#13107 = ORIENTED_EDGE('',*,*,#13108,.T.);
#13108 = EDGE_CURVE('',#13100,#13098,#13109,.T.);
#13109 = CIRCLE('',#13110,0.5);
#13110 = AXIS2_PLACEMENT_3D('',#13111,#13112,#13113);
#13111 = CARTESIAN_POINT('',(11.176022352045,38.481076962154,0.));
#13112 = DIRECTION('',(0.,0.,1.));
#13113 = DIRECTION('',(1.,1.110223024625E-16,-0.));
#13114 = FACE_BOUND('',#13115,.T.);
#13115 = EDGE_LOOP('',(#13116,#13127));
#13116 = ORIENTED_EDGE('',*,*,#13117,.T.);
#13117 = EDGE_CURVE('',#13118,#13120,#13122,.T.);
#13118 = VERTEX_POINT('',#13119);
#13119 = CARTESIAN_POINT('',(-20.31203962407,37.084074168148,0.));
#13120 = VERTEX_POINT('',#13121);
#13121 = CARTESIAN_POINT('',(-19.31203962407,37.084074168148,0.));
#13122 = CIRCLE('',#13123,0.5);
#13123 = AXIS2_PLACEMENT_3D('',#13124,#13125,#13126);
#13124 = CARTESIAN_POINT('',(-19.81203962407,37.084074168148,0.));
#13125 = DIRECTION('',(0.,0.,1.));
#13126 = DIRECTION('',(-1.,-1.110223024625E-16,0.));
#13127 = ORIENTED_EDGE('',*,*,#13128,.T.);
#13128 = EDGE_CURVE('',#13120,#13118,#13129,.T.);
#13129 = CIRCLE('',#13130,0.5);
#13130 = AXIS2_PLACEMENT_3D('',#13131,#13132,#13133);
#13131 = CARTESIAN_POINT('',(-19.81203962407,37.084074168148,0.));
#13132 = DIRECTION('',(0.,0.,1.));
#13133 = DIRECTION('',(1.,1.110223024625E-16,-0.));
#13134 = FACE_BOUND('',#13135,.T.);
#13135 = EDGE_LOOP('',(#13136,#13147));
#13136 = ORIENTED_EDGE('',*,*,#13137,.T.);
#13137 = EDGE_CURVE('',#13138,#13140,#13142,.T.);
#13138 = VERTEX_POINT('',#13139);
#13139 = CARTESIAN_POINT('',(-39.74307848615,19.431038862078,0.));
#13140 = VERTEX_POINT('',#13141);
#13141 = CARTESIAN_POINT('',(-38.74307848615,19.431038862078,0.));
#13142 = CIRCLE('',#13143,0.5);
#13143 = AXIS2_PLACEMENT_3D('',#13144,#13145,#13146);
#13144 = CARTESIAN_POINT('',(-39.24307848615,19.431038862078,0.));
#13145 = DIRECTION('',(0.,0.,1.));
#13146 = DIRECTION('',(-1.,-1.110223024625E-16,0.));
#13147 = ORIENTED_EDGE('',*,*,#13148,.T.);
#13148 = EDGE_CURVE('',#13140,#13138,#13149,.T.);
#13149 = CIRCLE('',#13150,0.5);
#13150 = AXIS2_PLACEMENT_3D('',#13151,#13152,#13153);
#13151 = CARTESIAN_POINT('',(-39.24307848615,19.431038862078,0.));
#13152 = DIRECTION('',(0.,0.,1.));
#13153 = DIRECTION('',(1.,1.110223024625E-16,-0.));
#13154 = PLANE('',#13155);
#13155 = AXIS2_PLACEMENT_3D('',#13156,#13157,#13158);
#13156 = CARTESIAN_POINT('',(3.111192480934,-7.193382709466,0.));
#13157 = DIRECTION('',(-0.,-0.,-1.));
#13158 = DIRECTION('',(-1.,0.,0.));
#13159 = SHELL_BASED_SURFACE_MODEL('',(#13160));
#13160 = OPEN_SHELL('',(#13161));
#13161 = ADVANCED_FACE('',(#13162,#13182),#13202,.T.);
#13162 = FACE_BOUND('',#13163,.T.);
#13163 = EDGE_LOOP('',(#13164,#13175));
#13164 = ORIENTED_EDGE('',*,*,#13165,.T.);
#13165 = EDGE_CURVE('',#13166,#13168,#13170,.T.);
#13166 = VERTEX_POINT('',#13167);
#13167 = CARTESIAN_POINT('',(-40.12108204216,-2.032004064008,0.));
#13168 = VERTEX_POINT('',#13169);
#13169 = CARTESIAN_POINT('',(-41.92108204216,-2.032004064008,0.));
#13170 = CIRCLE('',#13171,0.9);
#13171 = AXIS2_PLACEMENT_3D('',#13172,#13173,#13174);
#13172 = CARTESIAN_POINT('',(-41.02108204216,-2.032004064008,0.));
#13173 = DIRECTION('',(-0.,0.,-1.));
#13174 = DIRECTION('',(1.,-1.110223024625E-16,-0.));
#13175 = ORIENTED_EDGE('',*,*,#13176,.T.);
#13176 = EDGE_CURVE('',#13168,#13166,#13177,.T.);
#13177 = CIRCLE('',#13178,0.9);
#13178 = AXIS2_PLACEMENT_3D('',#13179,#13180,#13181);
#13179 = CARTESIAN_POINT('',(-41.02108204216,-2.032004064008,0.));
#13180 = DIRECTION('',(0.,0.,-1.));
#13181 = DIRECTION('',(-1.,1.110223024625E-16,0.));
#13182 = FACE_BOUND('',#13183,.T.);
#13183 = EDGE_LOOP('',(#13184,#13195));
#13184 = ORIENTED_EDGE('',*,*,#13185,.T.);
#13185 = EDGE_CURVE('',#13186,#13188,#13190,.T.);
#13186 = VERTEX_POINT('',#13187);
#13187 = CARTESIAN_POINT('',(-41.52108204216,-2.032004064008,0.));
#13188 = VERTEX_POINT('',#13189);
#13189 = CARTESIAN_POINT('',(-40.52108204216,-2.032004064008,0.));
#13190 = CIRCLE('',#13191,0.5);
#13191 = AXIS2_PLACEMENT_3D('',#13192,#13193,#13194);
#13192 = CARTESIAN_POINT('',(-41.02108204216,-2.032004064008,0.));
#13193 = DIRECTION('',(0.,0.,1.));
#13194 = DIRECTION('',(-1.,-1.110223024625E-16,0.));
#13195 = ORIENTED_EDGE('',*,*,#13196,.T.);
#13196 = EDGE_CURVE('',#13188,#13186,#13197,.T.);
#13197 = CIRCLE('',#13198,0.5);
#13198 = AXIS2_PLACEMENT_3D('',#13199,#13200,#13201);
#13199 = CARTESIAN_POINT('',(-41.02108204216,-2.032004064008,0.));
#13200 = DIRECTION('',(0.,0.,1.));
#13201 = DIRECTION('',(1.,1.110223024625E-16,-0.));
#13202 = PLANE('',#13203);
#13203 = AXIS2_PLACEMENT_3D('',#13204,#13205,#13206);
#13204 = CARTESIAN_POINT('',(-41.02108204216,-2.032004064008,0.));
#13205 = DIRECTION('',(-0.,-0.,-1.));
#13206 = DIRECTION('',(-1.,0.,0.));
#13207 = SHELL_BASED_SURFACE_MODEL('',(#13208));
#13208 = OPEN_SHELL('',(#13209));
#13209 = ADVANCED_FACE('',(#13210,#13289,#13309),#13329,.T.);
#13210 = FACE_BOUND('',#13211,.T.);
#13211 = EDGE_LOOP('',(#13212,#13222,#13230,#13239,#13248,#13256,#13265,
    #13273,#13282));
#13212 = ORIENTED_EDGE('',*,*,#13213,.T.);
#13213 = EDGE_CURVE('',#13214,#13216,#13218,.T.);
#13214 = VERTEX_POINT('',#13215);
#13215 = CARTESIAN_POINT('',(-3.587891865961,9.885299338355,0.));
#13216 = VERTEX_POINT('',#13217);
#13217 = CARTESIAN_POINT('',(-13.00663113568,19.304038608077,0.));
#13218 = LINE('',#13219,#13220);
#13219 = CARTESIAN_POINT('',(-3.587891865961,9.885299338355,0.));
#13220 = VECTOR('',#13221,1.);
#13221 = DIRECTION('',(-0.707106781187,0.707106781187,0.));
#13222 = ORIENTED_EDGE('',*,*,#13223,.T.);
#13223 = EDGE_CURVE('',#13216,#13224,#13226,.T.);
#13224 = VERTEX_POINT('',#13225);
#13225 = CARTESIAN_POINT('',(-35.81207905404,19.304038608077,0.));
#13226 = LINE('',#13227,#13228);
#13227 = CARTESIAN_POINT('',(-13.00663113568,19.304038608077,0.));
#13228 = VECTOR('',#13229,1.);
#13229 = DIRECTION('',(-1.,0.,0.));
#13230 = ORIENTED_EDGE('',*,*,#13231,.T.);
#13231 = EDGE_CURVE('',#13224,#13232,#13234,.T.);
#13232 = VERTEX_POINT('',#13233);
#13233 = CARTESIAN_POINT('',(-37.60307340614,19.431038862078,0.));
#13234 = CIRCLE('',#13235,0.9);
#13235 = AXIS2_PLACEMENT_3D('',#13236,#13237,#13238);
#13236 = CARTESIAN_POINT('',(-36.70307340614,19.431038862078,0.));
#13237 = DIRECTION('',(-0.,0.,-1.));
#13238 = DIRECTION('',(0.989993724562,-0.141111393334,-0.));
#13239 = ORIENTED_EDGE('',*,*,#13240,.T.);
#13240 = EDGE_CURVE('',#13232,#13241,#13243,.T.);
#13241 = VERTEX_POINT('',#13242);
#13242 = CARTESIAN_POINT('',(-35.81207905404,19.558039116078,0.));
#13243 = CIRCLE('',#13244,0.9);
#13244 = AXIS2_PLACEMENT_3D('',#13245,#13246,#13247);
#13245 = CARTESIAN_POINT('',(-36.70307340614,19.431038862078,0.));
#13246 = DIRECTION('',(0.,0.,-1.));
#13247 = DIRECTION('',(-1.,8.656750581266E-16,0.));
#13248 = ORIENTED_EDGE('',*,*,#13249,.T.);
#13249 = EDGE_CURVE('',#13241,#13250,#13252,.T.);
#13250 = VERTEX_POINT('',#13251);
#13251 = CARTESIAN_POINT('',(-12.95402590805,19.558039116078,0.));
#13252 = LINE('',#13253,#13254);
#13253 = CARTESIAN_POINT('',(-35.81207905404,19.558039116078,0.));
#13254 = VECTOR('',#13255,1.);
#13255 = DIRECTION('',(1.,0.,0.));
#13256 = ORIENTED_EDGE('',*,*,#13257,.T.);
#13257 = EDGE_CURVE('',#13250,#13258,#13260,.T.);
#13258 = VERTEX_POINT('',#13259);
#13259 = CARTESIAN_POINT('',(-12.86422316723,19.520841602894,0.));
#13260 = CIRCLE('',#13261,0.127000254001);
#13261 = AXIS2_PLACEMENT_3D('',#13262,#13263,#13264);
#13262 = CARTESIAN_POINT('',(-12.95402590805,19.431038862078,0.));
#13263 = DIRECTION('',(0.,0.,-1.));
#13264 = DIRECTION('',(-4.24035723933E-14,1.,0.));
#13265 = ORIENTED_EDGE('',*,*,#13266,.T.);
#13266 = EDGE_CURVE('',#13258,#13267,#13269,.T.);
#13267 = VERTEX_POINT('',#13268);
#13268 = CARTESIAN_POINT('',(-3.408286384329,10.064904819987,0.));
#13269 = LINE('',#13270,#13271);
#13270 = CARTESIAN_POINT('',(-12.86422316723,19.520841602894,0.));
#13271 = VECTOR('',#13272,1.);
#13272 = DIRECTION('',(0.707106781187,-0.707106781187,0.));
#13273 = ORIENTED_EDGE('',*,*,#13274,.T.);
#13274 = EDGE_CURVE('',#13267,#13275,#13277,.T.);
#13275 = VERTEX_POINT('',#13276);
#13276 = CARTESIAN_POINT('',(-3.086338137724,9.56335109175,0.));
#13277 = CIRCLE('',#13278,0.305001270003);
#13278 = AXIS2_PLACEMENT_3D('',#13279,#13280,#13281);
#13279 = CARTESIAN_POINT('',(-3.302006604013,9.779019558039,0.));
#13280 = DIRECTION('',(0.,0.,-1.));
#13281 = DIRECTION('',(-0.348456845163,0.937324824732,0.));
#13282 = ORIENTED_EDGE('',*,*,#13283,.T.);
#13283 = EDGE_CURVE('',#13275,#13214,#13284,.T.);
#13284 = CIRCLE('',#13285,0.305001270003);
#13285 = AXIS2_PLACEMENT_3D('',#13286,#13287,#13288);
#13286 = CARTESIAN_POINT('',(-3.302006604013,9.779019558039,0.));
#13287 = DIRECTION('',(-0.,0.,-1.));
#13288 = DIRECTION('',(0.707106781187,-0.707106781187,-0.));
#13289 = FACE_BOUND('',#13290,.T.);
#13290 = EDGE_LOOP('',(#13291,#13302));
#13291 = ORIENTED_EDGE('',*,*,#13292,.T.);
#13292 = EDGE_CURVE('',#13293,#13295,#13297,.T.);
#13293 = VERTEX_POINT('',#13294);
#13294 = CARTESIAN_POINT('',(-3.454505969012,9.779019558039,0.));
#13295 = VERTEX_POINT('',#13296);
#13296 = CARTESIAN_POINT('',(-3.149507239014,9.779019558039,0.));
#13297 = CIRCLE('',#13298,0.152499364999);
#13298 = AXIS2_PLACEMENT_3D('',#13299,#13300,#13301);
#13299 = CARTESIAN_POINT('',(-3.302006604013,9.779019558039,0.));
#13300 = DIRECTION('',(0.,0.,1.));
#13301 = DIRECTION('',(-1.,-1.110223024625E-16,0.));
#13302 = ORIENTED_EDGE('',*,*,#13303,.T.);
#13303 = EDGE_CURVE('',#13295,#13293,#13304,.T.);
#13304 = CIRCLE('',#13305,0.152499364999);
#13305 = AXIS2_PLACEMENT_3D('',#13306,#13307,#13308);
#13306 = CARTESIAN_POINT('',(-3.302006604013,9.779019558039,0.));
#13307 = DIRECTION('',(0.,0.,1.));
#13308 = DIRECTION('',(1.,1.110223024625E-16,-0.));
#13309 = FACE_BOUND('',#13310,.T.);
#13310 = EDGE_LOOP('',(#13311,#13322));
#13311 = ORIENTED_EDGE('',*,*,#13312,.T.);
#13312 = EDGE_CURVE('',#13313,#13315,#13317,.T.);
#13313 = VERTEX_POINT('',#13314);
#13314 = CARTESIAN_POINT('',(-37.20307340614,19.431038862078,0.));
#13315 = VERTEX_POINT('',#13316);
#13316 = CARTESIAN_POINT('',(-36.20307340614,19.431038862078,0.));
#13317 = CIRCLE('',#13318,0.5);
#13318 = AXIS2_PLACEMENT_3D('',#13319,#13320,#13321);
#13319 = CARTESIAN_POINT('',(-36.70307340614,19.431038862078,0.));
#13320 = DIRECTION('',(0.,0.,1.));
#13321 = DIRECTION('',(-1.,-1.110223024625E-16,0.));
#13322 = ORIENTED_EDGE('',*,*,#13323,.T.);
#13323 = EDGE_CURVE('',#13315,#13313,#13324,.T.);
#13324 = CIRCLE('',#13325,0.5);
#13325 = AXIS2_PLACEMENT_3D('',#13326,#13327,#13328);
#13326 = CARTESIAN_POINT('',(-36.70307340614,19.431038862078,0.));
#13327 = DIRECTION('',(0.,0.,1.));
#13328 = DIRECTION('',(1.,1.110223024625E-16,-0.));
#13329 = PLANE('',#13330);
#13330 = AXIS2_PLACEMENT_3D('',#13331,#13332,#13333);
#13331 = CARTESIAN_POINT('',(-19.31152197912,17.640010479056,0.));
#13332 = DIRECTION('',(-0.,-0.,-1.));
#13333 = DIRECTION('',(-1.,0.,0.));
#13334 = SHELL_BASED_SURFACE_MODEL('',(#13335));
#13335 = OPEN_SHELL('',(#13336));
#13336 = ADVANCED_FACE('',(#13337,#13716,#13736),#13756,.T.);
#13337 = FACE_BOUND('',#13338,.T.);
#13338 = EDGE_LOOP('',(#13339,#13349,#13357,#13365,#13373,#13382,#13390,
    #13399,#13407,#13416,#13424,#13433,#13441,#13449,#13457,#13465,
    #13473,#13482,#13490,#13499,#13507,#13516,#13524,#13533,#13541,
    #13549,#13558,#13566,#13575,#13583,#13592,#13600,#13609,#13617,
    #13625,#13633,#13641,#13649,#13658,#13666,#13675,#13683,#13692,
    #13700,#13709));
#13339 = ORIENTED_EDGE('',*,*,#13340,.T.);
#13340 = EDGE_CURVE('',#13341,#13343,#13345,.T.);
#13341 = VERTEX_POINT('',#13342);
#13342 = CARTESIAN_POINT('',(-31.74807092602,-24.8920497841,0.));
#13343 = VERTEX_POINT('',#13344);
#13344 = CARTESIAN_POINT('',(-16.77692831627,-24.8920497841,0.));
#13345 = LINE('',#13346,#13347);
#13346 = CARTESIAN_POINT('',(-31.74807092602,-24.8920497841,0.));
#13347 = VECTOR('',#13348,1.);
#13348 = DIRECTION('',(1.,0.,0.));
#13349 = ORIENTED_EDGE('',*,*,#13350,.T.);
#13350 = EDGE_CURVE('',#13343,#13351,#13353,.T.);
#13351 = VERTEX_POINT('',#13352);
#13352 = CARTESIAN_POINT('',(-7.976014732029,-16.09113619985,0.));
#13353 = LINE('',#13354,#13355);
#13354 = CARTESIAN_POINT('',(-16.77692831627,-24.8920497841,0.));
#13355 = VECTOR('',#13356,1.);
#13356 = DIRECTION('',(0.707106781187,0.707106781187,0.));
#13357 = ORIENTED_EDGE('',*,*,#13358,.T.);
#13358 = EDGE_CURVE('',#13351,#13359,#13361,.T.);
#13359 = VERTEX_POINT('',#13360);
#13360 = CARTESIAN_POINT('',(-7.976014732029,-15.8895419815,0.));
#13361 = LINE('',#13362,#13363);
#13362 = CARTESIAN_POINT('',(-7.976014732029,-16.09113619985,0.));
#13363 = VECTOR('',#13364,1.);
#13364 = DIRECTION('',(0.,1.,0.));
#13365 = ORIENTED_EDGE('',*,*,#13366,.T.);
#13366 = EDGE_CURVE('',#13359,#13367,#13369,.T.);
#13367 = VERTEX_POINT('',#13368);
#13368 = CARTESIAN_POINT('',(-8.166820774852,-15.69873593868,0.));
#13369 = LINE('',#13370,#13371);
#13370 = CARTESIAN_POINT('',(-7.976014732029,-15.8895419815,0.));
#13371 = VECTOR('',#13372,1.);
#13372 = DIRECTION('',(-0.707106781187,0.707106781187,0.));
#13373 = ORIENTED_EDGE('',*,*,#13374,.T.);
#13374 = EDGE_CURVE('',#13367,#13375,#13377,.T.);
#13375 = VERTEX_POINT('',#13376);
#13376 = CARTESIAN_POINT('',(-8.204018288037,-15.60893319786,0.));
#13377 = CIRCLE('',#13378,0.127000254001);
#13378 = AXIS2_PLACEMENT_3D('',#13379,#13380,#13381);
#13379 = CARTESIAN_POINT('',(-8.077018034036,-15.60893319786,0.));
#13380 = DIRECTION('',(0.,0.,-1.));
#13381 = DIRECTION('',(-0.707106781187,-0.707106781187,-0.));
#13382 = ORIENTED_EDGE('',*,*,#13383,.T.);
#13383 = EDGE_CURVE('',#13375,#13384,#13386,.T.);
#13384 = VERTEX_POINT('',#13385);
#13385 = CARTESIAN_POINT('',(-8.204018288037,-15.12512827025,0.));
#13386 = LINE('',#13387,#13388);
#13387 = CARTESIAN_POINT('',(-8.204018288037,-15.60893319786,0.));
#13388 = VECTOR('',#13389,1.);
#13389 = DIRECTION('',(0.,1.,0.));
#13390 = ORIENTED_EDGE('',*,*,#13391,.T.);
#13391 = EDGE_CURVE('',#13384,#13392,#13394,.T.);
#13392 = VERTEX_POINT('',#13393);
#13393 = CARTESIAN_POINT('',(-8.166820774852,-15.03532552944,0.));
#13394 = CIRCLE('',#13395,0.127000254001);
#13395 = AXIS2_PLACEMENT_3D('',#13396,#13397,#13398);
#13396 = CARTESIAN_POINT('',(-8.077018034036,-15.12512827025,0.));
#13397 = DIRECTION('',(0.,0.,-1.));
#13398 = DIRECTION('',(-1.,1.299234036293E-14,0.));
#13399 = ORIENTED_EDGE('',*,*,#13400,.T.);
#13400 = EDGE_CURVE('',#13392,#13401,#13403,.T.);
#13401 = VERTEX_POINT('',#13402);
#13402 = CARTESIAN_POINT('',(-7.824720190651,-14.69322494523,0.));
#13403 = LINE('',#13404,#13405);
#13404 = CARTESIAN_POINT('',(-8.166820774852,-15.03532552944,0.));
#13405 = VECTOR('',#13406,1.);
#13406 = DIRECTION('',(0.707106781187,0.707106781187,0.));
#13407 = ORIENTED_EDGE('',*,*,#13408,.T.);
#13408 = EDGE_CURVE('',#13401,#13409,#13411,.T.);
#13409 = VERTEX_POINT('',#13410);
#13410 = CARTESIAN_POINT('',(-7.734917449835,-14.65602743205,0.));
#13411 = CIRCLE('',#13412,0.127000254001);
#13412 = AXIS2_PLACEMENT_3D('',#13413,#13414,#13415);
#13413 = CARTESIAN_POINT('',(-7.734917449835,-14.78302768605,0.));
#13414 = DIRECTION('',(0.,0.,-1.));
#13415 = DIRECTION('',(-0.707106781187,0.707106781187,0.));
#13416 = ORIENTED_EDGE('',*,*,#13417,.T.);
#13417 = EDGE_CURVE('',#13409,#13418,#13420,.T.);
#13418 = VERTEX_POINT('',#13419);
#13419 = CARTESIAN_POINT('',(-7.251112522225,-14.65602743205,0.));
#13420 = LINE('',#13421,#13422);
#13421 = CARTESIAN_POINT('',(-7.734917449835,-14.65602743205,0.));
#13422 = VECTOR('',#13423,1.);
#13423 = DIRECTION('',(1.,0.,0.));
#13424 = ORIENTED_EDGE('',*,*,#13425,.T.);
#13425 = EDGE_CURVE('',#13418,#13426,#13428,.T.);
#13426 = VERTEX_POINT('',#13427);
#13427 = CARTESIAN_POINT('',(-7.161309781409,-14.69322494523,0.));
#13428 = CIRCLE('',#13429,0.127000254001);
#13429 = AXIS2_PLACEMENT_3D('',#13430,#13431,#13432);
#13430 = CARTESIAN_POINT('',(-7.251112522225,-14.78302768605,0.));
#13431 = DIRECTION('',(0.,0.,-1.));
#13432 = DIRECTION('',(7.566967464125E-15,1.,0.));
#13433 = ORIENTED_EDGE('',*,*,#13434,.T.);
#13434 = EDGE_CURVE('',#13426,#13435,#13437,.T.);
#13435 = VERTEX_POINT('',#13436);
#13436 = CARTESIAN_POINT('',(-1.244494086567,-20.61004064008,0.));
#13437 = LINE('',#13438,#13439);
#13438 = CARTESIAN_POINT('',(-7.161309781409,-14.69322494523,0.));
#13439 = VECTOR('',#13440,1.);
#13440 = DIRECTION('',(0.707106781187,-0.707106781187,0.));
#13441 = ORIENTED_EDGE('',*,*,#13442,.T.);
#13442 = EDGE_CURVE('',#13435,#13443,#13445,.T.);
#13443 = VERTEX_POINT('',#13444);
#13444 = CARTESIAN_POINT('',(4.880762819104,-20.61004064008,0.));
#13445 = LINE('',#13446,#13447);
#13446 = CARTESIAN_POINT('',(-1.244494086567,-20.61004064008,0.));
#13447 = VECTOR('',#13448,1.);
#13448 = DIRECTION('',(1.,0.,0.));
#13449 = ORIENTED_EDGE('',*,*,#13450,.T.);
#13450 = EDGE_CURVE('',#13443,#13451,#13453,.T.);
#13451 = VERTEX_POINT('',#13452);
#13452 = CARTESIAN_POINT('',(5.497010414021,-19.99379304516,0.));
#13453 = LINE('',#13454,#13455);
#13454 = CARTESIAN_POINT('',(4.880762819104,-20.61004064008,0.));
#13455 = VECTOR('',#13456,1.);
#13456 = DIRECTION('',(0.707106781187,0.707106781187,0.));
#13457 = ORIENTED_EDGE('',*,*,#13458,.T.);
#13458 = EDGE_CURVE('',#13451,#13459,#13461,.T.);
#13459 = VERTEX_POINT('',#13460);
#13460 = CARTESIAN_POINT('',(5.497010414021,-19.12228518699,0.));
#13461 = LINE('',#13462,#13463);
#13462 = CARTESIAN_POINT('',(5.497010414021,-19.99379304516,0.));
#13463 = VECTOR('',#13464,1.);
#13464 = DIRECTION('',(0.,1.,0.));
#13465 = ORIENTED_EDGE('',*,*,#13466,.T.);
#13466 = EDGE_CURVE('',#13459,#13467,#13469,.T.);
#13467 = VERTEX_POINT('',#13468);
#13468 = CARTESIAN_POINT('',(4.231551081891,-17.85682585486,0.));
#13469 = LINE('',#13470,#13471);
#13470 = CARTESIAN_POINT('',(5.497010414021,-19.12228518699,0.));
#13471 = VECTOR('',#13472,1.);
#13472 = DIRECTION('',(-0.707106781187,0.707106781187,0.));
#13473 = ORIENTED_EDGE('',*,*,#13474,.T.);
#13474 = EDGE_CURVE('',#13467,#13475,#13477,.T.);
#13475 = VERTEX_POINT('',#13476);
#13476 = CARTESIAN_POINT('',(4.194353568707,-17.76702311404,0.));
#13477 = CIRCLE('',#13478,0.127000254001);
#13478 = AXIS2_PLACEMENT_3D('',#13479,#13480,#13481);
#13479 = CARTESIAN_POINT('',(4.321353822708,-17.76702311404,0.));
#13480 = DIRECTION('',(0.,0.,-1.));
#13481 = DIRECTION('',(-0.707106781187,-0.707106781187,-0.));
#13482 = ORIENTED_EDGE('',*,*,#13483,.T.);
#13483 = EDGE_CURVE('',#13475,#13484,#13486,.T.);
#13484 = VERTEX_POINT('',#13485);
#13485 = CARTESIAN_POINT('',(4.194353568707,-4.862083923075,0.));
#13486 = LINE('',#13487,#13488);
#13487 = CARTESIAN_POINT('',(4.194353568707,-17.76702311404,0.));
#13488 = VECTOR('',#13489,1.);
#13489 = DIRECTION('',(6.882468848218E-17,1.,0.));
#13490 = ORIENTED_EDGE('',*,*,#13491,.T.);
#13491 = EDGE_CURVE('',#13484,#13492,#13494,.T.);
#13492 = VERTEX_POINT('',#13493);
#13493 = CARTESIAN_POINT('',(3.601351282703,-4.153370586741,0.));
#13494 = CIRCLE('',#13495,0.720002540005);
#13495 = AXIS2_PLACEMENT_3D('',#13496,#13497,#13498);
#13496 = CARTESIAN_POINT('',(4.321353822708,-4.153370586741,0.));
#13497 = DIRECTION('',(0.,0.,-1.));
#13498 = DIRECTION('',(-0.176388619406,-0.98432060577,-0.));
#13499 = ORIENTED_EDGE('',*,*,#13500,.T.);
#13500 = EDGE_CURVE('',#13492,#13501,#13503,.T.);
#13501 = VERTEX_POINT('',#13502);
#13502 = CARTESIAN_POINT('',(3.601351282703,-3.793375666751,0.));
#13503 = LINE('',#13504,#13505);
#13504 = CARTESIAN_POINT('',(3.601351282703,-4.153370586741,0.));
#13505 = VECTOR('',#13506,1.);
#13506 = DIRECTION('',(-1.233598545953E-15,1.,0.));
#13507 = ORIENTED_EDGE('',*,*,#13508,.T.);
#13508 = EDGE_CURVE('',#13501,#13509,#13511,.T.);
#13509 = VERTEX_POINT('',#13510);
#13510 = CARTESIAN_POINT('',(5.041356362713,-3.793375666751,0.));
#13511 = CIRCLE('',#13512,0.720002540005);
#13512 = AXIS2_PLACEMENT_3D('',#13513,#13514,#13515);
#13513 = CARTESIAN_POINT('',(4.321353822708,-3.793375666751,0.));
#13514 = DIRECTION('',(0.,0.,-1.));
#13515 = DIRECTION('',(-1.,1.110223024625E-16,0.));
#13516 = ORIENTED_EDGE('',*,*,#13517,.T.);
#13517 = EDGE_CURVE('',#13509,#13518,#13520,.T.);
#13518 = VERTEX_POINT('',#13519);
#13519 = CARTESIAN_POINT('',(5.041356362713,-4.153370586741,0.));
#13520 = LINE('',#13521,#13522);
#13521 = CARTESIAN_POINT('',(5.041356362713,-3.793375666751,0.));
#13522 = VECTOR('',#13523,1.);
#13523 = DIRECTION('',(0.,-1.,0.));
#13524 = ORIENTED_EDGE('',*,*,#13525,.T.);
#13525 = EDGE_CURVE('',#13518,#13526,#13528,.T.);
#13526 = VERTEX_POINT('',#13527);
#13527 = CARTESIAN_POINT('',(4.448354076708,-4.862083923075,0.));
#13528 = CIRCLE('',#13529,0.720002540005);
#13529 = AXIS2_PLACEMENT_3D('',#13530,#13531,#13532);
#13530 = CARTESIAN_POINT('',(4.321353822708,-4.153370586741,0.));
#13531 = DIRECTION('',(0.,0.,-1.));
#13532 = DIRECTION('',(1.,-1.621936332569E-15,0.));
#13533 = ORIENTED_EDGE('',*,*,#13534,.T.);
#13534 = EDGE_CURVE('',#13526,#13535,#13537,.T.);
#13535 = VERTEX_POINT('',#13536);
#13536 = CARTESIAN_POINT('',(4.448354076708,-17.71441788641,0.));
#13537 = LINE('',#13538,#13539);
#13538 = CARTESIAN_POINT('',(4.448354076708,-4.862083923075,0.));
#13539 = VECTOR('',#13540,1.);
#13540 = DIRECTION('',(0.,-1.,0.));
#13541 = ORIENTED_EDGE('',*,*,#13542,.T.);
#13542 = EDGE_CURVE('',#13535,#13543,#13545,.T.);
#13543 = VERTEX_POINT('',#13544);
#13544 = CARTESIAN_POINT('',(5.713813408838,-18.97987721854,0.));
#13545 = LINE('',#13546,#13547);
#13546 = CARTESIAN_POINT('',(4.448354076708,-17.71441788641,0.));
#13547 = VECTOR('',#13548,1.);
#13548 = DIRECTION('',(0.707106781187,-0.707106781187,0.));
#13549 = ORIENTED_EDGE('',*,*,#13550,.T.);
#13550 = EDGE_CURVE('',#13543,#13551,#13553,.T.);
#13551 = VERTEX_POINT('',#13552);
#13552 = CARTESIAN_POINT('',(5.751010922022,-19.06967995936,0.));
#13553 = CIRCLE('',#13554,0.127000254001);
#13554 = AXIS2_PLACEMENT_3D('',#13555,#13556,#13557);
#13555 = CARTESIAN_POINT('',(5.624010668021,-19.06967995936,0.));
#13556 = DIRECTION('',(0.,0.,-1.));
#13557 = DIRECTION('',(0.707106781187,0.707106781187,0.));
#13558 = ORIENTED_EDGE('',*,*,#13559,.T.);
#13559 = EDGE_CURVE('',#13551,#13560,#13562,.T.);
#13560 = VERTEX_POINT('',#13561);
#13561 = CARTESIAN_POINT('',(5.751010922022,-20.04639827279,0.));
#13562 = LINE('',#13563,#13564);
#13563 = CARTESIAN_POINT('',(5.751010922022,-19.06967995936,0.));
#13564 = VECTOR('',#13565,1.);
#13565 = DIRECTION('',(0.,-1.,0.));
#13566 = ORIENTED_EDGE('',*,*,#13567,.T.);
#13567 = EDGE_CURVE('',#13560,#13568,#13570,.T.);
#13568 = VERTEX_POINT('',#13569);
#13569 = CARTESIAN_POINT('',(5.713813408838,-20.13620101361,0.));
#13570 = CIRCLE('',#13571,0.127000254001);
#13571 = AXIS2_PLACEMENT_3D('',#13572,#13573,#13574);
#13572 = CARTESIAN_POINT('',(5.624010668021,-20.04639827279,0.));
#13573 = DIRECTION('',(0.,0.,-1.));
#13574 = DIRECTION('',(1.,5.710918840849E-16,0.));
#13575 = ORIENTED_EDGE('',*,*,#13576,.T.);
#13576 = EDGE_CURVE('',#13568,#13577,#13579,.T.);
#13577 = VERTEX_POINT('',#13578);
#13578 = CARTESIAN_POINT('',(5.023170787552,-20.82684363489,0.));
#13579 = LINE('',#13580,#13581);
#13580 = CARTESIAN_POINT('',(5.713813408838,-20.13620101361,0.));
#13581 = VECTOR('',#13582,1.);
#13582 = DIRECTION('',(-0.707106781187,-0.707106781187,0.));
#13583 = ORIENTED_EDGE('',*,*,#13584,.T.);
#13584 = EDGE_CURVE('',#13577,#13585,#13587,.T.);
#13585 = VERTEX_POINT('',#13586);
#13586 = CARTESIAN_POINT('',(4.933368046736,-20.86404114808,0.));
#13587 = CIRCLE('',#13588,0.127000254001);
#13588 = AXIS2_PLACEMENT_3D('',#13589,#13590,#13591);
#13589 = CARTESIAN_POINT('',(4.933368046736,-20.73704089408,0.));
#13590 = DIRECTION('',(0.,0.,-1.));
#13591 = DIRECTION('',(0.707106781187,-0.707106781187,0.));
#13592 = ORIENTED_EDGE('',*,*,#13593,.T.);
#13593 = EDGE_CURVE('',#13585,#13594,#13596,.T.);
#13594 = VERTEX_POINT('',#13595);
#13595 = CARTESIAN_POINT('',(-1.297099314199,-20.86404114808,0.));
#13596 = LINE('',#13597,#13598);
#13597 = CARTESIAN_POINT('',(4.933368046736,-20.86404114808,0.));
#13598 = VECTOR('',#13599,1.);
#13599 = DIRECTION('',(-1.,0.,0.));
#13600 = ORIENTED_EDGE('',*,*,#13601,.T.);
#13601 = EDGE_CURVE('',#13594,#13602,#13604,.T.);
#13602 = VERTEX_POINT('',#13603);
#13603 = CARTESIAN_POINT('',(-1.386902055015,-20.82684363489,0.));
#13604 = CIRCLE('',#13605,0.127000254001);
#13605 = AXIS2_PLACEMENT_3D('',#13606,#13607,#13608);
#13606 = CARTESIAN_POINT('',(-1.297099314199,-20.73704089408,0.));
#13607 = DIRECTION('',(-0.,0.,-1.));
#13608 = DIRECTION('',(3.141005362467E-14,-1.,-0.));
#13609 = ORIENTED_EDGE('',*,*,#13610,.T.);
#13610 = EDGE_CURVE('',#13602,#13611,#13613,.T.);
#13611 = VERTEX_POINT('',#13612);
#13612 = CARTESIAN_POINT('',(-7.303717749857,-14.91002794005,0.));
#13613 = LINE('',#13614,#13615);
#13614 = CARTESIAN_POINT('',(-1.386902055015,-20.82684363489,0.));
#13615 = VECTOR('',#13616,1.);
#13616 = DIRECTION('',(-0.707106781187,0.707106781187,0.));
#13617 = ORIENTED_EDGE('',*,*,#13618,.T.);
#13618 = EDGE_CURVE('',#13611,#13619,#13621,.T.);
#13619 = VERTEX_POINT('',#13620);
#13620 = CARTESIAN_POINT('',(-7.682312222203,-14.91002794005,0.));
#13621 = LINE('',#13622,#13623);
#13622 = CARTESIAN_POINT('',(-7.303717749857,-14.91002794005,0.));
#13623 = VECTOR('',#13624,1.);
#13624 = DIRECTION('',(-1.,0.,0.));
#13625 = ORIENTED_EDGE('',*,*,#13626,.T.);
#13626 = EDGE_CURVE('',#13619,#13627,#13629,.T.);
#13627 = VERTEX_POINT('',#13628);
#13628 = CARTESIAN_POINT('',(-7.950017780036,-15.17773349788,0.));
#13629 = LINE('',#13630,#13631);
#13630 = CARTESIAN_POINT('',(-7.682312222203,-14.91002794005,0.));
#13631 = VECTOR('',#13632,1.);
#13632 = DIRECTION('',(-0.707106781187,-0.707106781187,0.));
#13633 = ORIENTED_EDGE('',*,*,#13634,.T.);
#13634 = EDGE_CURVE('',#13627,#13635,#13637,.T.);
#13635 = VERTEX_POINT('',#13636);
#13636 = CARTESIAN_POINT('',(-7.950017780036,-15.55632797023,0.));
#13637 = LINE('',#13638,#13639);
#13638 = CARTESIAN_POINT('',(-7.950017780036,-15.17773349788,0.));
#13639 = VECTOR('',#13640,1.);
#13640 = DIRECTION('',(0.,-1.,0.));
#13641 = ORIENTED_EDGE('',*,*,#13642,.T.);
#13642 = EDGE_CURVE('',#13635,#13643,#13645,.T.);
#13643 = VERTEX_POINT('',#13644);
#13644 = CARTESIAN_POINT('',(-7.759211737213,-15.74713401305,0.));
#13645 = LINE('',#13646,#13647);
#13646 = CARTESIAN_POINT('',(-7.950017780036,-15.55632797023,0.));
#13647 = VECTOR('',#13648,1.);
#13648 = DIRECTION('',(0.707106781187,-0.707106781187,0.));
#13649 = ORIENTED_EDGE('',*,*,#13650,.T.);
#13650 = EDGE_CURVE('',#13643,#13651,#13653,.T.);
#13651 = VERTEX_POINT('',#13652);
#13652 = CARTESIAN_POINT('',(-7.722014224028,-15.83693675387,0.));
#13653 = CIRCLE('',#13654,0.127000254001);
#13654 = AXIS2_PLACEMENT_3D('',#13655,#13656,#13657);
#13655 = CARTESIAN_POINT('',(-7.849014478029,-15.83693675387,0.));
#13656 = DIRECTION('',(0.,0.,-1.));
#13657 = DIRECTION('',(0.707106781187,0.707106781187,0.));
#13658 = ORIENTED_EDGE('',*,*,#13659,.T.);
#13659 = EDGE_CURVE('',#13651,#13660,#13662,.T.);
#13660 = VERTEX_POINT('',#13661);
#13661 = CARTESIAN_POINT('',(-7.722014224028,-16.14374142748,0.));
#13662 = LINE('',#13663,#13664);
#13663 = CARTESIAN_POINT('',(-7.722014224028,-15.83693675387,0.));
#13664 = VECTOR('',#13665,1.);
#13665 = DIRECTION('',(-2.894931192707E-15,-1.,0.));
#13666 = ORIENTED_EDGE('',*,*,#13667,.T.);
#13667 = EDGE_CURVE('',#13660,#13668,#13670,.T.);
#13668 = VERTEX_POINT('',#13669);
#13669 = CARTESIAN_POINT('',(-7.759211737213,-16.23354416829,0.));
#13670 = CIRCLE('',#13671,0.127000254001);
#13671 = AXIS2_PLACEMENT_3D('',#13672,#13673,#13674);
#13672 = CARTESIAN_POINT('',(-7.849014478029,-16.14374142748,0.));
#13673 = DIRECTION('',(0.,0.,-1.));
#13674 = DIRECTION('',(1.,1.085074579761E-14,0.));
#13675 = ORIENTED_EDGE('',*,*,#13676,.T.);
#13676 = EDGE_CURVE('',#13668,#13677,#13679,.T.);
#13677 = VERTEX_POINT('',#13678);
#13678 = CARTESIAN_POINT('',(-16.63452034783,-25.10885277891,0.));
#13679 = LINE('',#13680,#13681);
#13680 = CARTESIAN_POINT('',(-7.759211737213,-16.23354416829,0.));
#13681 = VECTOR('',#13682,1.);
#13682 = DIRECTION('',(-0.707106781187,-0.707106781187,0.));
#13683 = ORIENTED_EDGE('',*,*,#13684,.T.);
#13684 = EDGE_CURVE('',#13677,#13685,#13687,.T.);
#13685 = VERTEX_POINT('',#13686);
#13686 = CARTESIAN_POINT('',(-16.72432308864,-25.1460502921,0.));
#13687 = CIRCLE('',#13688,0.127000254001);
#13688 = AXIS2_PLACEMENT_3D('',#13689,#13690,#13691);
#13689 = CARTESIAN_POINT('',(-16.72432308864,-25.0190500381,0.));
#13690 = DIRECTION('',(0.,0.,-1.));
#13691 = DIRECTION('',(0.707106781187,-0.707106781187,0.));
#13692 = ORIENTED_EDGE('',*,*,#13693,.T.);
#13693 = EDGE_CURVE('',#13685,#13694,#13696,.T.);
#13694 = VERTEX_POINT('',#13695);
#13695 = CARTESIAN_POINT('',(-31.74807092602,-25.1460502921,0.));
#13696 = LINE('',#13697,#13698);
#13697 = CARTESIAN_POINT('',(-16.72432308864,-25.1460502921,0.));
#13698 = VECTOR('',#13699,1.);
#13699 = DIRECTION('',(-1.,2.364731967853E-16,0.));
#13700 = ORIENTED_EDGE('',*,*,#13701,.T.);
#13701 = EDGE_CURVE('',#13694,#13702,#13704,.T.);
#13702 = VERTEX_POINT('',#13703);
#13703 = CARTESIAN_POINT('',(-33.53906527813,-25.0190500381,0.));
#13704 = CIRCLE('',#13705,0.9);
#13705 = AXIS2_PLACEMENT_3D('',#13706,#13707,#13708);
#13706 = CARTESIAN_POINT('',(-32.63906527813,-25.0190500381,0.));
#13707 = DIRECTION('',(-0.,0.,-1.));
#13708 = DIRECTION('',(0.989993724562,-0.141111393334,-0.));
#13709 = ORIENTED_EDGE('',*,*,#13710,.T.);
#13710 = EDGE_CURVE('',#13702,#13341,#13711,.T.);
#13711 = CIRCLE('',#13712,0.9);
#13712 = AXIS2_PLACEMENT_3D('',#13713,#13714,#13715);
#13713 = CARTESIAN_POINT('',(-32.63906527813,-25.0190500381,0.));
#13714 = DIRECTION('',(0.,0.,-1.));
#13715 = DIRECTION('',(-1.,1.004801406754E-15,0.));
#13716 = FACE_BOUND('',#13717,.T.);
#13717 = EDGE_LOOP('',(#13718,#13729));
#13718 = ORIENTED_EDGE('',*,*,#13719,.T.);
#13719 = EDGE_CURVE('',#13720,#13722,#13724,.T.);
#13720 = VERTEX_POINT('',#13721);
#13721 = CARTESIAN_POINT('',(-33.13906527813,-25.0190500381,0.));
#13722 = VERTEX_POINT('',#13723);
#13723 = CARTESIAN_POINT('',(-32.13906527813,-25.0190500381,0.));
#13724 = CIRCLE('',#13725,0.5);
#13725 = AXIS2_PLACEMENT_3D('',#13726,#13727,#13728);
#13726 = CARTESIAN_POINT('',(-32.63906527813,-25.0190500381,0.));
#13727 = DIRECTION('',(0.,0.,1.));
#13728 = DIRECTION('',(-1.,-1.110223024625E-16,0.));
#13729 = ORIENTED_EDGE('',*,*,#13730,.T.);
#13730 = EDGE_CURVE('',#13722,#13720,#13731,.T.);
#13731 = CIRCLE('',#13732,0.5);
#13732 = AXIS2_PLACEMENT_3D('',#13733,#13734,#13735);
#13733 = CARTESIAN_POINT('',(-32.63906527813,-25.0190500381,0.));
#13734 = DIRECTION('',(0.,0.,1.));
#13735 = DIRECTION('',(1.,1.110223024625E-16,-0.));
#13736 = FACE_BOUND('',#13737,.T.);
#13737 = EDGE_LOOP('',(#13738,#13749));
#13738 = ORIENTED_EDGE('',*,*,#13739,.T.);
#13739 = EDGE_CURVE('',#13740,#13742,#13744,.T.);
#13740 = VERTEX_POINT('',#13741);
#13741 = CARTESIAN_POINT('',(3.921353822708,-3.973347726695,0.));
#13742 = VERTEX_POINT('',#13743);
#13743 = CARTESIAN_POINT('',(4.721353822708,-3.973347726695,0.));
#13744 = CIRCLE('',#13745,0.4);
#13745 = AXIS2_PLACEMENT_3D('',#13746,#13747,#13748);
#13746 = CARTESIAN_POINT('',(4.321353822708,-3.973347726695,0.));
#13747 = DIRECTION('',(0.,0.,1.));
#13748 = DIRECTION('',(-1.,-1.110223024625E-16,0.));
#13749 = ORIENTED_EDGE('',*,*,#13750,.T.);
#13750 = EDGE_CURVE('',#13742,#13740,#13751,.T.);
#13751 = CIRCLE('',#13752,0.4);
#13752 = AXIS2_PLACEMENT_3D('',#13753,#13754,#13755);
#13753 = CARTESIAN_POINT('',(4.321353822708,-3.973347726695,0.));
#13754 = DIRECTION('',(0.,0.,1.));
#13755 = DIRECTION('',(1.,1.110223024625E-16,-0.));
#13756 = PLANE('',#13757);
#13757 = AXIS2_PLACEMENT_3D('',#13758,#13759,#13760);
#13758 = CARTESIAN_POINT('',(-8.450353208141,-18.75124795944,0.));
#13759 = DIRECTION('',(-0.,-0.,-1.));
#13760 = DIRECTION('',(-1.,0.,0.));
#13761 = SHELL_BASED_SURFACE_MODEL('',(#13762));
#13762 = OPEN_SHELL('',(#13763));
#13763 = ADVANCED_FACE('',(#13764,#13893,#13913),#13933,.T.);
#13764 = FACE_BOUND('',#13765,.T.);
#13765 = EDGE_LOOP('',(#13766,#13776,#13785,#13794,#13802,#13810,#13819,
    #13827,#13835,#13844,#13853,#13861,#13870,#13878,#13886));
#13766 = ORIENTED_EDGE('',*,*,#13767,.T.);
#13767 = EDGE_CURVE('',#13768,#13770,#13772,.T.);
#13768 = VERTEX_POINT('',#13769);
#13769 = CARTESIAN_POINT('',(-19.62284058689,8.394213007215,0.));
#13770 = VERTEX_POINT('',#13771);
#13771 = CARTESIAN_POINT('',(-21.2841747028,10.055547123132,0.));
#13772 = LINE('',#13773,#13774);
#13773 = CARTESIAN_POINT('',(-19.62284058689,8.394213007215,0.));
#13774 = VECTOR('',#13775,1.);
#13775 = DIRECTION('',(-0.707106781187,0.707106781187,0.));
#13776 = ORIENTED_EDGE('',*,*,#13777,.T.);
#13777 = EDGE_CURVE('',#13770,#13778,#13780,.T.);
#13778 = VERTEX_POINT('',#13779);
#13779 = CARTESIAN_POINT('',(-22.24737351997,11.198351421933,0.));
#13780 = CIRCLE('',#13781,0.75);
#13781 = AXIS2_PLACEMENT_3D('',#13782,#13783,#13784);
#13782 = CARTESIAN_POINT('',(-21.71704343408,10.668021336043,0.));
#13783 = DIRECTION('',(-0.,0.,-1.));
#13784 = DIRECTION('',(0.577158308372,-0.816632283882,-0.));
#13785 = ORIENTED_EDGE('',*,*,#13786,.T.);
#13786 = EDGE_CURVE('',#13778,#13787,#13789,.T.);
#13787 = VERTEX_POINT('',#13788);
#13788 = CARTESIAN_POINT('',(-21.10456922117,10.235152604764,0.));
#13789 = CIRCLE('',#13790,0.75);
#13790 = AXIS2_PLACEMENT_3D('',#13791,#13792,#13793);
#13791 = CARTESIAN_POINT('',(-21.71704343408,10.668021336043,0.));
#13792 = DIRECTION('',(0.,0.,-1.));
#13793 = DIRECTION('',(-0.707106781187,0.707106781187,0.));
#13794 = ORIENTED_EDGE('',*,*,#13795,.T.);
#13795 = EDGE_CURVE('',#13787,#13796,#13798,.T.);
#13796 = VERTEX_POINT('',#13797);
#13797 = CARTESIAN_POINT('',(-19.48043261844,8.611016002032,0.));
#13798 = LINE('',#13799,#13800);
#13799 = CARTESIAN_POINT('',(-21.10456922117,10.235152604764,0.));
#13800 = VECTOR('',#13801,1.);
#13801 = DIRECTION('',(0.707106781187,-0.707106781187,0.));
#13802 = ORIENTED_EDGE('',*,*,#13803,.T.);
#13803 = EDGE_CURVE('',#13796,#13804,#13806,.T.);
#13804 = VERTEX_POINT('',#13805);
#13805 = CARTESIAN_POINT('',(-15.40479552959,8.611016002032,0.));
#13806 = LINE('',#13807,#13808);
#13807 = CARTESIAN_POINT('',(-19.48043261844,8.611016002032,0.));
#13808 = VECTOR('',#13809,1.);
#13809 = DIRECTION('',(1.,0.,0.));
#13810 = ORIENTED_EDGE('',*,*,#13811,.T.);
#13811 = EDGE_CURVE('',#13804,#13812,#13814,.T.);
#13812 = VERTEX_POINT('',#13813);
#13813 = CARTESIAN_POINT('',(-15.31499278877,8.573818488848,0.));
#13814 = CIRCLE('',#13815,0.127000254001);
#13815 = AXIS2_PLACEMENT_3D('',#13816,#13817,#13818);
#13816 = CARTESIAN_POINT('',(-15.40479552959,8.484015748031,0.));
#13817 = DIRECTION('',(0.,0.,-1.));
#13818 = DIRECTION('',(-7.138648551061E-17,1.,0.));
#13819 = ORIENTED_EDGE('',*,*,#13820,.T.);
#13820 = EDGE_CURVE('',#13812,#13821,#13823,.T.);
#13821 = VERTEX_POINT('',#13822);
#13822 = CARTESIAN_POINT('',(-14.99619080996,8.255016510033,0.));
#13823 = LINE('',#13824,#13825);
#13824 = CARTESIAN_POINT('',(-15.31499278877,8.573818488848,0.));
#13825 = VECTOR('',#13826,1.);
#13826 = DIRECTION('',(0.707106781187,-0.707106781187,0.));
#13827 = ORIENTED_EDGE('',*,*,#13828,.T.);
#13828 = EDGE_CURVE('',#13821,#13829,#13831,.T.);
#13829 = VERTEX_POINT('',#13830);
#13830 = CARTESIAN_POINT('',(-14.83619727855,8.255016510033,0.));
#13831 = LINE('',#13832,#13833);
#13832 = CARTESIAN_POINT('',(-14.99619080996,8.255016510033,0.));
#13833 = VECTOR('',#13834,1.);
#13834 = DIRECTION('',(1.,0.,0.));
#13835 = ORIENTED_EDGE('',*,*,#13836,.T.);
#13836 = EDGE_CURVE('',#13829,#13837,#13839,.T.);
#13837 = VERTEX_POINT('',#13838);
#13838 = CARTESIAN_POINT('',(-13.34702819405,8.128016256033,0.));
#13839 = CIRCLE('',#13840,0.75);
#13840 = AXIS2_PLACEMENT_3D('',#13841,#13842,#13843);
#13841 = CARTESIAN_POINT('',(-14.09702819405,8.128016256033,0.));
#13842 = DIRECTION('',(0.,0.,-1.));
#13843 = DIRECTION('',(-0.985558779336,0.169333672001,0.));
#13844 = ORIENTED_EDGE('',*,*,#13845,.T.);
#13845 = EDGE_CURVE('',#13837,#13846,#13848,.T.);
#13846 = VERTEX_POINT('',#13847);
#13847 = CARTESIAN_POINT('',(-14.83619727855,8.001016002032,0.));
#13848 = CIRCLE('',#13849,0.75);
#13849 = AXIS2_PLACEMENT_3D('',#13850,#13851,#13852);
#13850 = CARTESIAN_POINT('',(-14.09702819405,8.128016256033,0.));
#13851 = DIRECTION('',(0.,0.,-1.));
#13852 = DIRECTION('',(1.,-2.321360638467E-15,0.));
#13853 = ORIENTED_EDGE('',*,*,#13854,.T.);
#13854 = EDGE_CURVE('',#13846,#13855,#13857,.T.);
#13855 = VERTEX_POINT('',#13856);
#13856 = CARTESIAN_POINT('',(-15.04879603759,8.001016002032,0.));
#13857 = LINE('',#13858,#13859);
#13858 = CARTESIAN_POINT('',(-14.83619727855,8.001016002032,0.));
#13859 = VECTOR('',#13860,1.);
#13860 = DIRECTION('',(-1.,0.,0.));
#13861 = ORIENTED_EDGE('',*,*,#13862,.T.);
#13862 = EDGE_CURVE('',#13855,#13863,#13865,.T.);
#13863 = VERTEX_POINT('',#13864);
#13864 = CARTESIAN_POINT('',(-15.1385987784,8.038213515216,0.));
#13865 = CIRCLE('',#13866,0.127000254001);
#13866 = AXIS2_PLACEMENT_3D('',#13867,#13868,#13869);
#13867 = CARTESIAN_POINT('',(-15.04879603759,8.128016256033,0.));
#13868 = DIRECTION('',(0.,0.,-1.));
#13869 = DIRECTION('',(-1.299234036293E-14,-1.,-0.));
#13870 = ORIENTED_EDGE('',*,*,#13871,.T.);
#13871 = EDGE_CURVE('',#13863,#13872,#13874,.T.);
#13872 = VERTEX_POINT('',#13873);
#13873 = CARTESIAN_POINT('',(-15.45740075722,8.357015494031,0.));
#13874 = LINE('',#13875,#13876);
#13875 = CARTESIAN_POINT('',(-15.1385987784,8.038213515216,0.));
#13876 = VECTOR('',#13877,1.);
#13877 = DIRECTION('',(-0.707106781187,0.707106781187,0.));
#13878 = ORIENTED_EDGE('',*,*,#13879,.T.);
#13879 = EDGE_CURVE('',#13872,#13880,#13882,.T.);
#13880 = VERTEX_POINT('',#13881);
#13881 = CARTESIAN_POINT('',(-19.53303784607,8.357015494031,0.));
#13882 = LINE('',#13883,#13884);
#13883 = CARTESIAN_POINT('',(-15.45740075722,8.357015494031,0.));
#13884 = VECTOR('',#13885,1.);
#13885 = DIRECTION('',(-1.,0.,0.));
#13886 = ORIENTED_EDGE('',*,*,#13887,.T.);
#13887 = EDGE_CURVE('',#13880,#13768,#13888,.T.);
#13888 = CIRCLE('',#13889,0.127000254001);
#13889 = AXIS2_PLACEMENT_3D('',#13890,#13891,#13892);
#13890 = CARTESIAN_POINT('',(-19.53303784607,8.484015748031,0.));
#13891 = DIRECTION('',(-0.,0.,-1.));
#13892 = DIRECTION('',(7.067262065551E-15,-1.,-0.));
#13893 = FACE_BOUND('',#13894,.T.);
#13894 = EDGE_LOOP('',(#13895,#13906));
#13895 = ORIENTED_EDGE('',*,*,#13896,.T.);
#13896 = EDGE_CURVE('',#13897,#13899,#13901,.T.);
#13897 = VERTEX_POINT('',#13898);
#13898 = CARTESIAN_POINT('',(-14.54704089408,8.128016256033,0.));
#13899 = VERTEX_POINT('',#13900);
#13900 = CARTESIAN_POINT('',(-13.64701549403,8.128016256033,0.));
#13901 = CIRCLE('',#13902,0.450012700025);
#13902 = AXIS2_PLACEMENT_3D('',#13903,#13904,#13905);
#13903 = CARTESIAN_POINT('',(-14.09702819405,8.128016256033,0.));
#13904 = DIRECTION('',(0.,0.,1.));
#13905 = DIRECTION('',(-1.,-1.110223024625E-16,0.));
#13906 = ORIENTED_EDGE('',*,*,#13907,.T.);
#13907 = EDGE_CURVE('',#13899,#13897,#13908,.T.);
#13908 = CIRCLE('',#13909,0.450012700025);
#13909 = AXIS2_PLACEMENT_3D('',#13910,#13911,#13912);
#13910 = CARTESIAN_POINT('',(-14.09702819405,8.128016256033,0.));
#13911 = DIRECTION('',(0.,0.,1.));
#13912 = DIRECTION('',(1.,1.110223024625E-16,-0.));
#13913 = FACE_BOUND('',#13914,.T.);
#13914 = EDGE_LOOP('',(#13915,#13926));
#13915 = ORIENTED_EDGE('',*,*,#13916,.T.);
#13916 = EDGE_CURVE('',#13917,#13919,#13921,.T.);
#13917 = VERTEX_POINT('',#13918);
#13918 = CARTESIAN_POINT('',(-22.16705613411,10.668021336043,0.));
#13919 = VERTEX_POINT('',#13920);
#13920 = CARTESIAN_POINT('',(-21.26703073406,10.668021336043,0.));
#13921 = CIRCLE('',#13922,0.450012700025);
#13922 = AXIS2_PLACEMENT_3D('',#13923,#13924,#13925);
#13923 = CARTESIAN_POINT('',(-21.71704343408,10.668021336043,0.));
#13924 = DIRECTION('',(0.,0.,1.));
#13925 = DIRECTION('',(-1.,-1.110223024625E-16,0.));
#13926 = ORIENTED_EDGE('',*,*,#13927,.T.);
#13927 = EDGE_CURVE('',#13919,#13917,#13928,.T.);
#13928 = CIRCLE('',#13929,0.450012700025);
#13929 = AXIS2_PLACEMENT_3D('',#13930,#13931,#13932);
#13930 = CARTESIAN_POINT('',(-21.71704343408,10.668021336043,0.));
#13931 = DIRECTION('',(0.,0.,1.));
#13932 = DIRECTION('',(1.,1.110223024625E-16,-0.));
#13933 = PLANE('',#13934);
#13934 = AXIS2_PLACEMENT_3D('',#13935,#13936,#13937);
#13935 = CARTESIAN_POINT('',(-18.07931146293,8.985146625707,0.));
#13936 = DIRECTION('',(-0.,-0.,-1.));
#13937 = DIRECTION('',(-1.,0.,0.));
#13938 = SHELL_BASED_SURFACE_MODEL('',(#13939));
#13939 = OPEN_SHELL('',(#13940));
#13940 = ADVANCED_FACE('',(#13941,#13961),#13981,.T.);
#13941 = FACE_BOUND('',#13942,.T.);
#13942 = EDGE_LOOP('',(#13943,#13954));
#13943 = ORIENTED_EDGE('',*,*,#13944,.T.);
#13944 = EDGE_CURVE('',#13945,#13947,#13949,.T.);
#13945 = VERTEX_POINT('',#13946);
#13946 = CARTESIAN_POINT('',(-20.96704343408,5.588011176022,0.));
#13947 = VERTEX_POINT('',#13948);
#13948 = CARTESIAN_POINT('',(-22.46704343408,5.588011176022,0.));
#13949 = CIRCLE('',#13950,0.75);
#13950 = AXIS2_PLACEMENT_3D('',#13951,#13952,#13953);
#13951 = CARTESIAN_POINT('',(-21.71704343408,5.588011176022,0.));
#13952 = DIRECTION('',(-0.,0.,-1.));
#13953 = DIRECTION('',(1.,-1.110223024625E-16,-0.));
#13954 = ORIENTED_EDGE('',*,*,#13955,.T.);
#13955 = EDGE_CURVE('',#13947,#13945,#13956,.T.);
#13956 = CIRCLE('',#13957,0.75);
#13957 = AXIS2_PLACEMENT_3D('',#13958,#13959,#13960);
#13958 = CARTESIAN_POINT('',(-21.71704343408,5.588011176022,0.));
#13959 = DIRECTION('',(0.,0.,-1.));
#13960 = DIRECTION('',(-1.,1.110223024625E-16,0.));
#13961 = FACE_BOUND('',#13962,.T.);
#13962 = EDGE_LOOP('',(#13963,#13974));
#13963 = ORIENTED_EDGE('',*,*,#13964,.T.);
#13964 = EDGE_CURVE('',#13965,#13967,#13969,.T.);
#13965 = VERTEX_POINT('',#13966);
#13966 = CARTESIAN_POINT('',(-22.16705613411,5.588011176022,0.));
#13967 = VERTEX_POINT('',#13968);
#13968 = CARTESIAN_POINT('',(-21.26703073406,5.588011176022,0.));
#13969 = CIRCLE('',#13970,0.450012700025);
#13970 = AXIS2_PLACEMENT_3D('',#13971,#13972,#13973);
#13971 = CARTESIAN_POINT('',(-21.71704343408,5.588011176022,0.));
#13972 = DIRECTION('',(0.,0.,1.));
#13973 = DIRECTION('',(-1.,-1.110223024625E-16,0.));
#13974 = ORIENTED_EDGE('',*,*,#13975,.T.);
#13975 = EDGE_CURVE('',#13967,#13965,#13976,.T.);
#13976 = CIRCLE('',#13977,0.450012700025);
#13977 = AXIS2_PLACEMENT_3D('',#13978,#13979,#13980);
#13978 = CARTESIAN_POINT('',(-21.71704343408,5.588011176022,0.));
#13979 = DIRECTION('',(0.,0.,1.));
#13980 = DIRECTION('',(1.,1.110223024625E-16,-0.));
#13981 = PLANE('',#13982);
#13982 = AXIS2_PLACEMENT_3D('',#13983,#13984,#13985);
#13983 = CARTESIAN_POINT('',(-21.71704343408,5.588011176022,0.));
#13984 = DIRECTION('',(-0.,-0.,-1.));
#13985 = DIRECTION('',(-1.,0.,0.));
#13986 = SHELL_BASED_SURFACE_MODEL('',(#13987));
#13987 = OPEN_SHELL('',(#13988));
#13988 = ADVANCED_FACE('',(#13989,#14283,#14303,#14323),#14343,.T.);
#13989 = FACE_BOUND('',#13990,.T.);
#13990 = EDGE_LOOP('',(#13991,#14001,#14010,#14018,#14026,#14034,#14042,
    #14050,#14058,#14066,#14074,#14083,#14091,#14100,#14108,#14117,
    #14125,#14133,#14141,#14150,#14158,#14167,#14175,#14183,#14192,
    #14201,#14209,#14218,#14226,#14234,#14242,#14251,#14259,#14268,
    #14276));
#13991 = ORIENTED_EDGE('',*,*,#13992,.T.);
#13992 = EDGE_CURVE('',#13993,#13995,#13997,.T.);
#13993 = VERTEX_POINT('',#13994);
#13994 = CARTESIAN_POINT('',(-2.789346787356,4.655602864964,0.));
#13995 = VERTEX_POINT('',#13996);
#13996 = CARTESIAN_POINT('',(-0.192180185571,7.25276946675,0.));
#13997 = LINE('',#13998,#13999);
#13998 = CARTESIAN_POINT('',(-2.789346787356,4.655602864964,0.));
#13999 = VECTOR('',#14000,1.);
#14000 = DIRECTION('',(0.707106781187,0.707106781187,0.));
#14001 = ORIENTED_EDGE('',*,*,#14002,.T.);
#14002 = EDGE_CURVE('',#13995,#14003,#14005,.T.);
#14003 = VERTEX_POINT('',#14004);
#14004 = CARTESIAN_POINT('',(-0.102377444755,7.289966979934,0.));
#14005 = CIRCLE('',#14006,0.127000254001);
#14006 = AXIS2_PLACEMENT_3D('',#14007,#14008,#14009);
#14007 = CARTESIAN_POINT('',(-0.102377444755,7.162966725933,0.));
#14008 = DIRECTION('',(0.,0.,-1.));
#14009 = DIRECTION('',(-0.707106781187,0.707106781187,0.));
#14010 = ORIENTED_EDGE('',*,*,#14011,.T.);
#14011 = EDGE_CURVE('',#14003,#14012,#14014,.T.);
#14012 = VERTEX_POINT('',#14013);
#14013 = CARTESIAN_POINT('',(19.546761493523,7.289966979934,0.));
#14014 = LINE('',#14015,#14016);
#14015 = CARTESIAN_POINT('',(-0.102377444755,7.289966979934,0.));
#14016 = VECTOR('',#14017,1.);
#14017 = DIRECTION('',(1.,0.,0.));
#14018 = ORIENTED_EDGE('',*,*,#14019,.T.);
#14019 = EDGE_CURVE('',#14012,#14020,#14022,.T.);
#14020 = VERTEX_POINT('',#14021);
#14021 = CARTESIAN_POINT('',(19.546761493523,8.012966725933,0.));
#14022 = LINE('',#14023,#14024);
#14023 = CARTESIAN_POINT('',(19.546761493523,7.289966979934,0.));
#14024 = VECTOR('',#14025,1.);
#14025 = DIRECTION('',(0.,1.,0.));
#14026 = ORIENTED_EDGE('',*,*,#14027,.T.);
#14027 = EDGE_CURVE('',#14020,#14028,#14030,.T.);
#14028 = VERTEX_POINT('',#14029);
#14029 = CARTESIAN_POINT('',(21.246761493523,8.012966725933,0.));
#14030 = LINE('',#14031,#14032);
#14031 = CARTESIAN_POINT('',(19.546761493523,8.012966725933,0.));
#14032 = VECTOR('',#14033,1.);
#14033 = DIRECTION('',(1.,0.,0.));
#14034 = ORIENTED_EDGE('',*,*,#14035,.T.);
#14035 = EDGE_CURVE('',#14028,#14036,#14038,.T.);
#14036 = VERTEX_POINT('',#14037);
#14037 = CARTESIAN_POINT('',(21.246761493523,6.312966725933,0.));
#14038 = LINE('',#14039,#14040);
#14039 = CARTESIAN_POINT('',(21.246761493523,8.012966725933,0.));
#14040 = VECTOR('',#14041,1.);
#14041 = DIRECTION('',(0.,-1.,0.));
#14042 = ORIENTED_EDGE('',*,*,#14043,.T.);
#14043 = EDGE_CURVE('',#14036,#14044,#14046,.T.);
#14044 = VERTEX_POINT('',#14045);
#14045 = CARTESIAN_POINT('',(19.546761493523,6.312966725933,0.));
#14046 = LINE('',#14047,#14048);
#14047 = CARTESIAN_POINT('',(21.246761493523,6.312966725933,0.));
#14048 = VECTOR('',#14049,1.);
#14049 = DIRECTION('',(-1.,0.,0.));
#14050 = ORIENTED_EDGE('',*,*,#14051,.T.);
#14051 = EDGE_CURVE('',#14044,#14052,#14054,.T.);
#14052 = VERTEX_POINT('',#14053);
#14053 = CARTESIAN_POINT('',(19.546761493523,7.035966471933,0.));
#14054 = LINE('',#14055,#14056);
#14055 = CARTESIAN_POINT('',(19.546761493523,6.312966725933,0.));
#14056 = VECTOR('',#14057,1.);
#14057 = DIRECTION('',(0.,1.,0.));
#14058 = ORIENTED_EDGE('',*,*,#14059,.T.);
#14059 = EDGE_CURVE('',#14052,#14060,#14062,.T.);
#14060 = VERTEX_POINT('',#14061);
#14061 = CARTESIAN_POINT('',(-4.977221712305E-02,7.035966471933,0.));
#14062 = LINE('',#14063,#14064);
#14063 = CARTESIAN_POINT('',(19.546761493523,7.035966471933,0.));
#14064 = VECTOR('',#14065,1.);
#14065 = DIRECTION('',(-1.,0.,0.));
#14066 = ORIENTED_EDGE('',*,*,#14067,.T.);
#14067 = EDGE_CURVE('',#14060,#14068,#14070,.T.);
#14068 = VERTEX_POINT('',#14069);
#14069 = CARTESIAN_POINT('',(-2.642547801062,4.443190887994,0.));
#14070 = LINE('',#14071,#14072);
#14071 = CARTESIAN_POINT('',(-4.977221712305E-02,7.035966471933,0.));
#14072 = VECTOR('',#14073,1.);
#14073 = DIRECTION('',(-0.707106781187,-0.707106781187,0.));
#14074 = ORIENTED_EDGE('',*,*,#14075,.T.);
#14075 = EDGE_CURVE('',#14068,#14076,#14078,.T.);
#14076 = VERTEX_POINT('',#14077);
#14077 = CARTESIAN_POINT('',(-2.578658877318,4.14668021336,0.));
#14078 = CIRCLE('',#14079,0.720002540005);
#14079 = AXIS2_PLACEMENT_3D('',#14080,#14081,#14082);
#14080 = CARTESIAN_POINT('',(-3.298661417323,4.14668021336,0.));
#14081 = DIRECTION('',(0.,0.,-1.));
#14082 = DIRECTION('',(0.911265696724,0.411818928626,0.));
#14083 = ORIENTED_EDGE('',*,*,#14084,.T.);
#14084 = EDGE_CURVE('',#14076,#14085,#14087,.T.);
#14085 = VERTEX_POINT('',#14086);
#14086 = CARTESIAN_POINT('',(-2.578658877318,3.786685293371,0.));
#14087 = LINE('',#14088,#14089);
#14088 = CARTESIAN_POINT('',(-2.578658877318,4.14668021336,0.));
#14089 = VECTOR('',#14090,1.);
#14090 = DIRECTION('',(0.,-1.,0.));
#14091 = ORIENTED_EDGE('',*,*,#14092,.T.);
#14092 = EDGE_CURVE('',#14085,#14093,#14095,.T.);
#14093 = VERTEX_POINT('',#14094);
#14094 = CARTESIAN_POINT('',(-4.018663957328,3.786685293371,0.));
#14095 = CIRCLE('',#14096,0.720002540005);
#14096 = AXIS2_PLACEMENT_3D('',#14097,#14098,#14099);
#14097 = CARTESIAN_POINT('',(-3.298661417323,3.786685293371,0.));
#14098 = DIRECTION('',(-0.,0.,-1.));
#14099 = DIRECTION('',(1.,-1.110223024625E-16,-0.));
#14100 = ORIENTED_EDGE('',*,*,#14101,.T.);
#14101 = EDGE_CURVE('',#14093,#14102,#14104,.T.);
#14102 = VERTEX_POINT('',#14103);
#14103 = CARTESIAN_POINT('',(-4.018663957328,4.14668021336,0.));
#14104 = LINE('',#14105,#14106);
#14105 = CARTESIAN_POINT('',(-4.018663957328,3.786685293371,0.));
#14106 = VECTOR('',#14107,1.);
#14107 = DIRECTION('',(0.,1.,0.));
#14108 = ORIENTED_EDGE('',*,*,#14109,.T.);
#14109 = EDGE_CURVE('',#14102,#14110,#14112,.T.);
#14110 = VERTEX_POINT('',#14111);
#14111 = CARTESIAN_POINT('',(-3.954775033583,4.443190887994,0.));
#14112 = CIRCLE('',#14113,0.720002540005);
#14113 = AXIS2_PLACEMENT_3D('',#14114,#14115,#14116);
#14114 = CARTESIAN_POINT('',(-3.298661417323,4.14668021336,0.));
#14115 = DIRECTION('',(0.,0.,-1.));
#14116 = DIRECTION('',(-1.,-1.006579602308E-15,-0.));
#14117 = ORIENTED_EDGE('',*,*,#14118,.T.);
#14118 = EDGE_CURVE('',#14110,#14119,#14121,.T.);
#14119 = VERTEX_POINT('',#14120);
#14120 = CARTESIAN_POINT('',(-7.512600147622,8.001016002032,0.));
#14121 = LINE('',#14122,#14123);
#14122 = CARTESIAN_POINT('',(-3.954775033583,4.443190887994,0.));
#14123 = VECTOR('',#14124,1.);
#14124 = DIRECTION('',(-0.707106781187,0.707106781187,0.));
#14125 = ORIENTED_EDGE('',*,*,#14126,.T.);
#14126 = EDGE_CURVE('',#14119,#14127,#14129,.T.);
#14127 = VERTEX_POINT('',#14128);
#14128 = CARTESIAN_POINT('',(-12.58919563597,8.001016002032,0.));
#14129 = LINE('',#14130,#14131);
#14130 = CARTESIAN_POINT('',(-7.512600147622,8.001016002032,0.));
#14131 = VECTOR('',#14132,1.);
#14132 = DIRECTION('',(-1.,0.,0.));
#14133 = ORIENTED_EDGE('',*,*,#14134,.T.);
#14134 = EDGE_CURVE('',#14127,#14135,#14137,.T.);
#14135 = VERTEX_POINT('',#14136);
#14136 = CARTESIAN_POINT('',(-13.58099990078,7.009211737213,0.));
#14137 = LINE('',#14138,#14139);
#14138 = CARTESIAN_POINT('',(-12.58919563597,8.001016002032,0.));
#14139 = VECTOR('',#14140,1.);
#14140 = DIRECTION('',(-0.707106781187,-0.707106781187,0.));
#14141 = ORIENTED_EDGE('',*,*,#14142,.T.);
#14142 = EDGE_CURVE('',#14135,#14143,#14145,.T.);
#14143 = VERTEX_POINT('',#14144);
#14144 = CARTESIAN_POINT('',(-13.6708026416,6.972014224028,0.));
#14145 = CIRCLE('',#14146,0.127000254001);
#14146 = AXIS2_PLACEMENT_3D('',#14147,#14148,#14149);
#14147 = CARTESIAN_POINT('',(-13.6708026416,7.099014478029,0.));
#14148 = DIRECTION('',(0.,0.,-1.));
#14149 = DIRECTION('',(0.707106781187,-0.707106781187,0.));
#14150 = ORIENTED_EDGE('',*,*,#14151,.T.);
#14151 = EDGE_CURVE('',#14143,#14152,#14154,.T.);
#14152 = VERTEX_POINT('',#14153);
#14153 = CARTESIAN_POINT('',(-14.5232537465,6.972014224028,0.));
#14154 = LINE('',#14155,#14156);
#14155 = CARTESIAN_POINT('',(-13.6708026416,6.972014224028,0.));
#14156 = VECTOR('',#14157,1.);
#14157 = DIRECTION('',(-1.,0.,0.));
#14158 = ORIENTED_EDGE('',*,*,#14159,.T.);
#14159 = EDGE_CURVE('',#14152,#14160,#14162,.T.);
#14160 = VERTEX_POINT('',#14161);
#14161 = CARTESIAN_POINT('',(-14.61305648732,7.009211737213,0.));
#14162 = CIRCLE('',#14163,0.127000254001);
#14163 = AXIS2_PLACEMENT_3D('',#14164,#14165,#14166);
#14164 = CARTESIAN_POINT('',(-14.5232537465,7.099014478029,0.));
#14165 = DIRECTION('',(0.,0.,-1.));
#14166 = DIRECTION('',(-4.568735072679E-15,-1.,-0.));
#14167 = ORIENTED_EDGE('',*,*,#14168,.T.);
#14168 = EDGE_CURVE('',#14160,#14169,#14171,.T.);
#14169 = VERTEX_POINT('',#14170);
#14170 = CARTESIAN_POINT('',(-15.60486075214,8.001016002032,0.));
#14171 = LINE('',#14172,#14173);
#14172 = CARTESIAN_POINT('',(-14.61305648732,7.009211737213,0.));
#14173 = VECTOR('',#14174,1.);
#14174 = DIRECTION('',(-0.707106781187,0.707106781187,0.));
#14175 = ORIENTED_EDGE('',*,*,#14176,.T.);
#14176 = EDGE_CURVE('',#14169,#14177,#14179,.T.);
#14177 = VERTEX_POINT('',#14178);
#14178 = CARTESIAN_POINT('',(-20.97787434958,8.001016002032,0.));
#14179 = LINE('',#14180,#14181);
#14180 = CARTESIAN_POINT('',(-15.60486075214,8.001016002032,0.));
#14181 = VECTOR('',#14182,1.);
#14182 = DIRECTION('',(-1.,0.,0.));
#14183 = ORIENTED_EDGE('',*,*,#14184,.T.);
#14184 = EDGE_CURVE('',#14177,#14185,#14187,.T.);
#14185 = VERTEX_POINT('',#14186);
#14186 = CARTESIAN_POINT('',(-22.46704343408,8.128016256033,0.));
#14187 = CIRCLE('',#14188,0.75);
#14188 = AXIS2_PLACEMENT_3D('',#14189,#14190,#14191);
#14189 = CARTESIAN_POINT('',(-21.71704343408,8.128016256033,0.));
#14190 = DIRECTION('',(-0.,0.,-1.));
#14191 = DIRECTION('',(0.985558779336,-0.169333672001,-0.));
#14192 = ORIENTED_EDGE('',*,*,#14193,.T.);
#14193 = EDGE_CURVE('',#14185,#14194,#14196,.T.);
#14194 = VERTEX_POINT('',#14195);
#14195 = CARTESIAN_POINT('',(-20.97787434958,8.255016510033,0.));
#14196 = CIRCLE('',#14197,0.75);
#14197 = AXIS2_PLACEMENT_3D('',#14198,#14199,#14200);
#14198 = CARTESIAN_POINT('',(-21.71704343408,8.128016256033,0.));
#14199 = DIRECTION('',(0.,0.,-1.));
#14200 = DIRECTION('',(-1.,-3.714177021547E-17,-0.));
#14201 = ORIENTED_EDGE('',*,*,#14202,.T.);
#14202 = EDGE_CURVE('',#14194,#14203,#14205,.T.);
#14203 = VERTEX_POINT('',#14204);
#14204 = CARTESIAN_POINT('',(-15.55225552451,8.255016510033,0.));
#14205 = LINE('',#14206,#14207);
#14206 = CARTESIAN_POINT('',(-20.97787434958,8.255016510033,0.));
#14207 = VECTOR('',#14208,1.);
#14208 = DIRECTION('',(1.,0.,0.));
#14209 = ORIENTED_EDGE('',*,*,#14210,.T.);
#14210 = EDGE_CURVE('',#14203,#14211,#14213,.T.);
#14211 = VERTEX_POINT('',#14212);
#14212 = CARTESIAN_POINT('',(-15.46245278369,8.217818996849,0.));
#14213 = CIRCLE('',#14214,0.127000254001);
#14214 = AXIS2_PLACEMENT_3D('',#14215,#14216,#14217);
#14215 = CARTESIAN_POINT('',(-15.55225552451,8.128016256033,0.));
#14216 = DIRECTION('',(0.,0.,-1.));
#14217 = DIRECTION('',(1.284956739191E-14,1.,0.));
#14218 = ORIENTED_EDGE('',*,*,#14219,.T.);
#14219 = EDGE_CURVE('',#14211,#14220,#14222,.T.);
#14220 = VERTEX_POINT('',#14221);
#14221 = CARTESIAN_POINT('',(-14.47064851887,7.226014732029,0.));
#14222 = LINE('',#14223,#14224);
#14223 = CARTESIAN_POINT('',(-15.46245278369,8.217818996849,0.));
#14224 = VECTOR('',#14225,1.);
#14225 = DIRECTION('',(0.707106781187,-0.707106781187,0.));
#14226 = ORIENTED_EDGE('',*,*,#14227,.T.);
#14227 = EDGE_CURVE('',#14220,#14228,#14230,.T.);
#14228 = VERTEX_POINT('',#14229);
#14229 = CARTESIAN_POINT('',(-13.72340786923,7.226014732029,0.));
#14230 = LINE('',#14231,#14232);
#14231 = CARTESIAN_POINT('',(-14.47064851887,7.226014732029,0.));
#14232 = VECTOR('',#14233,1.);
#14233 = DIRECTION('',(1.,0.,0.));
#14234 = ORIENTED_EDGE('',*,*,#14235,.T.);
#14235 = EDGE_CURVE('',#14228,#14236,#14238,.T.);
#14236 = VERTEX_POINT('',#14237);
#14237 = CARTESIAN_POINT('',(-12.73160360441,8.217818996849,0.));
#14238 = LINE('',#14239,#14240);
#14239 = CARTESIAN_POINT('',(-13.72340786923,7.226014732029,0.));
#14240 = VECTOR('',#14241,1.);
#14241 = DIRECTION('',(0.707106781187,0.707106781187,0.));
#14242 = ORIENTED_EDGE('',*,*,#14243,.T.);
#14243 = EDGE_CURVE('',#14236,#14244,#14246,.T.);
#14244 = VERTEX_POINT('',#14245);
#14245 = CARTESIAN_POINT('',(-12.6418008636,8.255016510033,0.));
#14246 = CIRCLE('',#14247,0.127000254001);
#14247 = AXIS2_PLACEMENT_3D('',#14248,#14249,#14250);
#14248 = CARTESIAN_POINT('',(-12.6418008636,8.128016256033,0.));
#14249 = DIRECTION('',(0.,0.,-1.));
#14250 = DIRECTION('',(-0.707106781187,0.707106781187,0.));
#14251 = ORIENTED_EDGE('',*,*,#14252,.T.);
#14252 = EDGE_CURVE('',#14244,#14253,#14255,.T.);
#14253 = VERTEX_POINT('',#14254);
#14254 = CARTESIAN_POINT('',(-7.45999491999,8.255016510033,0.));
#14255 = LINE('',#14256,#14257);
#14256 = CARTESIAN_POINT('',(-12.6418008636,8.255016510033,0.));
#14257 = VECTOR('',#14258,1.);
#14258 = DIRECTION('',(1.,0.,0.));
#14259 = ORIENTED_EDGE('',*,*,#14260,.T.);
#14260 = EDGE_CURVE('',#14253,#14261,#14263,.T.);
#14261 = VERTEX_POINT('',#14262);
#14262 = CARTESIAN_POINT('',(-7.370192179174,8.217818996849,0.));
#14263 = CIRCLE('',#14264,0.127000254001);
#14264 = AXIS2_PLACEMENT_3D('',#14265,#14266,#14267);
#14265 = CARTESIAN_POINT('',(-7.45999491999,8.128016256033,0.));
#14266 = DIRECTION('',(0.,0.,-1.));
#14267 = DIRECTION('',(2.205842402278E-14,1.,0.));
#14268 = ORIENTED_EDGE('',*,*,#14269,.T.);
#14269 = EDGE_CURVE('',#14261,#14270,#14272,.T.);
#14270 = VERTEX_POINT('',#14271);
#14271 = CARTESIAN_POINT('',(-3.807976047289,4.655602864964,0.));
#14272 = LINE('',#14273,#14274);
#14273 = CARTESIAN_POINT('',(-7.370192179174,8.217818996849,0.));
#14274 = VECTOR('',#14275,1.);
#14275 = DIRECTION('',(0.707106781187,-0.707106781187,0.));
#14276 = ORIENTED_EDGE('',*,*,#14277,.T.);
#14277 = EDGE_CURVE('',#14270,#13993,#14278,.T.);
#14278 = CIRCLE('',#14279,0.720002540005);
#14279 = AXIS2_PLACEMENT_3D('',#14280,#14281,#14282);
#14280 = CARTESIAN_POINT('',(-3.298661417323,4.14668021336,0.));
#14281 = DIRECTION('',(0.,0.,-1.));
#14282 = DIRECTION('',(-0.707378935029,0.706834522557,0.));
#14283 = FACE_BOUND('',#14284,.T.);
#14284 = EDGE_LOOP('',(#14285,#14296));
#14285 = ORIENTED_EDGE('',*,*,#14286,.T.);
#14286 = EDGE_CURVE('',#14287,#14289,#14291,.T.);
#14287 = VERTEX_POINT('',#14288);
#14288 = CARTESIAN_POINT('',(-3.698661417323,3.966657353315,0.));
#14289 = VERTEX_POINT('',#14290);
#14290 = CARTESIAN_POINT('',(-2.898661417323,3.966657353315,0.));
#14291 = CIRCLE('',#14292,0.4);
#14292 = AXIS2_PLACEMENT_3D('',#14293,#14294,#14295);
#14293 = CARTESIAN_POINT('',(-3.298661417323,3.966657353315,0.));
#14294 = DIRECTION('',(0.,0.,1.));
#14295 = DIRECTION('',(-1.,-1.110223024625E-16,0.));
#14296 = ORIENTED_EDGE('',*,*,#14297,.T.);
#14297 = EDGE_CURVE('',#14289,#14287,#14298,.T.);
#14298 = CIRCLE('',#14299,0.4);
#14299 = AXIS2_PLACEMENT_3D('',#14300,#14301,#14302);
#14300 = CARTESIAN_POINT('',(-3.298661417323,3.966657353315,0.));
#14301 = DIRECTION('',(0.,0.,1.));
#14302 = DIRECTION('',(1.,1.110223024625E-16,-0.));
#14303 = FACE_BOUND('',#14304,.T.);
#14304 = EDGE_LOOP('',(#14305,#14316));
#14305 = ORIENTED_EDGE('',*,*,#14306,.T.);
#14306 = EDGE_CURVE('',#14307,#14309,#14311,.T.);
#14307 = VERTEX_POINT('',#14308);
#14308 = CARTESIAN_POINT('',(19.846748793498,7.162966725933,0.));
#14309 = VERTEX_POINT('',#14310);
#14310 = CARTESIAN_POINT('',(20.946774193548,7.162966725933,0.));
#14311 = CIRCLE('',#14312,0.550012700025);
#14312 = AXIS2_PLACEMENT_3D('',#14313,#14314,#14315);
#14313 = CARTESIAN_POINT('',(20.396761493523,7.162966725933,0.));
#14314 = DIRECTION('',(0.,0.,1.));
#14315 = DIRECTION('',(-1.,-1.110223024625E-16,0.));
#14316 = ORIENTED_EDGE('',*,*,#14317,.T.);
#14317 = EDGE_CURVE('',#14309,#14307,#14318,.T.);
#14318 = CIRCLE('',#14319,0.550012700025);
#14319 = AXIS2_PLACEMENT_3D('',#14320,#14321,#14322);
#14320 = CARTESIAN_POINT('',(20.396761493523,7.162966725933,0.));
#14321 = DIRECTION('',(0.,0.,1.));
#14322 = DIRECTION('',(1.,1.110223024625E-16,-0.));
#14323 = FACE_BOUND('',#14324,.T.);
#14324 = EDGE_LOOP('',(#14325,#14336));
#14325 = ORIENTED_EDGE('',*,*,#14326,.T.);
#14326 = EDGE_CURVE('',#14327,#14329,#14331,.T.);
#14327 = VERTEX_POINT('',#14328);
#14328 = CARTESIAN_POINT('',(-22.16705613411,8.128016256033,0.));
#14329 = VERTEX_POINT('',#14330);
#14330 = CARTESIAN_POINT('',(-21.26703073406,8.128016256033,0.));
#14331 = CIRCLE('',#14332,0.450012700025);
#14332 = AXIS2_PLACEMENT_3D('',#14333,#14334,#14335);
#14333 = CARTESIAN_POINT('',(-21.71704343408,8.128016256033,0.));
#14334 = DIRECTION('',(0.,0.,1.));
#14335 = DIRECTION('',(-1.,-1.110223024625E-16,0.));
#14336 = ORIENTED_EDGE('',*,*,#14337,.T.);
#14337 = EDGE_CURVE('',#14329,#14327,#14338,.T.);
#14338 = CIRCLE('',#14339,0.450012700025);
#14339 = AXIS2_PLACEMENT_3D('',#14340,#14341,#14342);
#14340 = CARTESIAN_POINT('',(-21.71704343408,8.128016256033,0.));
#14341 = DIRECTION('',(0.,0.,1.));
#14342 = DIRECTION('',(1.,1.110223024625E-16,-0.));
#14343 = PLANE('',#14344);
#14344 = AXIS2_PLACEMENT_3D('',#14345,#14346,#14347);
#14345 = CARTESIAN_POINT('',(-0.677184348779,7.105769227993,0.));
#14346 = DIRECTION('',(-0.,-0.,-1.));
#14347 = DIRECTION('',(-1.,0.,0.));
#14348 = SHELL_BASED_SURFACE_MODEL('',(#14349));
#14349 = OPEN_SHELL('',(#14350));
#14350 = ADVANCED_FACE('',(#14351,#14502,#14522),#14542,.T.);
#14351 = FACE_BOUND('',#14352,.T.);
#14352 = EDGE_LOOP('',(#14353,#14363,#14372,#14380,#14389,#14397,#14406,
    #14414,#14423,#14432,#14440,#14448,#14456,#14464,#14472,#14480,
    #14488,#14496));
#14353 = ORIENTED_EDGE('',*,*,#14354,.T.);
#14354 = EDGE_CURVE('',#14355,#14357,#14359,.T.);
#14355 = VERTEX_POINT('',#14356);
#14356 = CARTESIAN_POINT('',(-21.84404368808,13.958026416053,0.));
#14357 = VERTEX_POINT('',#14358);
#14358 = CARTESIAN_POINT('',(-21.84404368808,16.383032766066,0.));
#14359 = LINE('',#14360,#14361);
#14360 = CARTESIAN_POINT('',(-21.84404368808,13.958026416053,0.));
#14361 = VECTOR('',#14362,1.);
#14362 = DIRECTION('',(0.,1.,0.));
#14363 = ORIENTED_EDGE('',*,*,#14364,.T.);
#14364 = EDGE_CURVE('',#14357,#14365,#14367,.T.);
#14365 = VERTEX_POINT('',#14366);
#14366 = CARTESIAN_POINT('',(-21.8068461749,16.472835506882,0.));
#14367 = CIRCLE('',#14368,0.127000254001);
#14368 = AXIS2_PLACEMENT_3D('',#14369,#14370,#14371);
#14369 = CARTESIAN_POINT('',(-21.71704343408,16.383032766066,0.));
#14370 = DIRECTION('',(0.,0.,-1.));
#14371 = DIRECTION('',(-1.,-4.083306971207E-14,-0.));
#14372 = ORIENTED_EDGE('',*,*,#14373,.T.);
#14373 = EDGE_CURVE('',#14365,#14374,#14376,.T.);
#14374 = VERTEX_POINT('',#14375);
#14375 = CARTESIAN_POINT('',(-19.64784185689,18.63183982489,0.));
#14376 = LINE('',#14377,#14378);
#14377 = CARTESIAN_POINT('',(-21.8068461749,16.472835506882,0.));
#14378 = VECTOR('',#14379,1.);
#14379 = DIRECTION('',(0.707106781187,0.707106781187,0.));
#14380 = ORIENTED_EDGE('',*,*,#14381,.T.);
#14381 = EDGE_CURVE('',#14374,#14382,#14384,.T.);
#14382 = VERTEX_POINT('',#14383);
#14383 = CARTESIAN_POINT('',(-19.55803911607,18.669037338075,0.));
#14384 = CIRCLE('',#14385,0.127000254001);
#14385 = AXIS2_PLACEMENT_3D('',#14386,#14387,#14388);
#14386 = CARTESIAN_POINT('',(-19.55803911607,18.542037084074,0.));
#14387 = DIRECTION('',(0.,0.,-1.));
#14388 = DIRECTION('',(-0.707106781187,0.707106781187,0.));
#14389 = ORIENTED_EDGE('',*,*,#14390,.T.);
#14390 = EDGE_CURVE('',#14382,#14391,#14393,.T.);
#14391 = VERTEX_POINT('',#14392);
#14392 = CARTESIAN_POINT('',(-14.60502921005,18.669037338075,0.));
#14393 = LINE('',#14394,#14395);
#14394 = CARTESIAN_POINT('',(-19.55803911607,18.669037338075,0.));
#14395 = VECTOR('',#14396,1.);
#14396 = DIRECTION('',(1.,-7.172837822276E-16,0.));
#14397 = ORIENTED_EDGE('',*,*,#14398,.T.);
#14398 = EDGE_CURVE('',#14391,#14399,#14401,.T.);
#14399 = VERTEX_POINT('',#14400);
#14400 = CARTESIAN_POINT('',(-14.51522646924,18.63183982489,0.));
#14401 = CIRCLE('',#14402,0.127000254001);
#14402 = AXIS2_PLACEMENT_3D('',#14403,#14404,#14405);
#14403 = CARTESIAN_POINT('',(-14.60502921005,18.542037084074,0.));
#14404 = DIRECTION('',(0.,0.,-1.));
#14405 = DIRECTION('',(-3.383719413203E-14,1.,0.));
#14406 = ORIENTED_EDGE('',*,*,#14407,.T.);
#14407 = EDGE_CURVE('',#14399,#14408,#14410,.T.);
#14408 = VERTEX_POINT('',#14409);
#14409 = CARTESIAN_POINT('',(-5.948291464339,10.064904819987,0.));
#14410 = LINE('',#14411,#14412);
#14411 = CARTESIAN_POINT('',(-14.51522646924,18.63183982489,0.));
#14412 = VECTOR('',#14413,1.);
#14413 = DIRECTION('',(0.707106781187,-0.707106781187,0.));
#14414 = ORIENTED_EDGE('',*,*,#14415,.T.);
#14415 = EDGE_CURVE('',#14408,#14416,#14418,.T.);
#14416 = VERTEX_POINT('',#14417);
#14417 = CARTESIAN_POINT('',(-5.626343217734,9.56335109175,0.));
#14418 = CIRCLE('',#14419,0.305001270003);
#14419 = AXIS2_PLACEMENT_3D('',#14420,#14421,#14422);
#14420 = CARTESIAN_POINT('',(-5.842011684023,9.779019558039,0.));
#14421 = DIRECTION('',(0.,0.,-1.));
#14422 = DIRECTION('',(-0.348456845163,0.937324824732,0.));
#14423 = ORIENTED_EDGE('',*,*,#14424,.T.);
#14424 = EDGE_CURVE('',#14416,#14425,#14427,.T.);
#14425 = VERTEX_POINT('',#14426);
#14426 = CARTESIAN_POINT('',(-6.127896945972,9.885299338355,0.));
#14427 = CIRCLE('',#14428,0.305001270003);
#14428 = AXIS2_PLACEMENT_3D('',#14429,#14430,#14431);
#14429 = CARTESIAN_POINT('',(-5.842011684023,9.779019558039,0.));
#14430 = DIRECTION('',(-0.,0.,-1.));
#14431 = DIRECTION('',(0.707106781187,-0.707106781187,-0.));
#14432 = ORIENTED_EDGE('',*,*,#14433,.T.);
#14433 = EDGE_CURVE('',#14425,#14434,#14436,.T.);
#14434 = VERTEX_POINT('',#14435);
#14435 = CARTESIAN_POINT('',(-14.65763443769,18.415036830074,0.));
#14436 = LINE('',#14437,#14438);
#14437 = CARTESIAN_POINT('',(-6.127896945972,9.885299338355,0.));
#14438 = VECTOR('',#14439,1.);
#14439 = DIRECTION('',(-0.707106781187,0.707106781187,0.));
#14440 = ORIENTED_EDGE('',*,*,#14441,.T.);
#14441 = EDGE_CURVE('',#14434,#14442,#14444,.T.);
#14442 = VERTEX_POINT('',#14443);
#14443 = CARTESIAN_POINT('',(-19.50543388844,18.415036830074,0.));
#14444 = LINE('',#14445,#14446);
#14445 = CARTESIAN_POINT('',(-14.65763443769,18.415036830074,0.));
#14446 = VECTOR('',#14447,1.);
#14447 = DIRECTION('',(-1.,0.,0.));
#14448 = ORIENTED_EDGE('',*,*,#14449,.T.);
#14449 = EDGE_CURVE('',#14442,#14450,#14452,.T.);
#14450 = VERTEX_POINT('',#14451);
#14451 = CARTESIAN_POINT('',(-21.59004318008,16.330427538434,0.));
#14452 = LINE('',#14453,#14454);
#14453 = CARTESIAN_POINT('',(-19.50543388844,18.415036830074,0.));
#14454 = VECTOR('',#14455,1.);
#14455 = DIRECTION('',(-0.707106781187,-0.707106781187,0.));
#14456 = ORIENTED_EDGE('',*,*,#14457,.T.);
#14457 = EDGE_CURVE('',#14450,#14458,#14460,.T.);
#14458 = VERTEX_POINT('',#14459);
#14459 = CARTESIAN_POINT('',(-21.59004318008,13.958026416053,0.));
#14460 = LINE('',#14461,#14462);
#14461 = CARTESIAN_POINT('',(-21.59004318008,16.330427538434,0.));
#14462 = VECTOR('',#14463,1.);
#14463 = DIRECTION('',(0.,-1.,0.));
#14464 = ORIENTED_EDGE('',*,*,#14465,.T.);
#14465 = EDGE_CURVE('',#14458,#14466,#14468,.T.);
#14466 = VERTEX_POINT('',#14467);
#14467 = CARTESIAN_POINT('',(-20.96704343408,13.958026416053,0.));
#14468 = LINE('',#14469,#14470);
#14469 = CARTESIAN_POINT('',(-21.59004318008,13.958026416053,0.));
#14470 = VECTOR('',#14471,1.);
#14471 = DIRECTION('',(1.,0.,0.));
#14472 = ORIENTED_EDGE('',*,*,#14473,.T.);
#14473 = EDGE_CURVE('',#14466,#14474,#14476,.T.);
#14474 = VERTEX_POINT('',#14475);
#14475 = CARTESIAN_POINT('',(-20.96704343408,12.458026416053,0.));
#14476 = LINE('',#14477,#14478);
#14477 = CARTESIAN_POINT('',(-20.96704343408,13.958026416053,0.));
#14478 = VECTOR('',#14479,1.);
#14479 = DIRECTION('',(0.,-1.,0.));
#14480 = ORIENTED_EDGE('',*,*,#14481,.T.);
#14481 = EDGE_CURVE('',#14474,#14482,#14484,.T.);
#14482 = VERTEX_POINT('',#14483);
#14483 = CARTESIAN_POINT('',(-22.46704343408,12.458026416053,0.));
#14484 = LINE('',#14485,#14486);
#14485 = CARTESIAN_POINT('',(-20.96704343408,12.458026416053,0.));
#14486 = VECTOR('',#14487,1.);
#14487 = DIRECTION('',(-1.,0.,0.));
#14488 = ORIENTED_EDGE('',*,*,#14489,.T.);
#14489 = EDGE_CURVE('',#14482,#14490,#14492,.T.);
#14490 = VERTEX_POINT('',#14491);
#14491 = CARTESIAN_POINT('',(-22.46704343408,13.958026416053,0.));
#14492 = LINE('',#14493,#14494);
#14493 = CARTESIAN_POINT('',(-22.46704343408,12.458026416053,0.));
#14494 = VECTOR('',#14495,1.);
#14495 = DIRECTION('',(0.,1.,0.));
#14496 = ORIENTED_EDGE('',*,*,#14497,.T.);
#14497 = EDGE_CURVE('',#14490,#14355,#14498,.T.);
#14498 = LINE('',#14499,#14500);
#14499 = CARTESIAN_POINT('',(-22.46704343408,13.958026416053,0.));
#14500 = VECTOR('',#14501,1.);
#14501 = DIRECTION('',(1.,0.,0.));
#14502 = FACE_BOUND('',#14503,.T.);
#14503 = EDGE_LOOP('',(#14504,#14515));
#14504 = ORIENTED_EDGE('',*,*,#14505,.T.);
#14505 = EDGE_CURVE('',#14506,#14508,#14510,.T.);
#14506 = VERTEX_POINT('',#14507);
#14507 = CARTESIAN_POINT('',(-5.994511049022,9.779019558039,0.));
#14508 = VERTEX_POINT('',#14509);
#14509 = CARTESIAN_POINT('',(-5.689512319025,9.779019558039,0.));
#14510 = CIRCLE('',#14511,0.152499364999);
#14511 = AXIS2_PLACEMENT_3D('',#14512,#14513,#14514);
#14512 = CARTESIAN_POINT('',(-5.842011684023,9.779019558039,0.));
#14513 = DIRECTION('',(0.,0.,1.));
#14514 = DIRECTION('',(-1.,-1.110223024625E-16,0.));
#14515 = ORIENTED_EDGE('',*,*,#14516,.T.);
#14516 = EDGE_CURVE('',#14508,#14506,#14517,.T.);
#14517 = CIRCLE('',#14518,0.152499364999);
#14518 = AXIS2_PLACEMENT_3D('',#14519,#14520,#14521);
#14519 = CARTESIAN_POINT('',(-5.842011684023,9.779019558039,0.));
#14520 = DIRECTION('',(0.,0.,1.));
#14521 = DIRECTION('',(1.,1.110223024625E-16,-0.));
#14522 = FACE_BOUND('',#14523,.T.);
#14523 = EDGE_LOOP('',(#14524,#14535));
#14524 = ORIENTED_EDGE('',*,*,#14525,.T.);
#14525 = EDGE_CURVE('',#14526,#14528,#14530,.T.);
#14526 = VERTEX_POINT('',#14527);
#14527 = CARTESIAN_POINT('',(-22.16705613411,13.208026416053,0.));
#14528 = VERTEX_POINT('',#14529);
#14529 = CARTESIAN_POINT('',(-21.26703073406,13.208026416053,0.));
#14530 = CIRCLE('',#14531,0.450012700025);
#14531 = AXIS2_PLACEMENT_3D('',#14532,#14533,#14534);
#14532 = CARTESIAN_POINT('',(-21.71704343408,13.208026416053,0.));
#14533 = DIRECTION('',(0.,0.,1.));
#14534 = DIRECTION('',(-1.,-1.110223024625E-16,0.));
#14535 = ORIENTED_EDGE('',*,*,#14536,.T.);
#14536 = EDGE_CURVE('',#14528,#14526,#14537,.T.);
#14537 = CIRCLE('',#14538,0.450012700025);
#14538 = AXIS2_PLACEMENT_3D('',#14539,#14540,#14541);
#14539 = CARTESIAN_POINT('',(-21.71704343408,13.208026416053,0.));
#14540 = DIRECTION('',(0.,0.,1.));
#14541 = DIRECTION('',(1.,1.110223024625E-16,-0.));
#14542 = PLANE('',#14543);
#14543 = AXIS2_PLACEMENT_3D('',#14544,#14545,#14546);
#14544 = CARTESIAN_POINT('',(-14.96429491258,15.26921102599,0.));
#14545 = DIRECTION('',(-0.,-0.,-1.));
#14546 = DIRECTION('',(-1.,0.,0.));
#14547 = SHELL_BASED_SURFACE_MODEL('',(#14548));
#14548 = OPEN_SHELL('',(#14549));
#14549 = ADVANCED_FACE('',(#14550,#14854,#14874),#14894,.T.);
#14550 = FACE_BOUND('',#14551,.T.);
#14551 = EDGE_LOOP('',(#14552,#14562,#14570,#14579,#14587,#14596,#14604,
    #14613,#14621,#14630,#14638,#14646,#14655,#14663,#14671,#14679,
    #14688,#14696,#14705,#14713,#14722,#14730,#14739,#14747,#14756,
    #14764,#14772,#14781,#14789,#14797,#14805,#14813,#14821,#14830,
    #14838,#14847));
#14552 = ORIENTED_EDGE('',*,*,#14553,.T.);
#14553 = EDGE_CURVE('',#14554,#14556,#14558,.T.);
#14554 = VERTEX_POINT('',#14555);
#14555 = CARTESIAN_POINT('',(-20.21376085976,-6.445128200079,0.));
#14556 = VERTEX_POINT('',#14557);
#14557 = CARTESIAN_POINT('',(-15.25303022606,-1.484397566374,0.));
#14558 = LINE('',#14559,#14560);
#14559 = CARTESIAN_POINT('',(-20.21376085976,-6.445128200079,0.));
#14560 = VECTOR('',#14561,1.);
#14561 = DIRECTION('',(0.707106781187,0.707106781187,0.));
#14562 = ORIENTED_EDGE('',*,*,#14563,.T.);
#14563 = EDGE_CURVE('',#14556,#14564,#14566,.T.);
#14564 = VERTEX_POINT('',#14565);
#14565 = CARTESIAN_POINT('',(-15.25303022606,6.014236728473,0.));
#14566 = LINE('',#14567,#14568);
#14567 = CARTESIAN_POINT('',(-15.25303022606,-1.484397566374,0.));
#14568 = VECTOR('',#14569,1.);
#14569 = DIRECTION('',(0.,1.,0.));
#14570 = ORIENTED_EDGE('',*,*,#14571,.T.);
#14571 = EDGE_CURVE('',#14564,#14572,#14574,.T.);
#14572 = VERTEX_POINT('',#14573);
#14573 = CARTESIAN_POINT('',(-15.21583271287,6.10403946929,0.));
#14574 = CIRCLE('',#14575,0.127000254001);
#14575 = AXIS2_PLACEMENT_3D('',#14576,#14577,#14578);
#14576 = CARTESIAN_POINT('',(-15.12602997206,6.014236728473,0.));
#14577 = DIRECTION('',(0.,0.,-1.));
#14578 = DIRECTION('',(-1.,7.495580978615E-15,0.));
#14579 = ORIENTED_EDGE('',*,*,#14580,.T.);
#14580 = EDGE_CURVE('',#14572,#14581,#14583,.T.);
#14581 = VERTEX_POINT('',#14582);
#14582 = CARTESIAN_POINT('',(-14.61305648732,6.706815694842,0.));
#14583 = LINE('',#14584,#14585);
#14584 = CARTESIAN_POINT('',(-15.21583271287,6.10403946929,0.));
#14585 = VECTOR('',#14586,1.);
#14586 = DIRECTION('',(0.707106781187,0.707106781187,0.));
#14587 = ORIENTED_EDGE('',*,*,#14588,.T.);
#14588 = EDGE_CURVE('',#14581,#14589,#14591,.T.);
#14589 = VERTEX_POINT('',#14590);
#14590 = CARTESIAN_POINT('',(-14.5232537465,6.744013208026,0.));
#14591 = CIRCLE('',#14592,0.127000254001);
#14592 = AXIS2_PLACEMENT_3D('',#14593,#14594,#14595);
#14593 = CARTESIAN_POINT('',(-14.5232537465,6.617012954026,0.));
#14594 = DIRECTION('',(0.,0.,-1.));
#14595 = DIRECTION('',(-0.707106781187,0.707106781187,0.));
#14596 = ORIENTED_EDGE('',*,*,#14597,.T.);
#14597 = EDGE_CURVE('',#14589,#14598,#14600,.T.);
#14598 = VERTEX_POINT('',#14599);
#14599 = CARTESIAN_POINT('',(-13.6708026416,6.744013208026,0.));
#14600 = LINE('',#14601,#14602);
#14601 = CARTESIAN_POINT('',(-14.5232537465,6.744013208026,0.));
#14602 = VECTOR('',#14603,1.);
#14603 = DIRECTION('',(1.,-1.041911277483E-15,0.));
#14604 = ORIENTED_EDGE('',*,*,#14605,.T.);
#14605 = EDGE_CURVE('',#14598,#14606,#14608,.T.);
#14606 = VERTEX_POINT('',#14607);
#14607 = CARTESIAN_POINT('',(-13.58099990078,6.706815694842,0.));
#14608 = CIRCLE('',#14609,0.127000254001);
#14609 = AXIS2_PLACEMENT_3D('',#14610,#14611,#14612);
#14610 = CARTESIAN_POINT('',(-13.6708026416,6.617012954026,0.));
#14611 = DIRECTION('',(0.,0.,-1.));
#14612 = DIRECTION('',(-4.069029674105E-15,1.,0.));
#14613 = ORIENTED_EDGE('',*,*,#14614,.T.);
#14614 = EDGE_CURVE('',#14606,#14615,#14617,.T.);
#14615 = VERTEX_POINT('',#14616);
#14616 = CARTESIAN_POINT('',(-12.97822367523,6.10403946929,0.));
#14617 = LINE('',#14618,#14619);
#14618 = CARTESIAN_POINT('',(-13.58099990078,6.706815694842,0.));
#14619 = VECTOR('',#14620,1.);
#14620 = DIRECTION('',(0.707106781187,-0.707106781187,0.));
#14621 = ORIENTED_EDGE('',*,*,#14622,.T.);
#14622 = EDGE_CURVE('',#14615,#14623,#14625,.T.);
#14623 = VERTEX_POINT('',#14624);
#14624 = CARTESIAN_POINT('',(-12.94102616205,6.014236728473,0.));
#14625 = CIRCLE('',#14626,0.127000254001);
#14626 = AXIS2_PLACEMENT_3D('',#14627,#14628,#14629);
#14627 = CARTESIAN_POINT('',(-13.06802641605,6.014236728473,0.));
#14628 = DIRECTION('',(0.,0.,-1.));
#14629 = DIRECTION('',(0.707106781187,0.707106781187,0.));
#14630 = ORIENTED_EDGE('',*,*,#14631,.T.);
#14631 = EDGE_CURVE('',#14623,#14632,#14634,.T.);
#14632 = VERTEX_POINT('',#14633);
#14633 = CARTESIAN_POINT('',(-12.94102616205,5.11507411257,0.));
#14634 = LINE('',#14635,#14636);
#14635 = CARTESIAN_POINT('',(-12.94102616205,6.014236728473,0.));
#14636 = VECTOR('',#14637,1.);
#14637 = DIRECTION('',(0.,-1.,0.));
#14638 = ORIENTED_EDGE('',*,*,#14639,.T.);
#14639 = EDGE_CURVE('',#14632,#14640,#14642,.T.);
#14640 = VERTEX_POINT('',#14641);
#14641 = CARTESIAN_POINT('',(-10.73022011923,2.904268069747,0.));
#14642 = LINE('',#14643,#14644);
#14643 = CARTESIAN_POINT('',(-12.94102616205,5.11507411257,0.));
#14644 = VECTOR('',#14645,1.);
#14645 = DIRECTION('',(0.707106781187,-0.707106781187,0.));
#14646 = ORIENTED_EDGE('',*,*,#14647,.T.);
#14647 = EDGE_CURVE('',#14640,#14648,#14650,.T.);
#14648 = VERTEX_POINT('',#14649);
#14649 = CARTESIAN_POINT('',(-10.69302260604,2.814465328931,0.));
#14650 = CIRCLE('',#14651,0.127000254001);
#14651 = AXIS2_PLACEMENT_3D('',#14652,#14653,#14654);
#14652 = CARTESIAN_POINT('',(-10.82002286004,2.814465328931,0.));
#14653 = DIRECTION('',(0.,0.,-1.));
#14654 = DIRECTION('',(0.707106781187,0.707106781187,0.));
#14655 = ORIENTED_EDGE('',*,*,#14656,.T.);
#14656 = EDGE_CURVE('',#14648,#14657,#14659,.T.);
#14657 = VERTEX_POINT('',#14658);
#14658 = CARTESIAN_POINT('',(-10.69302260604,-6.604013208026,0.));
#14659 = LINE('',#14660,#14661);
#14660 = CARTESIAN_POINT('',(-10.69302260604,2.814465328931,0.));
#14661 = VECTOR('',#14662,1.);
#14662 = DIRECTION('',(0.,-1.,0.));
#14663 = ORIENTED_EDGE('',*,*,#14664,.T.);
#14664 = EDGE_CURVE('',#14657,#14665,#14667,.T.);
#14665 = VERTEX_POINT('',#14666);
#14666 = CARTESIAN_POINT('',(-6.108906980235,-6.604013208026,0.));
#14667 = LINE('',#14668,#14669);
#14668 = CARTESIAN_POINT('',(-10.69302260604,-6.604013208026,0.));
#14669 = VECTOR('',#14670,1.);
#14670 = DIRECTION('',(1.,0.,0.));
#14671 = ORIENTED_EDGE('',*,*,#14672,.T.);
#14672 = EDGE_CURVE('',#14665,#14673,#14675,.T.);
#14673 = VERTEX_POINT('',#14674);
#14674 = CARTESIAN_POINT('',(-3.954775033583,-4.449881261374,0.));
#14675 = LINE('',#14676,#14677);
#14676 = CARTESIAN_POINT('',(-6.108906980235,-6.604013208026,0.));
#14677 = VECTOR('',#14678,1.);
#14678 = DIRECTION('',(0.707106781187,0.707106781187,0.));
#14679 = ORIENTED_EDGE('',*,*,#14680,.T.);
#14680 = EDGE_CURVE('',#14673,#14681,#14683,.T.);
#14681 = VERTEX_POINT('',#14682);
#14682 = CARTESIAN_POINT('',(-4.018663957328,-4.153370586741,0.));
#14683 = CIRCLE('',#14684,0.720002540005);
#14684 = AXIS2_PLACEMENT_3D('',#14685,#14686,#14687);
#14685 = CARTESIAN_POINT('',(-3.298661417323,-4.153370586741,0.));
#14686 = DIRECTION('',(0.,0.,-1.));
#14687 = DIRECTION('',(-0.911265696724,-0.411818928626,-0.));
#14688 = ORIENTED_EDGE('',*,*,#14689,.T.);
#14689 = EDGE_CURVE('',#14681,#14690,#14692,.T.);
#14690 = VERTEX_POINT('',#14691);
#14691 = CARTESIAN_POINT('',(-4.018663957328,-3.793375666751,0.));
#14692 = LINE('',#14693,#14694);
#14693 = CARTESIAN_POINT('',(-4.018663957328,-4.153370586741,0.));
#14694 = VECTOR('',#14695,1.);
#14695 = DIRECTION('',(0.,1.,0.));
#14696 = ORIENTED_EDGE('',*,*,#14697,.T.);
#14697 = EDGE_CURVE('',#14690,#14698,#14700,.T.);
#14698 = VERTEX_POINT('',#14699);
#14699 = CARTESIAN_POINT('',(-2.578658877318,-3.793375666751,0.));
#14700 = CIRCLE('',#14701,0.720002540005);
#14701 = AXIS2_PLACEMENT_3D('',#14702,#14703,#14704);
#14702 = CARTESIAN_POINT('',(-3.298661417323,-3.793375666751,0.));
#14703 = DIRECTION('',(0.,0.,-1.));
#14704 = DIRECTION('',(-1.,1.110223024625E-16,0.));
#14705 = ORIENTED_EDGE('',*,*,#14706,.T.);
#14706 = EDGE_CURVE('',#14698,#14707,#14709,.T.);
#14707 = VERTEX_POINT('',#14708);
#14708 = CARTESIAN_POINT('',(-2.578658877318,-4.153370586741,0.));
#14709 = LINE('',#14710,#14711);
#14710 = CARTESIAN_POINT('',(-2.578658877318,-3.793375666751,0.));
#14711 = VECTOR('',#14712,1.);
#14712 = DIRECTION('',(0.,-1.,0.));
#14713 = ORIENTED_EDGE('',*,*,#14714,.T.);
#14714 = EDGE_CURVE('',#14707,#14715,#14717,.T.);
#14715 = VERTEX_POINT('',#14716);
#14716 = CARTESIAN_POINT('',(-3.807976047289,-4.662293238345,0.));
#14717 = CIRCLE('',#14718,0.720002540005);
#14718 = AXIS2_PLACEMENT_3D('',#14719,#14720,#14721);
#14719 = CARTESIAN_POINT('',(-3.298661417323,-4.153370586741,0.));
#14720 = DIRECTION('',(0.,0.,-1.));
#14721 = DIRECTION('',(1.,2.503326510933E-16,0.));
#14722 = ORIENTED_EDGE('',*,*,#14723,.T.);
#14723 = EDGE_CURVE('',#14715,#14724,#14726,.T.);
#14724 = VERTEX_POINT('',#14725);
#14725 = CARTESIAN_POINT('',(-5.966499011787,-6.820816202843,0.));
#14726 = LINE('',#14727,#14728);
#14727 = CARTESIAN_POINT('',(-3.807976047289,-4.662293238345,0.));
#14728 = VECTOR('',#14729,1.);
#14729 = DIRECTION('',(-0.707106781187,-0.707106781187,0.));
#14730 = ORIENTED_EDGE('',*,*,#14731,.T.);
#14731 = EDGE_CURVE('',#14724,#14732,#14734,.T.);
#14732 = VERTEX_POINT('',#14733);
#14733 = CARTESIAN_POINT('',(-6.056301752604,-6.858013716027,0.));
#14734 = CIRCLE('',#14735,0.127000254001);
#14735 = AXIS2_PLACEMENT_3D('',#14736,#14737,#14738);
#14736 = CARTESIAN_POINT('',(-6.056301752604,-6.731013462027,0.));
#14737 = DIRECTION('',(0.,0.,-1.));
#14738 = DIRECTION('',(0.707106781187,-0.707106781187,0.));
#14739 = ORIENTED_EDGE('',*,*,#14740,.T.);
#14740 = EDGE_CURVE('',#14732,#14741,#14743,.T.);
#14741 = VERTEX_POINT('',#14742);
#14742 = CARTESIAN_POINT('',(-10.82002286004,-6.858013716027,0.));
#14743 = LINE('',#14744,#14745);
#14744 = CARTESIAN_POINT('',(-6.056301752604,-6.858013716027,0.));
#14745 = VECTOR('',#14746,1.);
#14746 = DIRECTION('',(-1.,1.864463514274E-16,0.));
#14747 = ORIENTED_EDGE('',*,*,#14748,.T.);
#14748 = EDGE_CURVE('',#14741,#14749,#14751,.T.);
#14749 = VERTEX_POINT('',#14750);
#14750 = CARTESIAN_POINT('',(-10.94702311404,-6.731013462027,0.));
#14751 = CIRCLE('',#14752,0.127000254001);
#14752 = AXIS2_PLACEMENT_3D('',#14753,#14754,#14755);
#14753 = CARTESIAN_POINT('',(-10.82002286004,-6.731013462027,0.));
#14754 = DIRECTION('',(-0.,0.,-1.));
#14755 = DIRECTION('',(3.399799705411E-15,-1.,-0.));
#14756 = ORIENTED_EDGE('',*,*,#14757,.T.);
#14757 = EDGE_CURVE('',#14749,#14758,#14760,.T.);
#14758 = VERTEX_POINT('',#14759);
#14759 = CARTESIAN_POINT('',(-10.94702311404,2.761860101299,0.));
#14760 = LINE('',#14761,#14762);
#14761 = CARTESIAN_POINT('',(-10.94702311404,-6.731013462027,0.));
#14762 = VECTOR('',#14763,1.);
#14763 = DIRECTION('',(0.,1.,0.));
#14764 = ORIENTED_EDGE('',*,*,#14765,.T.);
#14765 = EDGE_CURVE('',#14758,#14766,#14768,.T.);
#14766 = VERTEX_POINT('',#14767);
#14767 = CARTESIAN_POINT('',(-13.15782915686,4.972666144122,0.));
#14768 = LINE('',#14769,#14770);
#14769 = CARTESIAN_POINT('',(-10.94702311404,2.761860101299,0.));
#14770 = VECTOR('',#14771,1.);
#14771 = DIRECTION('',(-0.707106781187,0.707106781187,0.));
#14772 = ORIENTED_EDGE('',*,*,#14773,.T.);
#14773 = EDGE_CURVE('',#14766,#14774,#14776,.T.);
#14774 = VERTEX_POINT('',#14775);
#14775 = CARTESIAN_POINT('',(-13.19502667005,5.062468884938,0.));
#14776 = CIRCLE('',#14777,0.127000254001);
#14777 = AXIS2_PLACEMENT_3D('',#14778,#14779,#14780);
#14778 = CARTESIAN_POINT('',(-13.06802641605,5.062468884938,0.));
#14779 = DIRECTION('',(0.,0.,-1.));
#14780 = DIRECTION('',(-0.707106781187,-0.707106781187,-0.));
#14781 = ORIENTED_EDGE('',*,*,#14782,.T.);
#14782 = EDGE_CURVE('',#14774,#14783,#14785,.T.);
#14783 = VERTEX_POINT('',#14784);
#14784 = CARTESIAN_POINT('',(-13.19502667005,5.961631500842,0.));
#14785 = LINE('',#14786,#14787);
#14786 = CARTESIAN_POINT('',(-13.19502667005,5.062468884938,0.));
#14787 = VECTOR('',#14788,1.);
#14788 = DIRECTION('',(1.975567942863E-15,1.,0.));
#14789 = ORIENTED_EDGE('',*,*,#14790,.T.);
#14790 = EDGE_CURVE('',#14783,#14791,#14793,.T.);
#14791 = VERTEX_POINT('',#14792);
#14792 = CARTESIAN_POINT('',(-13.72340786923,6.490012700025,0.));
#14793 = LINE('',#14794,#14795);
#14794 = CARTESIAN_POINT('',(-13.19502667005,5.961631500842,0.));
#14795 = VECTOR('',#14796,1.);
#14796 = DIRECTION('',(-0.707106781187,0.707106781187,0.));
#14797 = ORIENTED_EDGE('',*,*,#14798,.T.);
#14798 = EDGE_CURVE('',#14791,#14799,#14801,.T.);
#14799 = VERTEX_POINT('',#14800);
#14800 = CARTESIAN_POINT('',(-14.47064851887,6.490012700025,0.));
#14801 = LINE('',#14802,#14803);
#14802 = CARTESIAN_POINT('',(-13.72340786923,6.490012700025,0.));
#14803 = VECTOR('',#14804,1.);
#14804 = DIRECTION('',(-1.,0.,0.));
#14805 = ORIENTED_EDGE('',*,*,#14806,.T.);
#14806 = EDGE_CURVE('',#14799,#14807,#14809,.T.);
#14807 = VERTEX_POINT('',#14808);
#14808 = CARTESIAN_POINT('',(-14.99902971805,5.961631500842,0.));
#14809 = LINE('',#14810,#14811);
#14810 = CARTESIAN_POINT('',(-14.47064851887,6.490012700025,0.));
#14811 = VECTOR('',#14812,1.);
#14812 = DIRECTION('',(-0.707106781187,-0.707106781187,0.));
#14813 = ORIENTED_EDGE('',*,*,#14814,.T.);
#14814 = EDGE_CURVE('',#14807,#14815,#14817,.T.);
#14815 = VERTEX_POINT('',#14816);
#14816 = CARTESIAN_POINT('',(-14.99902971805,-1.537002794006,0.));
#14817 = LINE('',#14818,#14819);
#14818 = CARTESIAN_POINT('',(-14.99902971805,5.961631500842,0.));
#14819 = VECTOR('',#14820,1.);
#14820 = DIRECTION('',(0.,-1.,0.));
#14821 = ORIENTED_EDGE('',*,*,#14822,.T.);
#14822 = EDGE_CURVE('',#14815,#14823,#14825,.T.);
#14823 = VERTEX_POINT('',#14824);
#14824 = CARTESIAN_POINT('',(-15.03622723124,-1.626805534822,0.));
#14825 = CIRCLE('',#14826,0.127000254001);
#14826 = AXIS2_PLACEMENT_3D('',#14827,#14828,#14829);
#14827 = CARTESIAN_POINT('',(-15.12602997206,-1.537002794006,0.));
#14828 = DIRECTION('',(0.,0.,-1.));
#14829 = DIRECTION('',(1.,-4.782894529211E-15,0.));
#14830 = ORIENTED_EDGE('',*,*,#14831,.T.);
#14831 = EDGE_CURVE('',#14823,#14832,#14834,.T.);
#14832 = VERTEX_POINT('',#14833);
#14833 = CARTESIAN_POINT('',(-20.03415537813,-6.624733681711,0.));
#14834 = LINE('',#14835,#14836);
#14835 = CARTESIAN_POINT('',(-15.03622723124,-1.626805534822,0.));
#14836 = VECTOR('',#14837,1.);
#14837 = DIRECTION('',(-0.707106781187,-0.707106781187,0.));
#14838 = ORIENTED_EDGE('',*,*,#14839,.T.);
#14839 = EDGE_CURVE('',#14832,#14840,#14842,.T.);
#14840 = VERTEX_POINT('',#14841);
#14841 = CARTESIAN_POINT('',(-20.53570910637,-6.946681928316,0.));
#14842 = CIRCLE('',#14843,0.305001270003);
#14843 = AXIS2_PLACEMENT_3D('',#14844,#14845,#14846);
#14844 = CARTESIAN_POINT('',(-20.32004064008,-6.731013462027,0.));
#14845 = DIRECTION('',(0.,0.,-1.));
#14846 = DIRECTION('',(0.937324824732,0.348456845163,0.));
#14847 = ORIENTED_EDGE('',*,*,#14848,.T.);
#14848 = EDGE_CURVE('',#14840,#14554,#14849,.T.);
#14849 = CIRCLE('',#14850,0.305001270003);
#14850 = AXIS2_PLACEMENT_3D('',#14851,#14852,#14853);
#14851 = CARTESIAN_POINT('',(-20.32004064008,-6.731013462027,0.));
#14852 = DIRECTION('',(0.,0.,-1.));
#14853 = DIRECTION('',(-0.707106781187,-0.707106781187,-0.));
#14854 = FACE_BOUND('',#14855,.T.);
#14855 = EDGE_LOOP('',(#14856,#14867));
#14856 = ORIENTED_EDGE('',*,*,#14857,.T.);
#14857 = EDGE_CURVE('',#14858,#14860,#14862,.T.);
#14858 = VERTEX_POINT('',#14859);
#14859 = CARTESIAN_POINT('',(-20.47254000508,-6.731013462027,0.));
#14860 = VERTEX_POINT('',#14861);
#14861 = CARTESIAN_POINT('',(-20.16754127508,-6.731013462027,0.));
#14862 = CIRCLE('',#14863,0.152499364999);
#14863 = AXIS2_PLACEMENT_3D('',#14864,#14865,#14866);
#14864 = CARTESIAN_POINT('',(-20.32004064008,-6.731013462027,0.));
#14865 = DIRECTION('',(0.,0.,1.));
#14866 = DIRECTION('',(-1.,-1.110223024625E-16,0.));
#14867 = ORIENTED_EDGE('',*,*,#14868,.T.);
#14868 = EDGE_CURVE('',#14860,#14858,#14869,.T.);
#14869 = CIRCLE('',#14870,0.152499364999);
#14870 = AXIS2_PLACEMENT_3D('',#14871,#14872,#14873);
#14871 = CARTESIAN_POINT('',(-20.32004064008,-6.731013462027,0.));
#14872 = DIRECTION('',(0.,0.,1.));
#14873 = DIRECTION('',(1.,1.110223024625E-16,-0.));
#14874 = FACE_BOUND('',#14875,.T.);
#14875 = EDGE_LOOP('',(#14876,#14887));
#14876 = ORIENTED_EDGE('',*,*,#14877,.T.);
#14877 = EDGE_CURVE('',#14878,#14880,#14882,.T.);
#14878 = VERTEX_POINT('',#14879);
#14879 = CARTESIAN_POINT('',(-3.698661417323,-3.973347726695,0.));
#14880 = VERTEX_POINT('',#14881);
#14881 = CARTESIAN_POINT('',(-2.898661417323,-3.973347726695,0.));
#14882 = CIRCLE('',#14883,0.4);
#14883 = AXIS2_PLACEMENT_3D('',#14884,#14885,#14886);
#14884 = CARTESIAN_POINT('',(-3.298661417323,-3.973347726695,0.));
#14885 = DIRECTION('',(0.,0.,1.));
#14886 = DIRECTION('',(-1.,-1.110223024625E-16,0.));
#14887 = ORIENTED_EDGE('',*,*,#14888,.T.);
#14888 = EDGE_CURVE('',#14880,#14878,#14889,.T.);
#14889 = CIRCLE('',#14890,0.4);
#14890 = AXIS2_PLACEMENT_3D('',#14891,#14892,#14893);
#14891 = CARTESIAN_POINT('',(-3.298661417323,-3.973347726695,0.));
#14892 = DIRECTION('',(0.,0.,1.));
#14893 = DIRECTION('',(1.,1.110223024625E-16,-0.));
#14894 = PLANE('',#14895);
#14895 = AXIS2_PLACEMENT_3D('',#14896,#14897,#14898);
#14896 = CARTESIAN_POINT('',(-12.12638548349,-1.442948427816,0.));
#14897 = DIRECTION('',(-0.,-0.,-1.));
#14898 = DIRECTION('',(-1.,0.,0.));
#14899 = SHELL_BASED_SURFACE_MODEL('',(#14900));
#14900 = OPEN_SHELL('',(#14901));
#14901 = ADVANCED_FACE('',(#14902,#14981,#15001),#15021,.T.);
#14902 = FACE_BOUND('',#14903,.T.);
#14903 = EDGE_LOOP('',(#14904,#14915,#14923,#14931,#14940,#14949,#14957,
    #14966,#14974));
#14904 = ORIENTED_EDGE('',*,*,#14905,.T.);
#14905 = EDGE_CURVE('',#14906,#14908,#14910,.T.);
#14906 = VERTEX_POINT('',#14907);
#14907 = CARTESIAN_POINT('',(-10.70635337775,-11.26469056433,0.));
#14908 = VERTEX_POINT('',#14909);
#14909 = CARTESIAN_POINT('',(-11.20790710599,-10.94274231772,0.));
#14910 = CIRCLE('',#14911,0.305001270003);
#14911 = AXIS2_PLACEMENT_3D('',#14912,#14913,#14914);
#14912 = CARTESIAN_POINT('',(-10.92202184404,-11.04902209804,0.));
#14913 = DIRECTION('',(-0.,0.,-1.));
#14914 = DIRECTION('',(0.707106781187,-0.707106781187,-0.));
#14915 = ORIENTED_EDGE('',*,*,#14916,.T.);
#14916 = EDGE_CURVE('',#14908,#14917,#14919,.T.);
#14917 = VERTEX_POINT('',#14918);
#14918 = CARTESIAN_POINT('',(-15.80063672369,-6.350012700025,0.));
#14919 = LINE('',#14920,#14921);
#14920 = CARTESIAN_POINT('',(-11.20790710599,-10.94274231772,0.));
#14921 = VECTOR('',#14922,1.);
#14922 = DIRECTION('',(-0.707106781187,0.707106781187,0.));
#14923 = ORIENTED_EDGE('',*,*,#14924,.T.);
#14924 = EDGE_CURVE('',#14917,#14925,#14927,.T.);
#14925 = VERTEX_POINT('',#14926);
#14926 = CARTESIAN_POINT('',(-18.01073401534,-6.350012700025,0.));
#14927 = LINE('',#14928,#14929);
#14928 = CARTESIAN_POINT('',(-15.80063672369,-6.350012700025,0.));
#14929 = VECTOR('',#14930,1.);
#14930 = DIRECTION('',(-1.,0.,0.));
#14931 = ORIENTED_EDGE('',*,*,#14932,.T.);
#14932 = EDGE_CURVE('',#14925,#14933,#14935,.T.);
#14933 = VERTEX_POINT('',#14934);
#14934 = CARTESIAN_POINT('',(-18.59303784607,-6.223012446025,0.));
#14935 = CIRCLE('',#14936,0.305001270003);
#14936 = AXIS2_PLACEMENT_3D('',#14937,#14938,#14939);
#14937 = CARTESIAN_POINT('',(-18.28803657607,-6.223012446025,0.));
#14938 = DIRECTION('',(-0.,0.,-1.));
#14939 = DIRECTION('',(0.909184937908,-0.416392541577,-0.));
#14940 = ORIENTED_EDGE('',*,*,#14941,.T.);
#14941 = EDGE_CURVE('',#14933,#14942,#14944,.T.);
#14942 = VERTEX_POINT('',#14943);
#14943 = CARTESIAN_POINT('',(-18.01073401534,-6.096012192024,0.));
#14944 = CIRCLE('',#14945,0.305001270003);
#14945 = AXIS2_PLACEMENT_3D('',#14946,#14947,#14948);
#14946 = CARTESIAN_POINT('',(-18.28803657607,-6.223012446025,0.));
#14947 = DIRECTION('',(0.,0.,-1.));
#14948 = DIRECTION('',(-1.,1.303970074188E-15,0.));
#14949 = ORIENTED_EDGE('',*,*,#14950,.T.);
#14950 = EDGE_CURVE('',#14942,#14951,#14953,.T.);
#14951 = VERTEX_POINT('',#14952);
#14952 = CARTESIAN_POINT('',(-15.74803149606,-6.096012192024,0.));
#14953 = LINE('',#14954,#14955);
#14954 = CARTESIAN_POINT('',(-18.01073401534,-6.096012192024,0.));
#14955 = VECTOR('',#14956,1.);
#14956 = DIRECTION('',(1.,-3.925299115247E-16,0.));
#14957 = ORIENTED_EDGE('',*,*,#14958,.T.);
#14958 = EDGE_CURVE('',#14951,#14959,#14961,.T.);
#14959 = VERTEX_POINT('',#14960);
#14960 = CARTESIAN_POINT('',(-15.65822875524,-6.133209705209,0.));
#14961 = CIRCLE('',#14962,0.127000254001);
#14962 = AXIS2_PLACEMENT_3D('',#14963,#14964,#14965);
#14963 = CARTESIAN_POINT('',(-15.74803149606,-6.223012446025,0.));
#14964 = DIRECTION('',(0.,0.,-1.));
#14965 = DIRECTION('',(-1.998821594297E-15,1.,0.));
#14966 = ORIENTED_EDGE('',*,*,#14967,.T.);
#14967 = EDGE_CURVE('',#14959,#14968,#14970,.T.);
#14968 = VERTEX_POINT('',#14969);
#14969 = CARTESIAN_POINT('',(-11.02830162436,-10.76313683609,0.));
#14970 = LINE('',#14971,#14972);
#14971 = CARTESIAN_POINT('',(-15.65822875524,-6.133209705209,0.));
#14972 = VECTOR('',#14973,1.);
#14973 = DIRECTION('',(0.707106781187,-0.707106781187,0.));
#14974 = ORIENTED_EDGE('',*,*,#14975,.T.);
#14975 = EDGE_CURVE('',#14968,#14906,#14976,.T.);
#14976 = CIRCLE('',#14977,0.305001270003);
#14977 = AXIS2_PLACEMENT_3D('',#14978,#14979,#14980);
#14978 = CARTESIAN_POINT('',(-10.92202184404,-11.04902209804,0.));
#14979 = DIRECTION('',(0.,0.,-1.));
#14980 = DIRECTION('',(-0.348456845163,0.937324824732,0.));
#14981 = FACE_BOUND('',#14982,.T.);
#14982 = EDGE_LOOP('',(#14983,#14994));
#14983 = ORIENTED_EDGE('',*,*,#14984,.T.);
#14984 = EDGE_CURVE('',#14985,#14987,#14989,.T.);
#14985 = VERTEX_POINT('',#14986);
#14986 = CARTESIAN_POINT('',(-11.07452120904,-11.04902209804,0.));
#14987 = VERTEX_POINT('',#14988);
#14988 = CARTESIAN_POINT('',(-10.76952247904,-11.04902209804,0.));
#14989 = CIRCLE('',#14990,0.152499364999);
#14990 = AXIS2_PLACEMENT_3D('',#14991,#14992,#14993);
#14991 = CARTESIAN_POINT('',(-10.92202184404,-11.04902209804,0.));
#14992 = DIRECTION('',(0.,0.,1.));
#14993 = DIRECTION('',(-1.,-1.110223024625E-16,0.));
#14994 = ORIENTED_EDGE('',*,*,#14995,.T.);
#14995 = EDGE_CURVE('',#14987,#14985,#14996,.T.);
#14996 = CIRCLE('',#14997,0.152499364999);
#14997 = AXIS2_PLACEMENT_3D('',#14998,#14999,#15000);
#14998 = CARTESIAN_POINT('',(-10.92202184404,-11.04902209804,0.));
#14999 = DIRECTION('',(0.,0.,1.));
#15000 = DIRECTION('',(1.,1.110223024625E-16,-0.));
#15001 = FACE_BOUND('',#15002,.T.);
#15002 = EDGE_LOOP('',(#15003,#15014));
#15003 = ORIENTED_EDGE('',*,*,#15004,.T.);
#15004 = EDGE_CURVE('',#15005,#15007,#15009,.T.);
#15005 = VERTEX_POINT('',#15006);
#15006 = CARTESIAN_POINT('',(-18.44053594107,-6.223012446025,0.));
#15007 = VERTEX_POINT('',#15008);
#15008 = CARTESIAN_POINT('',(-18.13553721107,-6.223012446025,0.));
#15009 = CIRCLE('',#15010,0.152499364999);
#15010 = AXIS2_PLACEMENT_3D('',#15011,#15012,#15013);
#15011 = CARTESIAN_POINT('',(-18.28803657607,-6.223012446025,0.));
#15012 = DIRECTION('',(0.,0.,1.));
#15013 = DIRECTION('',(-1.,-1.110223024625E-16,0.));
#15014 = ORIENTED_EDGE('',*,*,#15015,.T.);
#15015 = EDGE_CURVE('',#15007,#15005,#15016,.T.);
#15016 = CIRCLE('',#15017,0.152499364999);
#15017 = AXIS2_PLACEMENT_3D('',#15018,#15019,#15020);
#15018 = CARTESIAN_POINT('',(-18.28803657607,-6.223012446025,0.));
#15019 = DIRECTION('',(0.,0.,1.));
#15020 = DIRECTION('',(1.,1.110223024625E-16,-0.));
#15021 = PLANE('',#15022);
#15022 = AXIS2_PLACEMENT_3D('',#15023,#15024,#15025);
#15023 = CARTESIAN_POINT('',(-14.36234057991,-8.051543953554,0.));
#15024 = DIRECTION('',(-0.,-0.,-1.));
#15025 = DIRECTION('',(-1.,0.,0.));
#15026 = SHELL_BASED_SURFACE_MODEL('',(#15027));
#15027 = OPEN_SHELL('',(#15028));
#15028 = ADVANCED_FACE('',(#15029,#15049),#15069,.T.);
#15029 = FACE_BOUND('',#15030,.T.);
#15030 = EDGE_LOOP('',(#15031,#15042));
#15031 = ORIENTED_EDGE('',*,*,#15032,.T.);
#15032 = EDGE_CURVE('',#15033,#15035,#15037,.T.);
#15033 = VERTEX_POINT('',#15034);
#15034 = CARTESIAN_POINT('',(-16.37203454406,37.084074168148,0.));
#15035 = VERTEX_POINT('',#15036);
#15036 = CARTESIAN_POINT('',(-18.17203454406,37.084074168148,0.));
#15037 = CIRCLE('',#15038,0.9);
#15038 = AXIS2_PLACEMENT_3D('',#15039,#15040,#15041);
#15039 = CARTESIAN_POINT('',(-17.27203454406,37.084074168148,0.));
#15040 = DIRECTION('',(-0.,0.,-1.));
#15041 = DIRECTION('',(1.,-1.110223024625E-16,-0.));
#15042 = ORIENTED_EDGE('',*,*,#15043,.T.);
#15043 = EDGE_CURVE('',#15035,#15033,#15044,.T.);
#15044 = CIRCLE('',#15045,0.9);
#15045 = AXIS2_PLACEMENT_3D('',#15046,#15047,#15048);
#15046 = CARTESIAN_POINT('',(-17.27203454406,37.084074168148,0.));
#15047 = DIRECTION('',(0.,0.,-1.));
#15048 = DIRECTION('',(-1.,1.110223024625E-16,0.));
#15049 = FACE_BOUND('',#15050,.T.);
#15050 = EDGE_LOOP('',(#15051,#15062));
#15051 = ORIENTED_EDGE('',*,*,#15052,.T.);
#15052 = EDGE_CURVE('',#15053,#15055,#15057,.T.);
#15053 = VERTEX_POINT('',#15054);
#15054 = CARTESIAN_POINT('',(-17.77203454406,37.084074168148,0.));
#15055 = VERTEX_POINT('',#15056);
#15056 = CARTESIAN_POINT('',(-16.77203454406,37.084074168148,0.));
#15057 = CIRCLE('',#15058,0.5);
#15058 = AXIS2_PLACEMENT_3D('',#15059,#15060,#15061);
#15059 = CARTESIAN_POINT('',(-17.27203454406,37.084074168148,0.));
#15060 = DIRECTION('',(0.,0.,1.));
#15061 = DIRECTION('',(-1.,-1.110223024625E-16,0.));
#15062 = ORIENTED_EDGE('',*,*,#15063,.T.);
#15063 = EDGE_CURVE('',#15055,#15053,#15064,.T.);
#15064 = CIRCLE('',#15065,0.5);
#15065 = AXIS2_PLACEMENT_3D('',#15066,#15067,#15068);
#15066 = CARTESIAN_POINT('',(-17.27203454406,37.084074168148,0.));
#15067 = DIRECTION('',(0.,0.,1.));
#15068 = DIRECTION('',(1.,1.110223024625E-16,-0.));
#15069 = PLANE('',#15070);
#15070 = AXIS2_PLACEMENT_3D('',#15071,#15072,#15073);
#15071 = CARTESIAN_POINT('',(-17.27203454406,37.084074168148,0.));
#15072 = DIRECTION('',(-0.,-0.,-1.));
#15073 = DIRECTION('',(-1.,0.,0.));
#15074 = SHELL_BASED_SURFACE_MODEL('',(#15075));
#15075 = OPEN_SHELL('',(#15076));
#15076 = ADVANCED_FACE('',(#15077,#15097),#15117,.T.);
#15077 = FACE_BOUND('',#15078,.T.);
#15078 = EDGE_LOOP('',(#15079,#15090));
#15079 = ORIENTED_EDGE('',*,*,#15080,.T.);
#15080 = EDGE_CURVE('',#15081,#15083,#15085,.T.);
#15081 = VERTEX_POINT('',#15082);
#15082 = CARTESIAN_POINT('',(-16.47903225806,-12.31902463804,0.));
#15083 = VERTEX_POINT('',#15084);
#15084 = CARTESIAN_POINT('',(-17.77903225806,-12.31902463804,0.));
#15085 = CIRCLE('',#15086,0.65);
#15086 = AXIS2_PLACEMENT_3D('',#15087,#15088,#15089);
#15087 = CARTESIAN_POINT('',(-17.12903225806,-12.31902463804,0.));
#15088 = DIRECTION('',(-0.,0.,-1.));
#15089 = DIRECTION('',(1.,-1.110223024625E-16,-0.));
#15090 = ORIENTED_EDGE('',*,*,#15091,.T.);
#15091 = EDGE_CURVE('',#15083,#15081,#15092,.T.);
#15092 = CIRCLE('',#15093,0.65);
#15093 = AXIS2_PLACEMENT_3D('',#15094,#15095,#15096);
#15094 = CARTESIAN_POINT('',(-17.12903225806,-12.31902463804,0.));
#15095 = DIRECTION('',(0.,0.,-1.));
#15096 = DIRECTION('',(-1.,1.110223024625E-16,0.));
#15097 = FACE_BOUND('',#15098,.T.);
#15098 = EDGE_LOOP('',(#15099,#15110));
#15099 = ORIENTED_EDGE('',*,*,#15100,.T.);
#15100 = EDGE_CURVE('',#15101,#15103,#15105,.T.);
#15101 = VERTEX_POINT('',#15102);
#15102 = CARTESIAN_POINT('',(-17.52903225806,-12.31902463804,0.));
#15103 = VERTEX_POINT('',#15104);
#15104 = CARTESIAN_POINT('',(-16.72903225806,-12.31902463804,0.));
#15105 = CIRCLE('',#15106,0.4);
#15106 = AXIS2_PLACEMENT_3D('',#15107,#15108,#15109);
#15107 = CARTESIAN_POINT('',(-17.12903225806,-12.31902463804,0.));
#15108 = DIRECTION('',(0.,0.,1.));
#15109 = DIRECTION('',(-1.,-1.110223024625E-16,0.));
#15110 = ORIENTED_EDGE('',*,*,#15111,.T.);
#15111 = EDGE_CURVE('',#15103,#15101,#15112,.T.);
#15112 = CIRCLE('',#15113,0.4);
#15113 = AXIS2_PLACEMENT_3D('',#15114,#15115,#15116);
#15114 = CARTESIAN_POINT('',(-17.12903225806,-12.31902463804,0.));
#15115 = DIRECTION('',(0.,0.,1.));
#15116 = DIRECTION('',(1.,1.110223024625E-16,-0.));
#15117 = PLANE('',#15118);
#15118 = AXIS2_PLACEMENT_3D('',#15119,#15120,#15121);
#15119 = CARTESIAN_POINT('',(-17.12903225806,-12.31902463804,0.));
#15120 = DIRECTION('',(-0.,-0.,-1.));
#15121 = DIRECTION('',(-1.,0.,0.));
#15122 = SHELL_BASED_SURFACE_MODEL('',(#15123));
#15123 = OPEN_SHELL('',(#15124));
#15124 = ADVANCED_FACE('',(#15125,#15145),#15165,.T.);
#15125 = FACE_BOUND('',#15126,.T.);
#15126 = EDGE_LOOP('',(#15127,#15138));
#15127 = ORIENTED_EDGE('',*,*,#15128,.T.);
#15128 = EDGE_CURVE('',#15129,#15131,#15133,.T.);
#15129 = VERTEX_POINT('',#15130);
#15130 = CARTESIAN_POINT('',(-14.47903225806,-12.31902463804,0.));
#15131 = VERTEX_POINT('',#15132);
#15132 = CARTESIAN_POINT('',(-15.77903225806,-12.31902463804,0.));
#15133 = CIRCLE('',#15134,0.65);
#15134 = AXIS2_PLACEMENT_3D('',#15135,#15136,#15137);
#15135 = CARTESIAN_POINT('',(-15.12903225806,-12.31902463804,0.));
#15136 = DIRECTION('',(-0.,0.,-1.));
#15137 = DIRECTION('',(1.,-1.110223024625E-16,-0.));
#15138 = ORIENTED_EDGE('',*,*,#15139,.T.);
#15139 = EDGE_CURVE('',#15131,#15129,#15140,.T.);
#15140 = CIRCLE('',#15141,0.65);
#15141 = AXIS2_PLACEMENT_3D('',#15142,#15143,#15144);
#15142 = CARTESIAN_POINT('',(-15.12903225806,-12.31902463804,0.));
#15143 = DIRECTION('',(0.,0.,-1.));
#15144 = DIRECTION('',(-1.,1.110223024625E-16,0.));
#15145 = FACE_BOUND('',#15146,.T.);
#15146 = EDGE_LOOP('',(#15147,#15158));
#15147 = ORIENTED_EDGE('',*,*,#15148,.T.);
#15148 = EDGE_CURVE('',#15149,#15151,#15153,.T.);
#15149 = VERTEX_POINT('',#15150);
#15150 = CARTESIAN_POINT('',(-15.52903225806,-12.31902463804,0.));
#15151 = VERTEX_POINT('',#15152);
#15152 = CARTESIAN_POINT('',(-14.72903225806,-12.31902463804,0.));
#15153 = CIRCLE('',#15154,0.4);
#15154 = AXIS2_PLACEMENT_3D('',#15155,#15156,#15157);
#15155 = CARTESIAN_POINT('',(-15.12903225806,-12.31902463804,0.));
#15156 = DIRECTION('',(0.,0.,1.));
#15157 = DIRECTION('',(-1.,-1.110223024625E-16,0.));
#15158 = ORIENTED_EDGE('',*,*,#15159,.T.);
#15159 = EDGE_CURVE('',#15151,#15149,#15160,.T.);
#15160 = CIRCLE('',#15161,0.4);
#15161 = AXIS2_PLACEMENT_3D('',#15162,#15163,#15164);
#15162 = CARTESIAN_POINT('',(-15.12903225806,-12.31902463804,0.));
#15163 = DIRECTION('',(0.,0.,1.));
#15164 = DIRECTION('',(1.,1.110223024625E-16,-0.));
#15165 = PLANE('',#15166);
#15166 = AXIS2_PLACEMENT_3D('',#15167,#15168,#15169);
#15167 = CARTESIAN_POINT('',(-15.12903225806,-12.31902463804,0.));
#15168 = DIRECTION('',(-0.,-0.,-1.));
#15169 = DIRECTION('',(-1.,0.,0.));
#15170 = SHELL_BASED_SURFACE_MODEL('',(#15171));
#15171 = OPEN_SHELL('',(#15172));
#15172 = ADVANCED_FACE('',(#15173,#15302,#15322),#15342,.T.);
#15173 = FACE_BOUND('',#15174,.T.);
#15174 = EDGE_LOOP('',(#15175,#15185,#15193,#15202,#15211,#15219,#15228,
    #15236,#15244,#15252,#15261,#15270,#15278,#15287,#15295));
#15175 = ORIENTED_EDGE('',*,*,#15176,.T.);
#15176 = EDGE_CURVE('',#15177,#15179,#15181,.T.);
#15177 = VERTEX_POINT('',#15178);
#15178 = CARTESIAN_POINT('',(-11.30302260604,-9.779019558039,0.));
#15179 = VERTEX_POINT('',#15180);
#15180 = CARTESIAN_POINT('',(-11.30302260604,2.614400106379,0.));
#15181 = LINE('',#15182,#15183);
#15182 = CARTESIAN_POINT('',(-11.30302260604,-9.779019558039,0.));
#15183 = VECTOR('',#15184,1.);
#15184 = DIRECTION('',(-1.43330645415E-16,1.,0.));
#15185 = ORIENTED_EDGE('',*,*,#15186,.T.);
#15186 = EDGE_CURVE('',#15179,#15187,#15189,.T.);
#15187 = VERTEX_POINT('',#15188);
#15188 = CARTESIAN_POINT('',(-13.66415946277,4.975536963111,0.));
#15189 = LINE('',#15190,#15191);
#15190 = CARTESIAN_POINT('',(-11.30302260604,2.614400106379,0.));
#15191 = VECTOR('',#15192,1.);
#15192 = DIRECTION('',(-0.707106781187,0.707106781187,0.));
#15193 = ORIENTED_EDGE('',*,*,#15194,.T.);
#15194 = EDGE_CURVE('',#15187,#15195,#15197,.T.);
#15195 = VERTEX_POINT('',#15196);
#15196 = CARTESIAN_POINT('',(-14.62735827994,6.118341261912,0.));
#15197 = CIRCLE('',#15198,0.75);
#15198 = AXIS2_PLACEMENT_3D('',#15199,#15200,#15201);
#15199 = CARTESIAN_POINT('',(-14.09702819405,5.588011176022,0.));
#15200 = DIRECTION('',(-0.,0.,-1.));
#15201 = DIRECTION('',(0.577158308372,-0.816632283881,-0.));
#15202 = ORIENTED_EDGE('',*,*,#15203,.T.);
#15203 = EDGE_CURVE('',#15195,#15204,#15206,.T.);
#15204 = VERTEX_POINT('',#15205);
#15205 = CARTESIAN_POINT('',(-13.48455398114,5.155142444744,0.));
#15206 = CIRCLE('',#15207,0.75);
#15207 = AXIS2_PLACEMENT_3D('',#15208,#15209,#15210);
#15208 = CARTESIAN_POINT('',(-14.09702819405,5.588011176022,0.));
#15209 = DIRECTION('',(0.,0.,-1.));
#15210 = DIRECTION('',(-0.707106781187,0.707106781187,0.));
#15211 = ORIENTED_EDGE('',*,*,#15212,.T.);
#15212 = EDGE_CURVE('',#15204,#15213,#15215,.T.);
#15213 = VERTEX_POINT('',#15214);
#15214 = CARTESIAN_POINT('',(-11.08621961122,2.756808074827,0.));
#15215 = LINE('',#15216,#15217);
#15216 = CARTESIAN_POINT('',(-13.48455398114,5.155142444744,0.));
#15217 = VECTOR('',#15218,1.);
#15218 = DIRECTION('',(0.707106781187,-0.707106781187,0.));
#15219 = ORIENTED_EDGE('',*,*,#15220,.T.);
#15220 = EDGE_CURVE('',#15213,#15221,#15223,.T.);
#15221 = VERTEX_POINT('',#15222);
#15222 = CARTESIAN_POINT('',(-11.04902209804,2.667005334011,0.));
#15223 = CIRCLE('',#15224,0.127000254001);
#15224 = AXIS2_PLACEMENT_3D('',#15225,#15226,#15227);
#15225 = CARTESIAN_POINT('',(-11.17602235204,2.667005334011,0.));
#15226 = DIRECTION('',(0.,0.,-1.));
#15227 = DIRECTION('',(0.707106781187,0.707106781187,0.));
#15228 = ORIENTED_EDGE('',*,*,#15229,.T.);
#15229 = EDGE_CURVE('',#15221,#15230,#15232,.T.);
#15230 = VERTEX_POINT('',#15231);
#15231 = CARTESIAN_POINT('',(-11.04902209804,-9.726414330407,0.));
#15232 = LINE('',#15233,#15234);
#15233 = CARTESIAN_POINT('',(-11.04902209804,2.667005334011,0.));
#15234 = VECTOR('',#15235,1.);
#15235 = DIRECTION('',(1.43330645415E-16,-1.,0.));
#15236 = ORIENTED_EDGE('',*,*,#15237,.T.);
#15237 = EDGE_CURVE('',#15230,#15238,#15240,.T.);
#15238 = VERTEX_POINT('',#15239);
#15239 = CARTESIAN_POINT('',(-1.344397566374,-19.43103886207,0.));
#15240 = LINE('',#15241,#15242);
#15241 = CARTESIAN_POINT('',(-11.04902209804,-9.726414330407,0.));
#15242 = VECTOR('',#15243,1.);
#15243 = DIRECTION('',(0.707106781187,-0.707106781187,0.));
#15244 = ORIENTED_EDGE('',*,*,#15245,.T.);
#15245 = EDGE_CURVE('',#15238,#15246,#15248,.T.);
#15246 = VERTEX_POINT('',#15247);
#15247 = CARTESIAN_POINT('',(3.554014537912,-19.43103886207,0.));
#15248 = LINE('',#15249,#15250);
#15249 = CARTESIAN_POINT('',(-1.344397566374,-19.43103886207,0.));
#15250 = VECTOR('',#15251,1.);
#15251 = DIRECTION('',(1.,0.,0.));
#15252 = ORIENTED_EDGE('',*,*,#15253,.T.);
#15253 = EDGE_CURVE('',#15246,#15254,#15256,.T.);
#15254 = VERTEX_POINT('',#15255);
#15255 = CARTESIAN_POINT('',(5.345008890018,-19.55803911607,0.));
#15256 = CIRCLE('',#15257,0.9);
#15257 = AXIS2_PLACEMENT_3D('',#15258,#15259,#15260);
#15258 = CARTESIAN_POINT('',(4.445008890018,-19.55803911607,0.));
#15259 = DIRECTION('',(0.,0.,-1.));
#15260 = DIRECTION('',(-0.989993724562,0.141111393334,0.));
#15261 = ORIENTED_EDGE('',*,*,#15262,.T.);
#15262 = EDGE_CURVE('',#15254,#15263,#15265,.T.);
#15263 = VERTEX_POINT('',#15264);
#15264 = CARTESIAN_POINT('',(3.554014537912,-19.68503937007,0.));
#15265 = CIRCLE('',#15266,0.9);
#15266 = AXIS2_PLACEMENT_3D('',#15267,#15268,#15269);
#15267 = CARTESIAN_POINT('',(4.445008890018,-19.55803911607,0.));
#15268 = DIRECTION('',(0.,0.,-1.));
#15269 = DIRECTION('',(1.,-1.020259889935E-15,0.));
#15270 = ORIENTED_EDGE('',*,*,#15271,.T.);
#15271 = EDGE_CURVE('',#15263,#15272,#15274,.T.);
#15272 = VERTEX_POINT('',#15273);
#15273 = CARTESIAN_POINT('',(-1.397002794006,-19.68503937007,0.));
#15274 = LINE('',#15275,#15276);
#15275 = CARTESIAN_POINT('',(3.554014537912,-19.68503937007,0.));
#15276 = VECTOR('',#15277,1.);
#15277 = DIRECTION('',(-1.,-7.175724584717E-16,0.));
#15278 = ORIENTED_EDGE('',*,*,#15279,.T.);
#15279 = EDGE_CURVE('',#15272,#15280,#15282,.T.);
#15280 = VERTEX_POINT('',#15281);
#15281 = CARTESIAN_POINT('',(-1.486805534822,-19.64784185689,0.));
#15282 = CIRCLE('',#15283,0.127000254001);
#15283 = AXIS2_PLACEMENT_3D('',#15284,#15285,#15286);
#15284 = CARTESIAN_POINT('',(-1.397002794006,-19.55803911607,0.));
#15285 = DIRECTION('',(0.,0.,-1.));
#15286 = DIRECTION('',(-1.927435108787E-15,-1.,-0.));
#15287 = ORIENTED_EDGE('',*,*,#15288,.T.);
#15288 = EDGE_CURVE('',#15280,#15289,#15291,.T.);
#15289 = VERTEX_POINT('',#15290);
#15290 = CARTESIAN_POINT('',(-11.26582509286,-9.868822298855,0.));
#15291 = LINE('',#15292,#15293);
#15292 = CARTESIAN_POINT('',(-1.486805534822,-19.64784185689,0.));
#15293 = VECTOR('',#15294,1.);
#15294 = DIRECTION('',(-0.707106781187,0.707106781187,0.));
#15295 = ORIENTED_EDGE('',*,*,#15296,.T.);
#15296 = EDGE_CURVE('',#15289,#15177,#15297,.T.);
#15297 = CIRCLE('',#15298,0.127000254001);
#15298 = AXIS2_PLACEMENT_3D('',#15299,#15300,#15301);
#15299 = CARTESIAN_POINT('',(-11.17602235204,-9.779019558039,0.));
#15300 = DIRECTION('',(0.,0.,-1.));
#15301 = DIRECTION('',(-0.707106781187,-0.707106781187,-0.));
#15302 = FACE_BOUND('',#15303,.T.);
#15303 = EDGE_LOOP('',(#15304,#15315));
#15304 = ORIENTED_EDGE('',*,*,#15305,.T.);
#15305 = EDGE_CURVE('',#15306,#15308,#15310,.T.);
#15306 = VERTEX_POINT('',#15307);
#15307 = CARTESIAN_POINT('',(3.845008890018,-19.55803911607,0.));
#15308 = VERTEX_POINT('',#15309);
#15309 = CARTESIAN_POINT('',(5.045008890018,-19.55803911607,0.));
#15310 = CIRCLE('',#15311,0.6);
#15311 = AXIS2_PLACEMENT_3D('',#15312,#15313,#15314);
#15312 = CARTESIAN_POINT('',(4.445008890018,-19.55803911607,0.));
#15313 = DIRECTION('',(0.,0.,1.));
#15314 = DIRECTION('',(-1.,-1.110223024625E-16,0.));
#15315 = ORIENTED_EDGE('',*,*,#15316,.T.);
#15316 = EDGE_CURVE('',#15308,#15306,#15317,.T.);
#15317 = CIRCLE('',#15318,0.6);
#15318 = AXIS2_PLACEMENT_3D('',#15319,#15320,#15321);
#15319 = CARTESIAN_POINT('',(4.445008890018,-19.55803911607,0.));
#15320 = DIRECTION('',(0.,0.,1.));
#15321 = DIRECTION('',(1.,1.110223024625E-16,-0.));
#15322 = FACE_BOUND('',#15323,.T.);
#15323 = EDGE_LOOP('',(#15324,#15335));
#15324 = ORIENTED_EDGE('',*,*,#15325,.T.);
#15325 = EDGE_CURVE('',#15326,#15328,#15330,.T.);
#15326 = VERTEX_POINT('',#15327);
#15327 = CARTESIAN_POINT('',(-14.54704089408,5.588011176022,0.));
#15328 = VERTEX_POINT('',#15329);
#15329 = CARTESIAN_POINT('',(-13.64701549403,5.588011176022,0.));
#15330 = CIRCLE('',#15331,0.450012700025);
#15331 = AXIS2_PLACEMENT_3D('',#15332,#15333,#15334);
#15332 = CARTESIAN_POINT('',(-14.09702819405,5.588011176022,0.));
#15333 = DIRECTION('',(0.,0.,1.));
#15334 = DIRECTION('',(-1.,-1.110223024625E-16,0.));
#15335 = ORIENTED_EDGE('',*,*,#15336,.T.);
#15336 = EDGE_CURVE('',#15328,#15326,#15337,.T.);
#15337 = CIRCLE('',#15338,0.450012700025);
#15338 = AXIS2_PLACEMENT_3D('',#15339,#15340,#15341);
#15339 = CARTESIAN_POINT('',(-14.09702819405,5.588011176022,0.));
#15340 = DIRECTION('',(0.,0.,1.));
#15341 = DIRECTION('',(1.,1.110223024625E-16,-0.));
#15342 = PLANE('',#15343);
#15343 = AXIS2_PLACEMENT_3D('',#15344,#15345,#15346);
#15344 = CARTESIAN_POINT('',(-7.148604463791,-9.390498060731,0.));
#15345 = DIRECTION('',(-0.,-0.,-1.));
#15346 = DIRECTION('',(-1.,0.,0.));
#15347 = SHELL_BASED_SURFACE_MODEL('',(#15348));
#15348 = OPEN_SHELL('',(#15349));
#15349 = ADVANCED_FACE('',(#15350,#15370),#15390,.T.);
#15350 = FACE_BOUND('',#15351,.T.);
#15351 = EDGE_LOOP('',(#15352,#15363));
#15352 = ORIENTED_EDGE('',*,*,#15353,.T.);
#15353 = EDGE_CURVE('',#15354,#15356,#15358,.T.);
#15354 = VERTEX_POINT('',#15355);
#15355 = CARTESIAN_POINT('',(-13.34702819405,10.668021336043,0.));
#15356 = VERTEX_POINT('',#15357);
#15357 = CARTESIAN_POINT('',(-14.84702819405,10.668021336043,0.));
#15358 = CIRCLE('',#15359,0.75);
#15359 = AXIS2_PLACEMENT_3D('',#15360,#15361,#15362);
#15360 = CARTESIAN_POINT('',(-14.09702819405,10.668021336043,0.));
#15361 = DIRECTION('',(-0.,0.,-1.));
#15362 = DIRECTION('',(1.,-1.110223024625E-16,-0.));
#15363 = ORIENTED_EDGE('',*,*,#15364,.T.);
#15364 = EDGE_CURVE('',#15356,#15354,#15365,.T.);
#15365 = CIRCLE('',#15366,0.75);
#15366 = AXIS2_PLACEMENT_3D('',#15367,#15368,#15369);
#15367 = CARTESIAN_POINT('',(-14.09702819405,10.668021336043,0.));
#15368 = DIRECTION('',(0.,0.,-1.));
#15369 = DIRECTION('',(-1.,1.110223024625E-16,0.));
#15370 = FACE_BOUND('',#15371,.T.);
#15371 = EDGE_LOOP('',(#15372,#15383));
#15372 = ORIENTED_EDGE('',*,*,#15373,.T.);
#15373 = EDGE_CURVE('',#15374,#15376,#15378,.T.);
#15374 = VERTEX_POINT('',#15375);
#15375 = CARTESIAN_POINT('',(-14.54704089408,10.668021336043,0.));
#15376 = VERTEX_POINT('',#15377);
#15377 = CARTESIAN_POINT('',(-13.64701549403,10.668021336043,0.));
#15378 = CIRCLE('',#15379,0.450012700025);
#15379 = AXIS2_PLACEMENT_3D('',#15380,#15381,#15382);
#15380 = CARTESIAN_POINT('',(-14.09702819405,10.668021336043,0.));
#15381 = DIRECTION('',(0.,0.,1.));
#15382 = DIRECTION('',(-1.,-1.110223024625E-16,0.));
#15383 = ORIENTED_EDGE('',*,*,#15384,.T.);
#15384 = EDGE_CURVE('',#15376,#15374,#15385,.T.);
#15385 = CIRCLE('',#15386,0.450012700025);
#15386 = AXIS2_PLACEMENT_3D('',#15387,#15388,#15389);
#15387 = CARTESIAN_POINT('',(-14.09702819405,10.668021336043,0.));
#15388 = DIRECTION('',(0.,0.,1.));
#15389 = DIRECTION('',(1.,1.110223024625E-16,-0.));
#15390 = PLANE('',#15391);
#15391 = AXIS2_PLACEMENT_3D('',#15392,#15393,#15394);
#15392 = CARTESIAN_POINT('',(-14.09702819405,10.668021336043,0.));
#15393 = DIRECTION('',(-0.,-0.,-1.));
#15394 = DIRECTION('',(-1.,0.,0.));
#15395 = SHELL_BASED_SURFACE_MODEL('',(#15396));
#15396 = OPEN_SHELL('',(#15397));
#15397 = ADVANCED_FACE('',(#15398,#15477,#15497),#15517,.T.);
#15398 = FACE_BOUND('',#15399,.T.);
#15399 = EDGE_LOOP('',(#15400,#15410,#15419,#15428,#15436,#15444,#15453,
    #15462,#15470));
#15400 = ORIENTED_EDGE('',*,*,#15401,.T.);
#15401 = EDGE_CURVE('',#15402,#15404,#15406,.T.);
#15402 = VERTEX_POINT('',#15403);
#15403 = CARTESIAN_POINT('',(-11.84822113523,13.297829156869,0.));
#15404 = VERTEX_POINT('',#15405);
#15405 = CARTESIAN_POINT('',(-8.61529679835,10.064904819987,0.));
#15406 = LINE('',#15407,#15408);
#15407 = CARTESIAN_POINT('',(-11.84822113523,13.297829156869,0.));
#15408 = VECTOR('',#15409,1.);
#15409 = DIRECTION('',(0.707106781187,-0.707106781187,0.));
#15410 = ORIENTED_EDGE('',*,*,#15411,.T.);
#15411 = EDGE_CURVE('',#15404,#15412,#15414,.T.);
#15412 = VERTEX_POINT('',#15413);
#15413 = CARTESIAN_POINT('',(-8.293348551745,9.56335109175,0.));
#15414 = CIRCLE('',#15415,0.305001270003);
#15415 = AXIS2_PLACEMENT_3D('',#15416,#15417,#15418);
#15416 = CARTESIAN_POINT('',(-8.509017018034,9.779019558039,0.));
#15417 = DIRECTION('',(0.,0.,-1.));
#15418 = DIRECTION('',(-0.348456845163,0.937324824732,0.));
#15419 = ORIENTED_EDGE('',*,*,#15420,.T.);
#15420 = EDGE_CURVE('',#15412,#15421,#15423,.T.);
#15421 = VERTEX_POINT('',#15422);
#15422 = CARTESIAN_POINT('',(-8.794902279982,9.885299338355,0.));
#15423 = CIRCLE('',#15424,0.305001270003);
#15424 = AXIS2_PLACEMENT_3D('',#15425,#15426,#15427);
#15425 = CARTESIAN_POINT('',(-8.509017018034,9.779019558039,0.));
#15426 = DIRECTION('',(-0.,0.,-1.));
#15427 = DIRECTION('',(0.707106781187,-0.707106781187,-0.));
#15428 = ORIENTED_EDGE('',*,*,#15429,.T.);
#15429 = EDGE_CURVE('',#15421,#15430,#15432,.T.);
#15430 = VERTEX_POINT('',#15431);
#15431 = CARTESIAN_POINT('',(-11.99062910368,13.081026162052,0.));
#15432 = LINE('',#15433,#15434);
#15433 = CARTESIAN_POINT('',(-8.794902279982,9.885299338355,0.));
#15434 = VECTOR('',#15435,1.);
#15435 = DIRECTION('',(-0.707106781187,0.707106781187,0.));
#15436 = ORIENTED_EDGE('',*,*,#15437,.T.);
#15437 = EDGE_CURVE('',#15430,#15438,#15440,.T.);
#15438 = VERTEX_POINT('',#15439);
#15439 = CARTESIAN_POINT('',(-13.35785910955,13.081026162052,0.));
#15440 = LINE('',#15441,#15442);
#15441 = CARTESIAN_POINT('',(-11.99062910368,13.081026162052,0.));
#15442 = VECTOR('',#15443,1.);
#15443 = DIRECTION('',(-1.,0.,0.));
#15444 = ORIENTED_EDGE('',*,*,#15445,.T.);
#15445 = EDGE_CURVE('',#15438,#15446,#15448,.T.);
#15446 = VERTEX_POINT('',#15447);
#15447 = CARTESIAN_POINT('',(-14.84702819405,13.208026416053,0.));
#15448 = CIRCLE('',#15449,0.75);
#15449 = AXIS2_PLACEMENT_3D('',#15450,#15451,#15452);
#15450 = CARTESIAN_POINT('',(-14.09702819405,13.208026416053,0.));
#15451 = DIRECTION('',(-0.,0.,-1.));
#15452 = DIRECTION('',(0.985558779336,-0.169333672001,-0.));
#15453 = ORIENTED_EDGE('',*,*,#15454,.T.);
#15454 = EDGE_CURVE('',#15446,#15455,#15457,.T.);
#15455 = VERTEX_POINT('',#15456);
#15456 = CARTESIAN_POINT('',(-13.35785910955,13.335026670053,0.));
#15457 = CIRCLE('',#15458,0.75);
#15458 = AXIS2_PLACEMENT_3D('',#15459,#15460,#15461);
#15459 = CARTESIAN_POINT('',(-14.09702819405,13.208026416053,0.));
#15460 = DIRECTION('',(0.,0.,-1.));
#15461 = DIRECTION('',(-1.,-3.491326400254E-15,-0.));
#15462 = ORIENTED_EDGE('',*,*,#15463,.T.);
#15463 = EDGE_CURVE('',#15455,#15464,#15466,.T.);
#15464 = VERTEX_POINT('',#15465);
#15465 = CARTESIAN_POINT('',(-11.93802387604,13.335026670053,0.));
#15466 = LINE('',#15467,#15468);
#15467 = CARTESIAN_POINT('',(-13.35785910955,13.335026670053,0.));
#15468 = VECTOR('',#15469,1.);
#15469 = DIRECTION('',(1.,-1.251100689348E-15,0.));
#15470 = ORIENTED_EDGE('',*,*,#15471,.T.);
#15471 = EDGE_CURVE('',#15464,#15402,#15472,.T.);
#15472 = CIRCLE('',#15473,0.127000254001);
#15473 = AXIS2_PLACEMENT_3D('',#15474,#15475,#15476);
#15474 = CARTESIAN_POINT('',(-11.93802387604,13.208026416053,0.));
#15475 = DIRECTION('',(0.,0.,-1.));
#15476 = DIRECTION('',(-1.641889166744E-15,1.,0.));
#15477 = FACE_BOUND('',#15478,.T.);
#15478 = EDGE_LOOP('',(#15479,#15490));
#15479 = ORIENTED_EDGE('',*,*,#15480,.T.);
#15480 = EDGE_CURVE('',#15481,#15483,#15485,.T.);
#15481 = VERTEX_POINT('',#15482);
#15482 = CARTESIAN_POINT('',(-8.661516383033,9.779019558039,0.));
#15483 = VERTEX_POINT('',#15484);
#15484 = CARTESIAN_POINT('',(-8.356517653035,9.779019558039,0.));
#15485 = CIRCLE('',#15486,0.152499364999);
#15486 = AXIS2_PLACEMENT_3D('',#15487,#15488,#15489);
#15487 = CARTESIAN_POINT('',(-8.509017018034,9.779019558039,0.));
#15488 = DIRECTION('',(0.,0.,1.));
#15489 = DIRECTION('',(-1.,-1.110223024625E-16,0.));
#15490 = ORIENTED_EDGE('',*,*,#15491,.T.);
#15491 = EDGE_CURVE('',#15483,#15481,#15492,.T.);
#15492 = CIRCLE('',#15493,0.152499364999);
#15493 = AXIS2_PLACEMENT_3D('',#15494,#15495,#15496);
#15494 = CARTESIAN_POINT('',(-8.509017018034,9.779019558039,0.));
#15495 = DIRECTION('',(0.,0.,1.));
#15496 = DIRECTION('',(1.,1.110223024625E-16,-0.));
#15497 = FACE_BOUND('',#15498,.T.);
#15498 = EDGE_LOOP('',(#15499,#15510));
#15499 = ORIENTED_EDGE('',*,*,#15500,.T.);
#15500 = EDGE_CURVE('',#15501,#15503,#15505,.T.);
#15501 = VERTEX_POINT('',#15502);
#15502 = CARTESIAN_POINT('',(-14.54704089408,13.208026416053,0.));
#15503 = VERTEX_POINT('',#15504);
#15504 = CARTESIAN_POINT('',(-13.64701549403,13.208026416053,0.));
#15505 = CIRCLE('',#15506,0.450012700025);
#15506 = AXIS2_PLACEMENT_3D('',#15507,#15508,#15509);
#15507 = CARTESIAN_POINT('',(-14.09702819405,13.208026416053,0.));
#15508 = DIRECTION('',(0.,0.,1.));
#15509 = DIRECTION('',(-1.,-1.110223024625E-16,0.));
#15510 = ORIENTED_EDGE('',*,*,#15511,.T.);
#15511 = EDGE_CURVE('',#15503,#15501,#15512,.T.);
#15512 = CIRCLE('',#15513,0.450012700025);
#15513 = AXIS2_PLACEMENT_3D('',#15514,#15515,#15516);
#15514 = CARTESIAN_POINT('',(-14.09702819405,13.208026416053,0.));
#15515 = DIRECTION('',(0.,0.,1.));
#15516 = DIRECTION('',(1.,1.110223024625E-16,-0.));
#15517 = PLANE('',#15518);
#15518 = AXIS2_PLACEMENT_3D('',#15519,#15520,#15521);
#15519 = CARTESIAN_POINT('',(-11.4393135085,12.071665736956,0.));
#15520 = DIRECTION('',(-0.,-0.,-1.));
#15521 = DIRECTION('',(-1.,0.,0.));
#15522 = SHELL_BASED_SURFACE_MODEL('',(#15523));
#15523 = OPEN_SHELL('',(#15524));
#15524 = ADVANCED_FACE('',(#15525,#15545),#15565,.T.);
#15525 = FACE_BOUND('',#15526,.T.);
#15526 = EDGE_LOOP('',(#15527,#15538));
#15527 = ORIENTED_EDGE('',*,*,#15528,.T.);
#15528 = EDGE_CURVE('',#15529,#15531,#15533,.T.);
#15529 = VERTEX_POINT('',#15530);
#15530 = CARTESIAN_POINT('',(-12.43502667005,-39.37007874015,0.));
#15531 = VERTEX_POINT('',#15532);
#15532 = CARTESIAN_POINT('',(-14.23502667005,-39.37007874015,0.));
#15533 = CIRCLE('',#15534,0.9);
#15534 = AXIS2_PLACEMENT_3D('',#15535,#15536,#15537);
#15535 = CARTESIAN_POINT('',(-13.33502667005,-39.37007874015,0.));
#15536 = DIRECTION('',(-0.,0.,-1.));
#15537 = DIRECTION('',(1.,-1.110223024625E-16,-0.));
#15538 = ORIENTED_EDGE('',*,*,#15539,.T.);
#15539 = EDGE_CURVE('',#15531,#15529,#15540,.T.);
#15540 = CIRCLE('',#15541,0.9);
#15541 = AXIS2_PLACEMENT_3D('',#15542,#15543,#15544);
#15542 = CARTESIAN_POINT('',(-13.33502667005,-39.37007874015,0.));
#15543 = DIRECTION('',(0.,0.,-1.));
#15544 = DIRECTION('',(-1.,1.110223024625E-16,0.));
#15545 = FACE_BOUND('',#15546,.T.);
#15546 = EDGE_LOOP('',(#15547,#15558));
#15547 = ORIENTED_EDGE('',*,*,#15548,.T.);
#15548 = EDGE_CURVE('',#15549,#15551,#15553,.T.);
#15549 = VERTEX_POINT('',#15550);
#15550 = CARTESIAN_POINT('',(-13.83502667005,-39.37007874015,0.));
#15551 = VERTEX_POINT('',#15552);
#15552 = CARTESIAN_POINT('',(-12.83502667005,-39.37007874015,0.));
#15553 = CIRCLE('',#15554,0.5);
#15554 = AXIS2_PLACEMENT_3D('',#15555,#15556,#15557);
#15555 = CARTESIAN_POINT('',(-13.33502667005,-39.37007874015,0.));
#15556 = DIRECTION('',(0.,0.,1.));
#15557 = DIRECTION('',(-1.,-1.110223024625E-16,0.));
#15558 = ORIENTED_EDGE('',*,*,#15559,.T.);
#15559 = EDGE_CURVE('',#15551,#15549,#15560,.T.);
#15560 = CIRCLE('',#15561,0.5);
#15561 = AXIS2_PLACEMENT_3D('',#15562,#15563,#15564);
#15562 = CARTESIAN_POINT('',(-13.33502667005,-39.37007874015,0.));
#15563 = DIRECTION('',(0.,0.,1.));
#15564 = DIRECTION('',(1.,1.110223024625E-16,-0.));
#15565 = PLANE('',#15566);
#15566 = AXIS2_PLACEMENT_3D('',#15567,#15568,#15569);
#15567 = CARTESIAN_POINT('',(-13.33502667005,-39.37007874015,0.));
#15568 = DIRECTION('',(-0.,-0.,-1.));
#15569 = DIRECTION('',(-1.,0.,0.));
#15570 = SHELL_BASED_SURFACE_MODEL('',(#15571));
#15571 = OPEN_SHELL('',(#15572));
#15572 = ADVANCED_FACE('',(#15573,#15627,#15647),#15667,.T.);
#15573 = FACE_BOUND('',#15574,.T.);
#15574 = EDGE_LOOP('',(#15575,#15585,#15594,#15603,#15611,#15620));
#15575 = ORIENTED_EDGE('',*,*,#15576,.T.);
#15576 = EDGE_CURVE('',#15577,#15579,#15581,.T.);
#15577 = VERTEX_POINT('',#15578);
#15578 = CARTESIAN_POINT('',(-6.119314244753,-8.255016510033,0.));
#15579 = VERTEX_POINT('',#15580);
#15580 = CARTESIAN_POINT('',(-9.247716489309,-8.255016510033,0.));
#15581 = LINE('',#15582,#15583);
#15582 = CARTESIAN_POINT('',(-6.119314244753,-8.255016510033,0.));
#15583 = VECTOR('',#15584,1.);
#15584 = DIRECTION('',(-1.,0.,0.));
#15585 = ORIENTED_EDGE('',*,*,#15586,.T.);
#15586 = EDGE_CURVE('',#15579,#15587,#15589,.T.);
#15587 = VERTEX_POINT('',#15588);
#15588 = CARTESIAN_POINT('',(-9.830020320041,-8.128016256033,0.));
#15589 = CIRCLE('',#15590,0.305001270003);
#15590 = AXIS2_PLACEMENT_3D('',#15591,#15592,#15593);
#15591 = CARTESIAN_POINT('',(-9.525019050038,-8.128016256033,0.));
#15592 = DIRECTION('',(-0.,0.,-1.));
#15593 = DIRECTION('',(0.909184937908,-0.416392541577,-0.));
#15594 = ORIENTED_EDGE('',*,*,#15595,.T.);
#15595 = EDGE_CURVE('',#15587,#15596,#15598,.T.);
#15596 = VERTEX_POINT('',#15597);
#15597 = CARTESIAN_POINT('',(-9.247716489309,-8.001016002032,0.));
#15598 = CIRCLE('',#15599,0.305001270003);
#15599 = AXIS2_PLACEMENT_3D('',#15600,#15601,#15602);
#15600 = CARTESIAN_POINT('',(-9.525019050038,-8.128016256033,0.));
#15601 = DIRECTION('',(0.,0.,-1.));
#15602 = DIRECTION('',(-1.,-8.382664762634E-16,-0.));
#15603 = ORIENTED_EDGE('',*,*,#15604,.T.);
#15604 = EDGE_CURVE('',#15596,#15605,#15607,.T.);
#15605 = VERTEX_POINT('',#15606);
#15606 = CARTESIAN_POINT('',(-6.119314244753,-8.001016002032,0.));
#15607 = LINE('',#15608,#15609);
#15608 = CARTESIAN_POINT('',(-9.247716489309,-8.001016002032,0.));
#15609 = VECTOR('',#15610,1.);
#15610 = DIRECTION('',(1.,0.,0.));
#15611 = ORIENTED_EDGE('',*,*,#15612,.T.);
#15612 = EDGE_CURVE('',#15605,#15613,#15615,.T.);
#15613 = VERTEX_POINT('',#15614);
#15614 = CARTESIAN_POINT('',(-5.537010414021,-8.128016256033,0.));
#15615 = CIRCLE('',#15616,0.305001270003);
#15616 = AXIS2_PLACEMENT_3D('',#15617,#15618,#15619);
#15617 = CARTESIAN_POINT('',(-5.842011684023,-8.128016256033,0.));
#15618 = DIRECTION('',(0.,0.,-1.));
#15619 = DIRECTION('',(-0.909184937908,0.416392541577,0.));
#15620 = ORIENTED_EDGE('',*,*,#15621,.T.);
#15621 = EDGE_CURVE('',#15613,#15577,#15622,.T.);
#15622 = CIRCLE('',#15623,0.305001270003);
#15623 = AXIS2_PLACEMENT_3D('',#15624,#15625,#15626);
#15624 = CARTESIAN_POINT('',(-5.842011684023,-8.128016256033,0.));
#15625 = DIRECTION('',(0.,0.,-1.));
#15626 = DIRECTION('',(1.,8.382664762634E-16,0.));
#15627 = FACE_BOUND('',#15628,.T.);
#15628 = EDGE_LOOP('',(#15629,#15640));
#15629 = ORIENTED_EDGE('',*,*,#15630,.T.);
#15630 = EDGE_CURVE('',#15631,#15633,#15635,.T.);
#15631 = VERTEX_POINT('',#15632);
#15632 = CARTESIAN_POINT('',(-5.994511049022,-8.128016256033,0.));
#15633 = VERTEX_POINT('',#15634);
#15634 = CARTESIAN_POINT('',(-5.689512319025,-8.128016256033,0.));
#15635 = CIRCLE('',#15636,0.152499364999);
#15636 = AXIS2_PLACEMENT_3D('',#15637,#15638,#15639);
#15637 = CARTESIAN_POINT('',(-5.842011684023,-8.128016256033,0.));
#15638 = DIRECTION('',(0.,0.,1.));
#15639 = DIRECTION('',(-1.,-1.110223024625E-16,0.));
#15640 = ORIENTED_EDGE('',*,*,#15641,.T.);
#15641 = EDGE_CURVE('',#15633,#15631,#15642,.T.);
#15642 = CIRCLE('',#15643,0.152499364999);
#15643 = AXIS2_PLACEMENT_3D('',#15644,#15645,#15646);
#15644 = CARTESIAN_POINT('',(-5.842011684023,-8.128016256033,0.));
#15645 = DIRECTION('',(0.,0.,1.));
#15646 = DIRECTION('',(1.,1.110223024625E-16,-0.));
#15647 = FACE_BOUND('',#15648,.T.);
#15648 = EDGE_LOOP('',(#15649,#15660));
#15649 = ORIENTED_EDGE('',*,*,#15650,.T.);
#15650 = EDGE_CURVE('',#15651,#15653,#15655,.T.);
#15651 = VERTEX_POINT('',#15652);
#15652 = CARTESIAN_POINT('',(-9.677518415037,-8.128016256033,0.));
#15653 = VERTEX_POINT('',#15654);
#15654 = CARTESIAN_POINT('',(-9.372519685039,-8.128016256033,0.));
#15655 = CIRCLE('',#15656,0.152499364999);
#15656 = AXIS2_PLACEMENT_3D('',#15657,#15658,#15659);
#15657 = CARTESIAN_POINT('',(-9.525019050038,-8.128016256033,0.));
#15658 = DIRECTION('',(0.,0.,1.));
#15659 = DIRECTION('',(-1.,-1.110223024625E-16,0.));
#15660 = ORIENTED_EDGE('',*,*,#15661,.T.);
#15661 = EDGE_CURVE('',#15653,#15651,#15662,.T.);
#15662 = CIRCLE('',#15663,0.152499364999);
#15663 = AXIS2_PLACEMENT_3D('',#15664,#15665,#15666);
#15664 = CARTESIAN_POINT('',(-9.525019050038,-8.128016256033,0.));
#15665 = DIRECTION('',(0.,0.,1.));
#15666 = DIRECTION('',(1.,1.110223024625E-16,-0.));
#15667 = PLANE('',#15668);
#15668 = AXIS2_PLACEMENT_3D('',#15669,#15670,#15671);
#15669 = CARTESIAN_POINT('',(-7.683515367031,-8.128016256033,0.));
#15670 = DIRECTION('',(-0.,-0.,-1.));
#15671 = DIRECTION('',(-1.,0.,0.));
#15672 = SHELL_BASED_SURFACE_MODEL('',(#15673));
#15673 = OPEN_SHELL('',(#15674));
#15674 = ADVANCED_FACE('',(#15675,#15711),#15731,.T.);
#15675 = FACE_BOUND('',#15676,.T.);
#15676 = EDGE_LOOP('',(#15677,#15688,#15696,#15705));
#15677 = ORIENTED_EDGE('',*,*,#15678,.T.);
#15678 = EDGE_CURVE('',#15679,#15681,#15683,.T.);
#15679 = VERTEX_POINT('',#15680);
#15680 = CARTESIAN_POINT('',(-9.098674117348,4.14668021336,0.));
#15681 = VERTEX_POINT('',#15682);
#15682 = CARTESIAN_POINT('',(-7.658669037338,4.14668021336,0.));
#15683 = CIRCLE('',#15684,0.720002540005);
#15684 = AXIS2_PLACEMENT_3D('',#15685,#15686,#15687);
#15685 = CARTESIAN_POINT('',(-8.378671577343,4.14668021336,0.));
#15686 = DIRECTION('',(0.,0.,-1.));
#15687 = DIRECTION('',(-1.,1.110223024625E-16,0.));
#15688 = ORIENTED_EDGE('',*,*,#15689,.T.);
#15689 = EDGE_CURVE('',#15681,#15690,#15692,.T.);
#15690 = VERTEX_POINT('',#15691);
#15691 = CARTESIAN_POINT('',(-7.658669037338,3.786685293371,0.));
#15692 = LINE('',#15693,#15694);
#15693 = CARTESIAN_POINT('',(-7.658669037338,4.14668021336,0.));
#15694 = VECTOR('',#15695,1.);
#15695 = DIRECTION('',(0.,-1.,0.));
#15696 = ORIENTED_EDGE('',*,*,#15697,.T.);
#15697 = EDGE_CURVE('',#15690,#15698,#15700,.T.);
#15698 = VERTEX_POINT('',#15699);
#15699 = CARTESIAN_POINT('',(-9.098674117348,3.786685293371,0.));
#15700 = CIRCLE('',#15701,0.720002540005);
#15701 = AXIS2_PLACEMENT_3D('',#15702,#15703,#15704);
#15702 = CARTESIAN_POINT('',(-8.378671577343,3.786685293371,0.));
#15703 = DIRECTION('',(-0.,0.,-1.));
#15704 = DIRECTION('',(1.,-1.110223024625E-16,-0.));
#15705 = ORIENTED_EDGE('',*,*,#15706,.T.);
#15706 = EDGE_CURVE('',#15698,#15679,#15707,.T.);
#15707 = LINE('',#15708,#15709);
#15708 = CARTESIAN_POINT('',(-9.098674117348,3.786685293371,0.));
#15709 = VECTOR('',#15710,1.);
#15710 = DIRECTION('',(0.,1.,0.));
#15711 = FACE_BOUND('',#15712,.T.);
#15712 = EDGE_LOOP('',(#15713,#15724));
#15713 = ORIENTED_EDGE('',*,*,#15714,.T.);
#15714 = EDGE_CURVE('',#15715,#15717,#15719,.T.);
#15715 = VERTEX_POINT('',#15716);
#15716 = CARTESIAN_POINT('',(-8.778646177292,3.966657353315,0.));
#15717 = VERTEX_POINT('',#15718);
#15718 = CARTESIAN_POINT('',(-7.978646177292,3.966657353315,0.));
#15719 = CIRCLE('',#15720,0.4);
#15720 = AXIS2_PLACEMENT_3D('',#15721,#15722,#15723);
#15721 = CARTESIAN_POINT('',(-8.378646177292,3.966657353315,0.));
#15722 = DIRECTION('',(0.,0.,1.));
#15723 = DIRECTION('',(-1.,-1.110223024625E-16,0.));
#15724 = ORIENTED_EDGE('',*,*,#15725,.T.);
#15725 = EDGE_CURVE('',#15717,#15715,#15726,.T.);
#15726 = CIRCLE('',#15727,0.4);
#15727 = AXIS2_PLACEMENT_3D('',#15728,#15729,#15730);
#15728 = CARTESIAN_POINT('',(-8.378646177292,3.966657353315,0.));
#15729 = DIRECTION('',(0.,0.,1.));
#15730 = DIRECTION('',(1.,1.110223024625E-16,-0.));
#15731 = PLANE('',#15732);
#15732 = AXIS2_PLACEMENT_3D('',#15733,#15734,#15735);
#15733 = CARTESIAN_POINT('',(-8.378671577343,3.966682753366,0.));
#15734 = DIRECTION('',(-0.,-0.,-1.));
#15735 = DIRECTION('',(-1.,0.,0.));
#15736 = SHELL_BASED_SURFACE_MODEL('',(#15737));
#15737 = OPEN_SHELL('',(#15738));
#15738 = ADVANCED_FACE('',(#15739,#15775),#15795,.T.);
#15739 = FACE_BOUND('',#15740,.T.);
#15740 = EDGE_LOOP('',(#15741,#15752,#15760,#15769));
#15741 = ORIENTED_EDGE('',*,*,#15742,.T.);
#15742 = EDGE_CURVE('',#15743,#15745,#15747,.T.);
#15743 = VERTEX_POINT('',#15744);
#15744 = CARTESIAN_POINT('',(-9.098674117348,-3.793375666751,0.));
#15745 = VERTEX_POINT('',#15746);
#15746 = CARTESIAN_POINT('',(-7.658669037338,-3.793375666751,0.));
#15747 = CIRCLE('',#15748,0.720002540005);
#15748 = AXIS2_PLACEMENT_3D('',#15749,#15750,#15751);
#15749 = CARTESIAN_POINT('',(-8.378671577343,-3.793375666751,0.));
#15750 = DIRECTION('',(0.,0.,-1.));
#15751 = DIRECTION('',(-1.,1.110223024625E-16,0.));
#15752 = ORIENTED_EDGE('',*,*,#15753,.T.);
#15753 = EDGE_CURVE('',#15745,#15754,#15756,.T.);
#15754 = VERTEX_POINT('',#15755);
#15755 = CARTESIAN_POINT('',(-7.658669037338,-4.153370586741,0.));
#15756 = LINE('',#15757,#15758);
#15757 = CARTESIAN_POINT('',(-7.658669037338,-3.793375666751,0.));
#15758 = VECTOR('',#15759,1.);
#15759 = DIRECTION('',(0.,-1.,0.));
#15760 = ORIENTED_EDGE('',*,*,#15761,.T.);
#15761 = EDGE_CURVE('',#15754,#15762,#15764,.T.);
#15762 = VERTEX_POINT('',#15763);
#15763 = CARTESIAN_POINT('',(-9.098674117348,-4.153370586741,0.));
#15764 = CIRCLE('',#15765,0.720002540005);
#15765 = AXIS2_PLACEMENT_3D('',#15766,#15767,#15768);
#15766 = CARTESIAN_POINT('',(-8.378671577343,-4.153370586741,0.));
#15767 = DIRECTION('',(-0.,0.,-1.));
#15768 = DIRECTION('',(1.,-1.110223024625E-16,-0.));
#15769 = ORIENTED_EDGE('',*,*,#15770,.T.);
#15770 = EDGE_CURVE('',#15762,#15743,#15771,.T.);
#15771 = LINE('',#15772,#15773);
#15772 = CARTESIAN_POINT('',(-9.098674117348,-4.153370586741,0.));
#15773 = VECTOR('',#15774,1.);
#15774 = DIRECTION('',(0.,1.,0.));
#15775 = FACE_BOUND('',#15776,.T.);
#15776 = EDGE_LOOP('',(#15777,#15788));
#15777 = ORIENTED_EDGE('',*,*,#15778,.T.);
#15778 = EDGE_CURVE('',#15779,#15781,#15783,.T.);
#15779 = VERTEX_POINT('',#15780);
#15780 = CARTESIAN_POINT('',(-8.778646177292,-3.973347726695,0.));
#15781 = VERTEX_POINT('',#15782);
#15782 = CARTESIAN_POINT('',(-7.978646177292,-3.973347726695,0.));
#15783 = CIRCLE('',#15784,0.4);
#15784 = AXIS2_PLACEMENT_3D('',#15785,#15786,#15787);
#15785 = CARTESIAN_POINT('',(-8.378646177292,-3.973347726695,0.));
#15786 = DIRECTION('',(0.,0.,1.));
#15787 = DIRECTION('',(-1.,-1.110223024625E-16,0.));
#15788 = ORIENTED_EDGE('',*,*,#15789,.T.);
#15789 = EDGE_CURVE('',#15781,#15779,#15790,.T.);
#15790 = CIRCLE('',#15791,0.4);
#15791 = AXIS2_PLACEMENT_3D('',#15792,#15793,#15794);
#15792 = CARTESIAN_POINT('',(-8.378646177292,-3.973347726695,0.));
#15793 = DIRECTION('',(0.,0.,1.));
#15794 = DIRECTION('',(1.,1.110223024625E-16,-0.));
#15795 = PLANE('',#15796);
#15796 = AXIS2_PLACEMENT_3D('',#15797,#15798,#15799);
#15797 = CARTESIAN_POINT('',(-8.378671577343,-3.973373126746,0.));
#15798 = DIRECTION('',(-0.,-0.,-1.));
#15799 = DIRECTION('',(-1.,0.,0.));
#15800 = SHELL_BASED_SURFACE_MODEL('',(#15801));
#15801 = OPEN_SHELL('',(#15802));
#15802 = ADVANCED_FACE('',(#15803,#15857,#15877),#15897,.T.);
#15803 = FACE_BOUND('',#15804,.T.);
#15804 = EDGE_LOOP('',(#15805,#15815,#15824,#15833,#15841,#15850));
#15805 = ORIENTED_EDGE('',*,*,#15806,.T.);
#15806 = EDGE_CURVE('',#15807,#15809,#15811,.T.);
#15807 = VERTEX_POINT('',#15808);
#15808 = CARTESIAN_POINT('',(-7.62001524003,-19.32813795559,0.));
#15809 = VERTEX_POINT('',#15810);
#15810 = CARTESIAN_POINT('',(-7.62001524003,-15.64433329479,0.));
#15811 = LINE('',#15812,#15813);
#15812 = CARTESIAN_POINT('',(-7.62001524003,-19.32813795559,0.));
#15813 = VECTOR('',#15814,1.);
#15814 = DIRECTION('',(0.,1.,0.));
#15815 = ORIENTED_EDGE('',*,*,#15816,.T.);
#15816 = EDGE_CURVE('',#15809,#15817,#15819,.T.);
#15817 = VERTEX_POINT('',#15818);
#15818 = CARTESIAN_POINT('',(-7.49301498603,-15.06202946405,0.));
#15819 = CIRCLE('',#15820,0.305001270003);
#15820 = AXIS2_PLACEMENT_3D('',#15821,#15822,#15823);
#15821 = CARTESIAN_POINT('',(-7.49301498603,-15.36703073406,0.));
#15822 = DIRECTION('',(0.,0.,-1.));
#15823 = DIRECTION('',(-0.416392541577,-0.909184937908,-0.));
#15824 = ORIENTED_EDGE('',*,*,#15825,.T.);
#15825 = EDGE_CURVE('',#15817,#15826,#15828,.T.);
#15826 = VERTEX_POINT('',#15827);
#15827 = CARTESIAN_POINT('',(-7.366014732029,-15.64433329479,0.));
#15828 = CIRCLE('',#15829,0.305001270003);
#15829 = AXIS2_PLACEMENT_3D('',#15830,#15831,#15832);
#15830 = CARTESIAN_POINT('',(-7.49301498603,-15.36703073406,0.));
#15831 = DIRECTION('',(0.,0.,-1.));
#15832 = DIRECTION('',(2.328517989621E-17,1.,0.));
#15833 = ORIENTED_EDGE('',*,*,#15834,.T.);
#15834 = EDGE_CURVE('',#15826,#15835,#15837,.T.);
#15835 = VERTEX_POINT('',#15836);
#15836 = CARTESIAN_POINT('',(-7.366014732029,-19.32813795559,0.));
#15837 = LINE('',#15838,#15839);
#15838 = CARTESIAN_POINT('',(-7.366014732029,-15.64433329479,0.));
#15839 = VECTOR('',#15840,1.);
#15840 = DIRECTION('',(-2.411035604438E-16,-1.,0.));
#15841 = ORIENTED_EDGE('',*,*,#15842,.T.);
#15842 = EDGE_CURVE('',#15835,#15843,#15845,.T.);
#15843 = VERTEX_POINT('',#15844);
#15844 = CARTESIAN_POINT('',(-7.49301498603,-21.32004064008,0.));
#15845 = CIRCLE('',#15846,1.);
#15846 = AXIS2_PLACEMENT_3D('',#15847,#15848,#15849);
#15847 = CARTESIAN_POINT('',(-7.49301498603,-20.32004064008,0.));
#15848 = DIRECTION('',(0.,0.,-1.));
#15849 = DIRECTION('',(0.127000254001,0.991902684483,0.));
#15850 = ORIENTED_EDGE('',*,*,#15851,.T.);
#15851 = EDGE_CURVE('',#15843,#15807,#15852,.T.);
#15852 = CIRCLE('',#15853,1.);
#15853 = AXIS2_PLACEMENT_3D('',#15854,#15855,#15856);
#15854 = CARTESIAN_POINT('',(-7.49301498603,-20.32004064008,0.));
#15855 = DIRECTION('',(0.,0.,-1.));
#15856 = DIRECTION('',(-6.952983304061E-17,-1.,-0.));
#15857 = FACE_BOUND('',#15858,.T.);
#15858 = EDGE_LOOP('',(#15859,#15870));
#15859 = ORIENTED_EDGE('',*,*,#15860,.T.);
#15860 = EDGE_CURVE('',#15861,#15863,#15865,.T.);
#15861 = VERTEX_POINT('',#15862);
#15862 = CARTESIAN_POINT('',(-8.09301498603,-20.32004064008,0.));
#15863 = VERTEX_POINT('',#15864);
#15864 = CARTESIAN_POINT('',(-6.89301498603,-20.32004064008,0.));
#15865 = CIRCLE('',#15866,0.6);
#15866 = AXIS2_PLACEMENT_3D('',#15867,#15868,#15869);
#15867 = CARTESIAN_POINT('',(-7.49301498603,-20.32004064008,0.));
#15868 = DIRECTION('',(0.,0.,1.));
#15869 = DIRECTION('',(-1.,-1.110223024625E-16,0.));
#15870 = ORIENTED_EDGE('',*,*,#15871,.T.);
#15871 = EDGE_CURVE('',#15863,#15861,#15872,.T.);
#15872 = CIRCLE('',#15873,0.6);
#15873 = AXIS2_PLACEMENT_3D('',#15874,#15875,#15876);
#15874 = CARTESIAN_POINT('',(-7.49301498603,-20.32004064008,0.));
#15875 = DIRECTION('',(0.,0.,1.));
#15876 = DIRECTION('',(1.,1.110223024625E-16,-0.));
#15877 = FACE_BOUND('',#15878,.T.);
#15878 = EDGE_LOOP('',(#15879,#15890));
#15879 = ORIENTED_EDGE('',*,*,#15880,.T.);
#15880 = EDGE_CURVE('',#15881,#15883,#15885,.T.);
#15881 = VERTEX_POINT('',#15882);
#15882 = CARTESIAN_POINT('',(-7.645514351029,-15.36703073406,0.));
#15883 = VERTEX_POINT('',#15884);
#15884 = CARTESIAN_POINT('',(-7.340515621031,-15.36703073406,0.));
#15885 = CIRCLE('',#15886,0.152499364999);
#15886 = AXIS2_PLACEMENT_3D('',#15887,#15888,#15889);
#15887 = CARTESIAN_POINT('',(-7.49301498603,-15.36703073406,0.));
#15888 = DIRECTION('',(0.,0.,1.));
#15889 = DIRECTION('',(-1.,-1.110223024625E-16,0.));
#15890 = ORIENTED_EDGE('',*,*,#15891,.T.);
#15891 = EDGE_CURVE('',#15883,#15881,#15892,.T.);
#15892 = CIRCLE('',#15893,0.152499364999);
#15893 = AXIS2_PLACEMENT_3D('',#15894,#15895,#15896);
#15894 = CARTESIAN_POINT('',(-7.49301498603,-15.36703073406,0.));
#15895 = DIRECTION('',(0.,0.,1.));
#15896 = DIRECTION('',(1.,1.110223024625E-16,-0.));
#15897 = PLANE('',#15898);
#15898 = AXIS2_PLACEMENT_3D('',#15899,#15900,#15901);
#15899 = CARTESIAN_POINT('',(-7.49301498603,-18.37736386278,0.));
#15900 = DIRECTION('',(-0.,-0.,-1.));
#15901 = DIRECTION('',(-1.,0.,0.));
#15902 = SHELL_BASED_SURFACE_MODEL('',(#15903));
#15903 = OPEN_SHELL('',(#15904));
#15904 = ADVANCED_FACE('',(#15905,#15941),#15961,.T.);
#15905 = FACE_BOUND('',#15906,.T.);
#15906 = EDGE_LOOP('',(#15907,#15918,#15926,#15935));
#15907 = ORIENTED_EDGE('',*,*,#15908,.T.);
#15908 = EDGE_CURVE('',#15909,#15911,#15913,.T.);
#15909 = VERTEX_POINT('',#15910);
#15910 = CARTESIAN_POINT('',(-6.558669037338,4.14668021336,0.));
#15911 = VERTEX_POINT('',#15912);
#15912 = CARTESIAN_POINT('',(-5.118663957328,4.14668021336,0.));
#15913 = CIRCLE('',#15914,0.720002540005);
#15914 = AXIS2_PLACEMENT_3D('',#15915,#15916,#15917);
#15915 = CARTESIAN_POINT('',(-5.838666497333,4.14668021336,0.));
#15916 = DIRECTION('',(0.,0.,-1.));
#15917 = DIRECTION('',(-1.,1.110223024625E-16,0.));
#15918 = ORIENTED_EDGE('',*,*,#15919,.T.);
#15919 = EDGE_CURVE('',#15911,#15920,#15922,.T.);
#15920 = VERTEX_POINT('',#15921);
#15921 = CARTESIAN_POINT('',(-5.118663957328,3.786685293371,0.));
#15922 = LINE('',#15923,#15924);
#15923 = CARTESIAN_POINT('',(-5.118663957328,4.14668021336,0.));
#15924 = VECTOR('',#15925,1.);
#15925 = DIRECTION('',(2.467197091907E-15,-1.,0.));
#15926 = ORIENTED_EDGE('',*,*,#15927,.T.);
#15927 = EDGE_CURVE('',#15920,#15928,#15930,.T.);
#15928 = VERTEX_POINT('',#15929);
#15929 = CARTESIAN_POINT('',(-6.558669037338,3.786685293371,0.));
#15930 = CIRCLE('',#15931,0.720002540005);
#15931 = AXIS2_PLACEMENT_3D('',#15932,#15933,#15934);
#15932 = CARTESIAN_POINT('',(-5.838666497333,3.786685293371,0.));
#15933 = DIRECTION('',(-0.,0.,-1.));
#15934 = DIRECTION('',(1.,-1.110223024625E-16,-0.));
#15935 = ORIENTED_EDGE('',*,*,#15936,.T.);
#15936 = EDGE_CURVE('',#15928,#15909,#15937,.T.);
#15937 = LINE('',#15938,#15939);
#15938 = CARTESIAN_POINT('',(-6.558669037338,3.786685293371,0.));
#15939 = VECTOR('',#15940,1.);
#15940 = DIRECTION('',(0.,1.,0.));
#15941 = FACE_BOUND('',#15942,.T.);
#15942 = EDGE_LOOP('',(#15943,#15954));
#15943 = ORIENTED_EDGE('',*,*,#15944,.T.);
#15944 = EDGE_CURVE('',#15945,#15947,#15949,.T.);
#15945 = VERTEX_POINT('',#15946);
#15946 = CARTESIAN_POINT('',(-6.238641097282,3.966657353315,0.));
#15947 = VERTEX_POINT('',#15948);
#15948 = CARTESIAN_POINT('',(-5.438641097282,3.966657353315,0.));
#15949 = CIRCLE('',#15950,0.4);
#15950 = AXIS2_PLACEMENT_3D('',#15951,#15952,#15953);
#15951 = CARTESIAN_POINT('',(-5.838641097282,3.966657353315,0.));
#15952 = DIRECTION('',(0.,0.,1.));
#15953 = DIRECTION('',(-1.,-1.110223024625E-16,0.));
#15954 = ORIENTED_EDGE('',*,*,#15955,.T.);
#15955 = EDGE_CURVE('',#15947,#15945,#15956,.T.);
#15956 = CIRCLE('',#15957,0.4);
#15957 = AXIS2_PLACEMENT_3D('',#15958,#15959,#15960);
#15958 = CARTESIAN_POINT('',(-5.838641097282,3.966657353315,0.));
#15959 = DIRECTION('',(0.,0.,1.));
#15960 = DIRECTION('',(1.,1.110223024625E-16,-0.));
#15961 = PLANE('',#15962);
#15962 = AXIS2_PLACEMENT_3D('',#15963,#15964,#15965);
#15963 = CARTESIAN_POINT('',(-5.838666497333,3.966682753366,0.));
#15964 = DIRECTION('',(-0.,-0.,-1.));
#15965 = DIRECTION('',(-1.,0.,0.));
#15966 = SHELL_BASED_SURFACE_MODEL('',(#15967));
#15967 = OPEN_SHELL('',(#15968));
#15968 = ADVANCED_FACE('',(#15969,#16005),#16025,.T.);
#15969 = FACE_BOUND('',#15970,.T.);
#15970 = EDGE_LOOP('',(#15971,#15982,#15990,#15999));
#15971 = ORIENTED_EDGE('',*,*,#15972,.T.);
#15972 = EDGE_CURVE('',#15973,#15975,#15977,.T.);
#15973 = VERTEX_POINT('',#15974);
#15974 = CARTESIAN_POINT('',(-6.558669037338,-3.793375666751,0.));
#15975 = VERTEX_POINT('',#15976);
#15976 = CARTESIAN_POINT('',(-5.118663957328,-3.793375666751,0.));
#15977 = CIRCLE('',#15978,0.720002540005);
#15978 = AXIS2_PLACEMENT_3D('',#15979,#15980,#15981);
#15979 = CARTESIAN_POINT('',(-5.838666497333,-3.793375666751,0.));
#15980 = DIRECTION('',(0.,0.,-1.));
#15981 = DIRECTION('',(-1.,1.110223024625E-16,0.));
#15982 = ORIENTED_EDGE('',*,*,#15983,.T.);
#15983 = EDGE_CURVE('',#15975,#15984,#15986,.T.);
#15984 = VERTEX_POINT('',#15985);
#15985 = CARTESIAN_POINT('',(-5.118663957328,-4.153370586741,0.));
#15986 = LINE('',#15987,#15988);
#15987 = CARTESIAN_POINT('',(-5.118663957328,-3.793375666751,0.));
#15988 = VECTOR('',#15989,1.);
#15989 = DIRECTION('',(2.467197091907E-15,-1.,0.));
#15990 = ORIENTED_EDGE('',*,*,#15991,.T.);
#15991 = EDGE_CURVE('',#15984,#15992,#15994,.T.);
#15992 = VERTEX_POINT('',#15993);
#15993 = CARTESIAN_POINT('',(-6.558669037338,-4.153370586741,0.));
#15994 = CIRCLE('',#15995,0.720002540005);
#15995 = AXIS2_PLACEMENT_3D('',#15996,#15997,#15998);
#15996 = CARTESIAN_POINT('',(-5.838666497333,-4.153370586741,0.));
#15997 = DIRECTION('',(-0.,0.,-1.));
#15998 = DIRECTION('',(1.,-1.110223024625E-16,-0.));
#15999 = ORIENTED_EDGE('',*,*,#16000,.T.);
#16000 = EDGE_CURVE('',#15992,#15973,#16001,.T.);
#16001 = LINE('',#16002,#16003);
#16002 = CARTESIAN_POINT('',(-6.558669037338,-4.153370586741,0.));
#16003 = VECTOR('',#16004,1.);
#16004 = DIRECTION('',(0.,1.,0.));
#16005 = FACE_BOUND('',#16006,.T.);
#16006 = EDGE_LOOP('',(#16007,#16018));
#16007 = ORIENTED_EDGE('',*,*,#16008,.T.);
#16008 = EDGE_CURVE('',#16009,#16011,#16013,.T.);
#16009 = VERTEX_POINT('',#16010);
#16010 = CARTESIAN_POINT('',(-6.238641097282,-3.973347726695,0.));
#16011 = VERTEX_POINT('',#16012);
#16012 = CARTESIAN_POINT('',(-5.438641097282,-3.973347726695,0.));
#16013 = CIRCLE('',#16014,0.4);
#16014 = AXIS2_PLACEMENT_3D('',#16015,#16016,#16017);
#16015 = CARTESIAN_POINT('',(-5.838641097282,-3.973347726695,0.));
#16016 = DIRECTION('',(0.,0.,1.));
#16017 = DIRECTION('',(-1.,-1.110223024625E-16,0.));
#16018 = ORIENTED_EDGE('',*,*,#16019,.T.);
#16019 = EDGE_CURVE('',#16011,#16009,#16020,.T.);
#16020 = CIRCLE('',#16021,0.4);
#16021 = AXIS2_PLACEMENT_3D('',#16022,#16023,#16024);
#16022 = CARTESIAN_POINT('',(-5.838641097282,-3.973347726695,0.));
#16023 = DIRECTION('',(0.,0.,1.));
#16024 = DIRECTION('',(1.,1.110223024625E-16,-0.));
#16025 = PLANE('',#16026);
#16026 = AXIS2_PLACEMENT_3D('',#16027,#16028,#16029);
#16027 = CARTESIAN_POINT('',(-5.838666497333,-3.973373126746,0.));
#16028 = DIRECTION('',(-0.,-0.,-1.));
#16029 = DIRECTION('',(-1.,0.,0.));
#16030 = SHELL_BASED_SURFACE_MODEL('',(#16031));
#16031 = OPEN_SHELL('',(#16032));
#16032 = ADVANCED_FACE('',(#16033,#16067),#16087,.T.);
#16033 = FACE_BOUND('',#16034,.T.);
#16034 = EDGE_LOOP('',(#16035,#16045,#16053,#16061));
#16035 = ORIENTED_EDGE('',*,*,#16036,.T.);
#16036 = EDGE_CURVE('',#16037,#16039,#16041,.T.);
#16037 = VERTEX_POINT('',#16038);
#16038 = CARTESIAN_POINT('',(-5.95300990602,-19.32004064008,0.));
#16039 = VERTEX_POINT('',#16040);
#16040 = CARTESIAN_POINT('',(-3.95300990602,-19.32004064008,0.));
#16041 = LINE('',#16042,#16043);
#16042 = CARTESIAN_POINT('',(-5.95300990602,-19.32004064008,0.));
#16043 = VECTOR('',#16044,1.);
#16044 = DIRECTION('',(1.,0.,0.));
#16045 = ORIENTED_EDGE('',*,*,#16046,.T.);
#16046 = EDGE_CURVE('',#16039,#16047,#16049,.T.);
#16047 = VERTEX_POINT('',#16048);
#16048 = CARTESIAN_POINT('',(-3.95300990602,-21.32004064008,0.));
#16049 = LINE('',#16050,#16051);
#16050 = CARTESIAN_POINT('',(-3.95300990602,-19.32004064008,0.));
#16051 = VECTOR('',#16052,1.);
#16052 = DIRECTION('',(0.,-1.,0.));
#16053 = ORIENTED_EDGE('',*,*,#16054,.T.);
#16054 = EDGE_CURVE('',#16047,#16055,#16057,.T.);
#16055 = VERTEX_POINT('',#16056);
#16056 = CARTESIAN_POINT('',(-5.95300990602,-21.32004064008,0.));
#16057 = LINE('',#16058,#16059);
#16058 = CARTESIAN_POINT('',(-3.95300990602,-21.32004064008,0.));
#16059 = VECTOR('',#16060,1.);
#16060 = DIRECTION('',(-1.,0.,0.));
#16061 = ORIENTED_EDGE('',*,*,#16062,.T.);
#16062 = EDGE_CURVE('',#16055,#16037,#16063,.T.);
#16063 = LINE('',#16064,#16065);
#16064 = CARTESIAN_POINT('',(-5.95300990602,-21.32004064008,0.));
#16065 = VECTOR('',#16066,1.);
#16066 = DIRECTION('',(0.,1.,0.));
#16067 = FACE_BOUND('',#16068,.T.);
#16068 = EDGE_LOOP('',(#16069,#16080));
#16069 = ORIENTED_EDGE('',*,*,#16070,.T.);
#16070 = EDGE_CURVE('',#16071,#16073,#16075,.T.);
#16071 = VERTEX_POINT('',#16072);
#16072 = CARTESIAN_POINT('',(-5.55300990602,-20.32004064008,0.));
#16073 = VERTEX_POINT('',#16074);
#16074 = CARTESIAN_POINT('',(-4.35300990602,-20.32004064008,0.));
#16075 = CIRCLE('',#16076,0.6);
#16076 = AXIS2_PLACEMENT_3D('',#16077,#16078,#16079);
#16077 = CARTESIAN_POINT('',(-4.95300990602,-20.32004064008,0.));
#16078 = DIRECTION('',(0.,0.,1.));
#16079 = DIRECTION('',(-1.,-1.110223024625E-16,0.));
#16080 = ORIENTED_EDGE('',*,*,#16081,.T.);
#16081 = EDGE_CURVE('',#16073,#16071,#16082,.T.);
#16082 = CIRCLE('',#16083,0.6);
#16083 = AXIS2_PLACEMENT_3D('',#16084,#16085,#16086);
#16084 = CARTESIAN_POINT('',(-4.95300990602,-20.32004064008,0.));
#16085 = DIRECTION('',(0.,0.,1.));
#16086 = DIRECTION('',(1.,1.110223024625E-16,-0.));
#16087 = PLANE('',#16088);
#16088 = AXIS2_PLACEMENT_3D('',#16089,#16090,#16091);
#16089 = CARTESIAN_POINT('',(-4.95300990602,-20.32004064008,0.));
#16090 = DIRECTION('',(-0.,-0.,-1.));
#16091 = DIRECTION('',(-1.,0.,0.));
#16092 = SHELL_BASED_SURFACE_MODEL('',(#16093));
#16093 = OPEN_SHELL('',(#16094));
#16094 = ADVANCED_FACE('',(#16095,#16273,#16293),#16313,.T.);
#16095 = FACE_BOUND('',#16096,.T.);
#16096 = EDGE_LOOP('',(#16097,#16108,#16116,#16124,#16133,#16141,#16149,
    #16157,#16166,#16174,#16183,#16191,#16199,#16208,#16216,#16224,
    #16233,#16241,#16250,#16258,#16267));
#16097 = ORIENTED_EDGE('',*,*,#16098,.T.);
#16098 = EDGE_CURVE('',#16099,#16101,#16103,.T.);
#16099 = VERTEX_POINT('',#16100);
#16100 = CARTESIAN_POINT('',(8.681361442723,-3.793375666751,0.));
#16101 = VERTEX_POINT('',#16102);
#16102 = CARTESIAN_POINT('',(8.745250366468,-3.496864992118,0.));
#16103 = CIRCLE('',#16104,0.720002540005);
#16104 = AXIS2_PLACEMENT_3D('',#16105,#16106,#16107);
#16105 = CARTESIAN_POINT('',(9.401363982728,-3.793375666751,0.));
#16106 = DIRECTION('',(0.,0.,-1.));
#16107 = DIRECTION('',(-1.,4.712622683535E-15,0.));
#16108 = ORIENTED_EDGE('',*,*,#16109,.T.);
#16109 = EDGE_CURVE('',#16101,#16110,#16112,.T.);
#16110 = VERTEX_POINT('',#16111);
#16111 = CARTESIAN_POINT('',(2.587704652988,2.660680721361,0.));
#16112 = LINE('',#16113,#16114);
#16113 = CARTESIAN_POINT('',(8.745250366468,-3.496864992118,0.));
#16114 = VECTOR('',#16115,1.);
#16115 = DIRECTION('',(-0.707106781187,0.707106781187,0.));
#16116 = ORIENTED_EDGE('',*,*,#16117,.T.);
#16117 = EDGE_CURVE('',#16110,#16118,#16120,.T.);
#16118 = VERTEX_POINT('',#16119);
#16119 = CARTESIAN_POINT('',(1.367546355093,2.660680721361,0.));
#16120 = LINE('',#16121,#16122);
#16121 = CARTESIAN_POINT('',(2.587704652988,2.660680721361,0.));
#16122 = VECTOR('',#16123,1.);
#16123 = DIRECTION('',(-1.,0.,0.));
#16124 = ORIENTED_EDGE('',*,*,#16125,.T.);
#16125 = EDGE_CURVE('',#16118,#16126,#16128,.T.);
#16126 = VERTEX_POINT('',#16127);
#16127 = CARTESIAN_POINT('',(1.277743614277,2.697878234546,0.));
#16128 = CIRCLE('',#16129,0.127000254001);
#16129 = AXIS2_PLACEMENT_3D('',#16130,#16131,#16132);
#16130 = CARTESIAN_POINT('',(1.367546355093,2.787680975362,0.));
#16131 = DIRECTION('',(0.,0.,-1.));
#16132 = DIRECTION('',(-3.569324275531E-16,-1.,-0.));
#16133 = ORIENTED_EDGE('',*,*,#16134,.T.);
#16134 = EDGE_CURVE('',#16126,#16135,#16137,.T.);
#16135 = VERTEX_POINT('',#16136);
#16136 = CARTESIAN_POINT('',(0.135939349457,3.839682499365,0.));
#16137 = LINE('',#16138,#16139);
#16138 = CARTESIAN_POINT('',(1.277743614277,2.697878234546,0.));
#16139 = VECTOR('',#16140,1.);
#16140 = DIRECTION('',(-0.707106781187,0.707106781187,0.));
#16141 = ORIENTED_EDGE('',*,*,#16142,.T.);
#16142 = EDGE_CURVE('',#16135,#16143,#16145,.T.);
#16143 = VERTEX_POINT('',#16144);
#16144 = CARTESIAN_POINT('',(-3.865379730759E-02,3.839682499365,0.));
#16145 = LINE('',#16146,#16147);
#16146 = CARTESIAN_POINT('',(0.135939349457,3.839682499365,0.));
#16147 = VECTOR('',#16148,1.);
#16148 = DIRECTION('',(-1.,0.,0.));
#16149 = ORIENTED_EDGE('',*,*,#16150,.T.);
#16150 = EDGE_CURVE('',#16143,#16151,#16153,.T.);
#16151 = VERTEX_POINT('',#16152);
#16152 = CARTESIAN_POINT('',(-3.865379730759E-02,3.786685293371,0.));
#16153 = LINE('',#16154,#16155);
#16154 = CARTESIAN_POINT('',(-3.865379730759E-02,3.839682499365,0.));
#16155 = VECTOR('',#16156,1.);
#16156 = DIRECTION('',(0.,-1.,0.));
#16157 = ORIENTED_EDGE('',*,*,#16158,.T.);
#16158 = EDGE_CURVE('',#16151,#16159,#16161,.T.);
#16159 = VERTEX_POINT('',#16160);
#16160 = CARTESIAN_POINT('',(-1.478658877318,3.786685293371,0.));
#16161 = CIRCLE('',#16162,0.720002540005);
#16162 = AXIS2_PLACEMENT_3D('',#16163,#16164,#16165);
#16163 = CARTESIAN_POINT('',(-0.758656337313,3.786685293371,0.));
#16164 = DIRECTION('',(-0.,0.,-1.));
#16165 = DIRECTION('',(1.,-1.110223024625E-16,-0.));
#16166 = ORIENTED_EDGE('',*,*,#16167,.T.);
#16167 = EDGE_CURVE('',#16159,#16168,#16170,.T.);
#16168 = VERTEX_POINT('',#16169);
#16169 = CARTESIAN_POINT('',(-1.478658877318,4.14668021336,0.));
#16170 = LINE('',#16171,#16172);
#16171 = CARTESIAN_POINT('',(-1.478658877318,3.786685293371,0.));
#16172 = VECTOR('',#16173,1.);
#16173 = DIRECTION('',(6.167992729767E-16,1.,0.));
#16174 = ORIENTED_EDGE('',*,*,#16175,.T.);
#16175 = EDGE_CURVE('',#16168,#16176,#16178,.T.);
#16176 = VERTEX_POINT('',#16177);
#16177 = CARTESIAN_POINT('',(-3.865379730759E-02,4.14668021336,0.));
#16178 = CIRCLE('',#16179,0.720002540005);
#16179 = AXIS2_PLACEMENT_3D('',#16180,#16181,#16182);
#16180 = CARTESIAN_POINT('',(-0.758656337313,4.14668021336,0.));
#16181 = DIRECTION('',(0.,0.,-1.));
#16182 = DIRECTION('',(-1.,1.110223024625E-16,0.));
#16183 = ORIENTED_EDGE('',*,*,#16184,.T.);
#16184 = EDGE_CURVE('',#16176,#16185,#16187,.T.);
#16185 = VERTEX_POINT('',#16186);
#16186 = CARTESIAN_POINT('',(-3.865379730759E-02,4.093683007366,0.));
#16187 = LINE('',#16188,#16189);
#16188 = CARTESIAN_POINT('',(-3.865379730759E-02,4.14668021336,0.));
#16189 = VECTOR('',#16190,1.);
#16190 = DIRECTION('',(1.702082573189E-15,-1.,0.));
#16191 = ORIENTED_EDGE('',*,*,#16192,.T.);
#16192 = EDGE_CURVE('',#16185,#16193,#16195,.T.);
#16193 = VERTEX_POINT('',#16194);
#16194 = CARTESIAN_POINT('',(0.188544577089,4.093683007366,0.));
#16195 = LINE('',#16196,#16197);
#16196 = CARTESIAN_POINT('',(-3.865379730759E-02,4.093683007366,0.));
#16197 = VECTOR('',#16198,1.);
#16198 = DIRECTION('',(1.,0.,0.));
#16199 = ORIENTED_EDGE('',*,*,#16200,.T.);
#16200 = EDGE_CURVE('',#16193,#16201,#16203,.T.);
#16201 = VERTEX_POINT('',#16202);
#16202 = CARTESIAN_POINT('',(0.278347317905,4.056485494182,0.));
#16203 = CIRCLE('',#16204,0.127000254001);
#16204 = AXIS2_PLACEMENT_3D('',#16205,#16206,#16207);
#16205 = CARTESIAN_POINT('',(0.188544577089,3.966682753366,0.));
#16206 = DIRECTION('',(0.,0.,-1.));
#16207 = DIRECTION('',(4.354575616148E-15,1.,0.));
#16208 = ORIENTED_EDGE('',*,*,#16209,.T.);
#16209 = EDGE_CURVE('',#16201,#16210,#16212,.T.);
#16210 = VERTEX_POINT('',#16211);
#16211 = CARTESIAN_POINT('',(1.420151582725,2.914681229362,0.));
#16212 = LINE('',#16213,#16214);
#16213 = CARTESIAN_POINT('',(0.278347317905,4.056485494182,0.));
#16214 = VECTOR('',#16215,1.);
#16215 = DIRECTION('',(0.707106781187,-0.707106781187,0.));
#16216 = ORIENTED_EDGE('',*,*,#16217,.T.);
#16217 = EDGE_CURVE('',#16210,#16218,#16220,.T.);
#16218 = VERTEX_POINT('',#16219);
#16219 = CARTESIAN_POINT('',(2.64030988062,2.914681229362,0.));
#16220 = LINE('',#16221,#16222);
#16221 = CARTESIAN_POINT('',(1.420151582725,2.914681229362,0.));
#16222 = VECTOR('',#16223,1.);
#16223 = DIRECTION('',(1.,0.,0.));
#16224 = ORIENTED_EDGE('',*,*,#16225,.T.);
#16225 = EDGE_CURVE('',#16218,#16226,#16228,.T.);
#16226 = VERTEX_POINT('',#16227);
#16227 = CARTESIAN_POINT('',(2.730112621436,2.877483716178,0.));
#16228 = CIRCLE('',#16229,0.127000254001);
#16229 = AXIS2_PLACEMENT_3D('',#16230,#16231,#16232);
#16230 = CARTESIAN_POINT('',(2.64030988062,2.787680975362,0.));
#16231 = DIRECTION('',(0.,0.,-1.));
#16232 = DIRECTION('',(1.713275652255E-15,1.,0.));
#16233 = ORIENTED_EDGE('',*,*,#16234,.T.);
#16234 = EDGE_CURVE('',#16226,#16235,#16237,.T.);
#16235 = VERTEX_POINT('',#16236);
#16236 = CARTESIAN_POINT('',(8.892049352761,-3.284453015147,0.));
#16237 = LINE('',#16238,#16239);
#16238 = CARTESIAN_POINT('',(2.730112621436,2.877483716178,0.));
#16239 = VECTOR('',#16240,1.);
#16240 = DIRECTION('',(0.707106781187,-0.707106781187,0.));
#16241 = ORIENTED_EDGE('',*,*,#16242,.T.);
#16242 = EDGE_CURVE('',#16235,#16243,#16245,.T.);
#16243 = VERTEX_POINT('',#16244);
#16244 = CARTESIAN_POINT('',(10.121366522733,-3.793375666751,0.));
#16245 = CIRCLE('',#16246,0.720002540005);
#16246 = AXIS2_PLACEMENT_3D('',#16247,#16248,#16249);
#16247 = CARTESIAN_POINT('',(9.401363982728,-3.793375666751,0.));
#16248 = DIRECTION('',(0.,0.,-1.));
#16249 = DIRECTION('',(-0.707378935029,0.706834522557,0.));
#16250 = ORIENTED_EDGE('',*,*,#16251,.T.);
#16251 = EDGE_CURVE('',#16243,#16252,#16254,.T.);
#16252 = VERTEX_POINT('',#16253);
#16253 = CARTESIAN_POINT('',(10.121366522733,-4.153370586741,0.));
#16254 = LINE('',#16255,#16256);
#16255 = CARTESIAN_POINT('',(10.121366522733,-3.793375666751,0.));
#16256 = VECTOR('',#16257,1.);
#16257 = DIRECTION('',(0.,-1.,0.));
#16258 = ORIENTED_EDGE('',*,*,#16259,.T.);
#16259 = EDGE_CURVE('',#16252,#16260,#16262,.T.);
#16260 = VERTEX_POINT('',#16261);
#16261 = CARTESIAN_POINT('',(8.681361442723,-4.153370586741,0.));
#16262 = CIRCLE('',#16263,0.720002540005);
#16263 = AXIS2_PLACEMENT_3D('',#16264,#16265,#16266);
#16264 = CARTESIAN_POINT('',(9.401363982728,-4.153370586741,0.));
#16265 = DIRECTION('',(-0.,0.,-1.));
#16266 = DIRECTION('',(1.,-1.110223024625E-16,-0.));
#16267 = ORIENTED_EDGE('',*,*,#16268,.T.);
#16268 = EDGE_CURVE('',#16260,#16099,#16269,.T.);
#16269 = LINE('',#16270,#16271);
#16270 = CARTESIAN_POINT('',(8.681361442723,-4.153370586741,0.));
#16271 = VECTOR('',#16272,1.);
#16272 = DIRECTION('',(0.,1.,0.));
#16273 = FACE_BOUND('',#16274,.T.);
#16274 = EDGE_LOOP('',(#16275,#16286));
#16275 = ORIENTED_EDGE('',*,*,#16276,.T.);
#16276 = EDGE_CURVE('',#16277,#16279,#16281,.T.);
#16277 = VERTEX_POINT('',#16278);
#16278 = CARTESIAN_POINT('',(9.001338582677,-3.973347726695,0.));
#16279 = VERTEX_POINT('',#16280);
#16280 = CARTESIAN_POINT('',(9.801338582677,-3.973347726695,0.));
#16281 = CIRCLE('',#16282,0.4);
#16282 = AXIS2_PLACEMENT_3D('',#16283,#16284,#16285);
#16283 = CARTESIAN_POINT('',(9.401338582677,-3.973347726695,0.));
#16284 = DIRECTION('',(0.,0.,1.));
#16285 = DIRECTION('',(-1.,-1.110223024625E-16,0.));
#16286 = ORIENTED_EDGE('',*,*,#16287,.T.);
#16287 = EDGE_CURVE('',#16279,#16277,#16288,.T.);
#16288 = CIRCLE('',#16289,0.4);
#16289 = AXIS2_PLACEMENT_3D('',#16290,#16291,#16292);
#16290 = CARTESIAN_POINT('',(9.401338582677,-3.973347726695,0.));
#16291 = DIRECTION('',(0.,0.,1.));
#16292 = DIRECTION('',(1.,1.110223024625E-16,-0.));
#16293 = FACE_BOUND('',#16294,.T.);
#16294 = EDGE_LOOP('',(#16295,#16306));
#16295 = ORIENTED_EDGE('',*,*,#16296,.T.);
#16296 = EDGE_CURVE('',#16297,#16299,#16301,.T.);
#16297 = VERTEX_POINT('',#16298);
#16298 = CARTESIAN_POINT('',(-1.158656337313,3.966657353315,0.));
#16299 = VERTEX_POINT('',#16300);
#16300 = CARTESIAN_POINT('',(-0.358656337313,3.966657353315,0.));
#16301 = CIRCLE('',#16302,0.4);
#16302 = AXIS2_PLACEMENT_3D('',#16303,#16304,#16305);
#16303 = CARTESIAN_POINT('',(-0.758656337313,3.966657353315,0.));
#16304 = DIRECTION('',(0.,0.,1.));
#16305 = DIRECTION('',(-1.,-1.110223024625E-16,0.));
#16306 = ORIENTED_EDGE('',*,*,#16307,.T.);
#16307 = EDGE_CURVE('',#16299,#16297,#16308,.T.);
#16308 = CIRCLE('',#16309,0.4);
#16309 = AXIS2_PLACEMENT_3D('',#16310,#16311,#16312);
#16310 = CARTESIAN_POINT('',(-0.758656337313,3.966657353315,0.));
#16311 = DIRECTION('',(0.,0.,1.));
#16312 = DIRECTION('',(1.,1.110223024625E-16,-0.));
#16313 = PLANE('',#16314);
#16314 = AXIS2_PLACEMENT_3D('',#16315,#16316,#16317);
#16315 = CARTESIAN_POINT('',(4.477852504276,0.435224283008,0.));
#16316 = DIRECTION('',(-0.,-0.,-1.));
#16317 = DIRECTION('',(-1.,0.,0.));
#16318 = SHELL_BASED_SURFACE_MODEL('',(#16319));
#16319 = OPEN_SHELL('',(#16320));
#16320 = ADVANCED_FACE('',(#16321,#16357),#16377,.T.);
#16321 = FACE_BOUND('',#16322,.T.);
#16322 = EDGE_LOOP('',(#16323,#16334,#16342,#16351));
#16323 = ORIENTED_EDGE('',*,*,#16324,.T.);
#16324 = EDGE_CURVE('',#16325,#16327,#16329,.T.);
#16325 = VERTEX_POINT('',#16326);
#16326 = CARTESIAN_POINT('',(-1.478658877318,-3.793375666751,0.));
#16327 = VERTEX_POINT('',#16328);
#16328 = CARTESIAN_POINT('',(-3.865379730759E-02,-3.793375666751,0.));
#16329 = CIRCLE('',#16330,0.720002540005);
#16330 = AXIS2_PLACEMENT_3D('',#16331,#16332,#16333);
#16331 = CARTESIAN_POINT('',(-0.758656337313,-3.793375666751,0.));
#16332 = DIRECTION('',(0.,0.,-1.));
#16333 = DIRECTION('',(-1.,1.110223024625E-16,0.));
#16334 = ORIENTED_EDGE('',*,*,#16335,.T.);
#16335 = EDGE_CURVE('',#16327,#16336,#16338,.T.);
#16336 = VERTEX_POINT('',#16337);
#16337 = CARTESIAN_POINT('',(-3.865379730759E-02,-4.153370586741,0.));
#16338 = LINE('',#16339,#16340);
#16339 = CARTESIAN_POINT('',(-3.865379730759E-02,-3.793375666751,0.));
#16340 = VECTOR('',#16341,1.);
#16341 = DIRECTION('',(0.,-1.,0.));
#16342 = ORIENTED_EDGE('',*,*,#16343,.T.);
#16343 = EDGE_CURVE('',#16336,#16344,#16346,.T.);
#16344 = VERTEX_POINT('',#16345);
#16345 = CARTESIAN_POINT('',(-1.478658877318,-4.153370586741,0.));
#16346 = CIRCLE('',#16347,0.720002540005);
#16347 = AXIS2_PLACEMENT_3D('',#16348,#16349,#16350);
#16348 = CARTESIAN_POINT('',(-0.758656337313,-4.153370586741,0.));
#16349 = DIRECTION('',(-0.,0.,-1.));
#16350 = DIRECTION('',(1.,-1.110223024625E-16,-0.));
#16351 = ORIENTED_EDGE('',*,*,#16352,.T.);
#16352 = EDGE_CURVE('',#16344,#16325,#16353,.T.);
#16353 = LINE('',#16354,#16355);
#16354 = CARTESIAN_POINT('',(-1.478658877318,-4.153370586741,0.));
#16355 = VECTOR('',#16356,1.);
#16356 = DIRECTION('',(6.167992729767E-16,1.,0.));
#16357 = FACE_BOUND('',#16358,.T.);
#16358 = EDGE_LOOP('',(#16359,#16370));
#16359 = ORIENTED_EDGE('',*,*,#16360,.T.);
#16360 = EDGE_CURVE('',#16361,#16363,#16365,.T.);
#16361 = VERTEX_POINT('',#16362);
#16362 = CARTESIAN_POINT('',(-1.158656337313,-3.973347726695,0.));
#16363 = VERTEX_POINT('',#16364);
#16364 = CARTESIAN_POINT('',(-0.358656337313,-3.973347726695,0.));
#16365 = CIRCLE('',#16366,0.4);
#16366 = AXIS2_PLACEMENT_3D('',#16367,#16368,#16369);
#16367 = CARTESIAN_POINT('',(-0.758656337313,-3.973347726695,0.));
#16368 = DIRECTION('',(0.,0.,1.));
#16369 = DIRECTION('',(-1.,-1.110223024625E-16,0.));
#16370 = ORIENTED_EDGE('',*,*,#16371,.T.);
#16371 = EDGE_CURVE('',#16363,#16361,#16372,.T.);
#16372 = CIRCLE('',#16373,0.4);
#16373 = AXIS2_PLACEMENT_3D('',#16374,#16375,#16376);
#16374 = CARTESIAN_POINT('',(-0.758656337313,-3.973347726695,0.));
#16375 = DIRECTION('',(0.,0.,1.));
#16376 = DIRECTION('',(1.,1.110223024625E-16,-0.));
#16377 = PLANE('',#16378);
#16378 = AXIS2_PLACEMENT_3D('',#16379,#16380,#16381);
#16379 = CARTESIAN_POINT('',(-0.758656337313,-3.973373126746,0.));
#16380 = DIRECTION('',(-0.,-0.,-1.));
#16381 = DIRECTION('',(-1.,0.,0.));
#16382 = SHELL_BASED_SURFACE_MODEL('',(#16383));
#16383 = OPEN_SHELL('',(#16384));
#16384 = ADVANCED_FACE('',(#16385,#16421),#16441,.T.);
#16385 = FACE_BOUND('',#16386,.T.);
#16386 = EDGE_LOOP('',(#16387,#16398,#16406,#16415));
#16387 = ORIENTED_EDGE('',*,*,#16388,.T.);
#16388 = EDGE_CURVE('',#16389,#16391,#16393,.T.);
#16389 = VERTEX_POINT('',#16390);
#16390 = CARTESIAN_POINT('',(1.061346202692,4.14668021336,0.));
#16391 = VERTEX_POINT('',#16392);
#16392 = CARTESIAN_POINT('',(2.501351282703,4.14668021336,0.));
#16393 = CIRCLE('',#16394,0.720002540005);
#16394 = AXIS2_PLACEMENT_3D('',#16395,#16396,#16397);
#16395 = CARTESIAN_POINT('',(1.781348742697,4.14668021336,0.));
#16396 = DIRECTION('',(0.,0.,-1.));
#16397 = DIRECTION('',(-1.,1.110223024625E-16,0.));
#16398 = ORIENTED_EDGE('',*,*,#16399,.T.);
#16399 = EDGE_CURVE('',#16391,#16400,#16402,.T.);
#16400 = VERTEX_POINT('',#16401);
#16401 = CARTESIAN_POINT('',(2.501351282703,3.786685293371,0.));
#16402 = LINE('',#16403,#16404);
#16403 = CARTESIAN_POINT('',(2.501351282703,4.14668021336,0.));
#16404 = VECTOR('',#16405,1.);
#16405 = DIRECTION('',(0.,-1.,0.));
#16406 = ORIENTED_EDGE('',*,*,#16407,.T.);
#16407 = EDGE_CURVE('',#16400,#16408,#16410,.T.);
#16408 = VERTEX_POINT('',#16409);
#16409 = CARTESIAN_POINT('',(1.061346202692,3.786685293371,0.));
#16410 = CIRCLE('',#16411,0.720002540005);
#16411 = AXIS2_PLACEMENT_3D('',#16412,#16413,#16414);
#16412 = CARTESIAN_POINT('',(1.781348742697,3.786685293371,0.));
#16413 = DIRECTION('',(-0.,0.,-1.));
#16414 = DIRECTION('',(1.,-1.110223024625E-16,-0.));
#16415 = ORIENTED_EDGE('',*,*,#16416,.T.);
#16416 = EDGE_CURVE('',#16408,#16389,#16417,.T.);
#16417 = LINE('',#16418,#16419);
#16418 = CARTESIAN_POINT('',(1.061346202692,3.786685293371,0.));
#16419 = VECTOR('',#16420,1.);
#16420 = DIRECTION('',(0.,1.,0.));
#16421 = FACE_BOUND('',#16422,.T.);
#16422 = EDGE_LOOP('',(#16423,#16434));
#16423 = ORIENTED_EDGE('',*,*,#16424,.T.);
#16424 = EDGE_CURVE('',#16425,#16427,#16429,.T.);
#16425 = VERTEX_POINT('',#16426);
#16426 = CARTESIAN_POINT('',(1.381348742697,3.966657353315,0.));
#16427 = VERTEX_POINT('',#16428);
#16428 = CARTESIAN_POINT('',(2.181348742697,3.966657353315,0.));
#16429 = CIRCLE('',#16430,0.4);
#16430 = AXIS2_PLACEMENT_3D('',#16431,#16432,#16433);
#16431 = CARTESIAN_POINT('',(1.781348742697,3.966657353315,0.));
#16432 = DIRECTION('',(0.,0.,1.));
#16433 = DIRECTION('',(-1.,-1.110223024625E-16,0.));
#16434 = ORIENTED_EDGE('',*,*,#16435,.T.);
#16435 = EDGE_CURVE('',#16427,#16425,#16436,.T.);
#16436 = CIRCLE('',#16437,0.4);
#16437 = AXIS2_PLACEMENT_3D('',#16438,#16439,#16440);
#16438 = CARTESIAN_POINT('',(1.781348742697,3.966657353315,0.));
#16439 = DIRECTION('',(0.,0.,1.));
#16440 = DIRECTION('',(1.,1.110223024625E-16,-0.));
#16441 = PLANE('',#16442);
#16442 = AXIS2_PLACEMENT_3D('',#16443,#16444,#16445);
#16443 = CARTESIAN_POINT('',(1.781348742697,3.966682753366,0.));
#16444 = DIRECTION('',(-0.,-0.,-1.));
#16445 = DIRECTION('',(-1.,0.,0.));
#16446 = SHELL_BASED_SURFACE_MODEL('',(#16447));
#16447 = OPEN_SHELL('',(#16448));
#16448 = ADVANCED_FACE('',(#16449,#16528,#16548),#16568,.T.);
#16449 = FACE_BOUND('',#16450,.T.);
#16450 = EDGE_LOOP('',(#16451,#16461,#16470,#16478,#16487,#16495,#16504,
    #16512,#16521));
#16451 = ORIENTED_EDGE('',*,*,#16452,.T.);
#16452 = EDGE_CURVE('',#16453,#16455,#16457,.T.);
#16453 = VERTEX_POINT('',#16454);
#16454 = CARTESIAN_POINT('',(1.654348488697,-17.62822548601,0.));
#16455 = VERTEX_POINT('',#16456);
#16456 = CARTESIAN_POINT('',(1.654348488697,-4.862083923075,0.));
#16457 = LINE('',#16458,#16459);
#16458 = CARTESIAN_POINT('',(1.654348488697,-17.62822548601,0.));
#16459 = VECTOR('',#16460,1.);
#16460 = DIRECTION('',(-5.217972959887E-17,1.,0.));
#16461 = ORIENTED_EDGE('',*,*,#16462,.T.);
#16462 = EDGE_CURVE('',#16455,#16463,#16465,.T.);
#16463 = VERTEX_POINT('',#16464);
#16464 = CARTESIAN_POINT('',(1.061346202692,-4.153370586741,0.));
#16465 = CIRCLE('',#16466,0.720002540005);
#16466 = AXIS2_PLACEMENT_3D('',#16467,#16468,#16469);
#16467 = CARTESIAN_POINT('',(1.781348742697,-4.153370586741,0.));
#16468 = DIRECTION('',(0.,0.,-1.));
#16469 = DIRECTION('',(-0.176388619406,-0.98432060577,-0.));
#16470 = ORIENTED_EDGE('',*,*,#16471,.T.);
#16471 = EDGE_CURVE('',#16463,#16472,#16474,.T.);
#16472 = VERTEX_POINT('',#16473);
#16473 = CARTESIAN_POINT('',(1.061346202692,-3.793375666751,0.));
#16474 = LINE('',#16475,#16476);
#16475 = CARTESIAN_POINT('',(1.061346202692,-4.153370586741,0.));
#16476 = VECTOR('',#16477,1.);
#16477 = DIRECTION('',(0.,1.,0.));
#16478 = ORIENTED_EDGE('',*,*,#16479,.T.);
#16479 = EDGE_CURVE('',#16472,#16480,#16482,.T.);
#16480 = VERTEX_POINT('',#16481);
#16481 = CARTESIAN_POINT('',(2.501351282703,-3.793375666751,0.));
#16482 = CIRCLE('',#16483,0.720002540005);
#16483 = AXIS2_PLACEMENT_3D('',#16484,#16485,#16486);
#16484 = CARTESIAN_POINT('',(1.781348742697,-3.793375666751,0.));
#16485 = DIRECTION('',(0.,0.,-1.));
#16486 = DIRECTION('',(-1.,1.110223024625E-16,0.));
#16487 = ORIENTED_EDGE('',*,*,#16488,.T.);
#16488 = EDGE_CURVE('',#16480,#16489,#16491,.T.);
#16489 = VERTEX_POINT('',#16490);
#16490 = CARTESIAN_POINT('',(2.501351282703,-4.153370586741,0.));
#16491 = LINE('',#16492,#16493);
#16492 = CARTESIAN_POINT('',(2.501351282703,-3.793375666751,0.));
#16493 = VECTOR('',#16494,1.);
#16494 = DIRECTION('',(0.,-1.,0.));
#16495 = ORIENTED_EDGE('',*,*,#16496,.T.);
#16496 = EDGE_CURVE('',#16489,#16497,#16499,.T.);
#16497 = VERTEX_POINT('',#16498);
#16498 = CARTESIAN_POINT('',(1.908348996698,-4.862083923075,0.));
#16499 = CIRCLE('',#16500,0.720002540005);
#16500 = AXIS2_PLACEMENT_3D('',#16501,#16502,#16503);
#16501 = CARTESIAN_POINT('',(1.781348742697,-4.153370586741,0.));
#16502 = DIRECTION('',(0.,0.,-1.));
#16503 = DIRECTION('',(1.,-1.802151480632E-16,0.));
#16504 = ORIENTED_EDGE('',*,*,#16505,.T.);
#16505 = EDGE_CURVE('',#16497,#16506,#16508,.T.);
#16506 = VERTEX_POINT('',#16507);
#16507 = CARTESIAN_POINT('',(1.908348996698,-17.63128984257,0.));
#16508 = LINE('',#16509,#16510);
#16509 = CARTESIAN_POINT('',(1.908348996698,-4.862083923075,0.));
#16510 = VECTOR('',#16511,1.);
#16511 = DIRECTION('',(1.043344149941E-16,-1.,0.));
#16512 = ORIENTED_EDGE('',*,*,#16513,.T.);
#16513 = EDGE_CURVE('',#16506,#16514,#16516,.T.);
#16514 = VERTEX_POINT('',#16515);
#16515 = CARTESIAN_POINT('',(1.774324175042,-18.21201489017,0.));
#16516 = CIRCLE('',#16517,0.305001270003);
#16517 = AXIS2_PLACEMENT_3D('',#16518,#16519,#16520);
#16518 = CARTESIAN_POINT('',(1.778003556007,-17.90703581407,0.));
#16519 = DIRECTION('',(0.,0.,-1.));
#16520 = DIRECTION('',(0.427360321122,0.904081387891,0.));
#16521 = ORIENTED_EDGE('',*,*,#16522,.T.);
#16522 = EDGE_CURVE('',#16514,#16453,#16523,.T.);
#16523 = CIRCLE('',#16524,0.305001270003);
#16524 = AXIS2_PLACEMENT_3D('',#16525,#16526,#16527);
#16525 = CARTESIAN_POINT('',(1.778003556007,-17.90703581407,0.));
#16526 = DIRECTION('',(0.,0.,-1.));
#16527 = DIRECTION('',(-1.20634939149E-02,-0.99992723341,-0.));
#16528 = FACE_BOUND('',#16529,.T.);
#16529 = EDGE_LOOP('',(#16530,#16541));
#16530 = ORIENTED_EDGE('',*,*,#16531,.T.);
#16531 = EDGE_CURVE('',#16532,#16534,#16536,.T.);
#16532 = VERTEX_POINT('',#16533);
#16533 = CARTESIAN_POINT('',(1.625504191008,-17.90703581407,0.));
#16534 = VERTEX_POINT('',#16535);
#16535 = CARTESIAN_POINT('',(1.930502921006,-17.90703581407,0.));
#16536 = CIRCLE('',#16537,0.152499364999);
#16537 = AXIS2_PLACEMENT_3D('',#16538,#16539,#16540);
#16538 = CARTESIAN_POINT('',(1.778003556007,-17.90703581407,0.));
#16539 = DIRECTION('',(0.,0.,1.));
#16540 = DIRECTION('',(-1.,-1.110223024625E-16,0.));
#16541 = ORIENTED_EDGE('',*,*,#16542,.T.);
#16542 = EDGE_CURVE('',#16534,#16532,#16543,.T.);
#16543 = CIRCLE('',#16544,0.152499364999);
#16544 = AXIS2_PLACEMENT_3D('',#16545,#16546,#16547);
#16545 = CARTESIAN_POINT('',(1.778003556007,-17.90703581407,0.));
#16546 = DIRECTION('',(0.,0.,1.));
#16547 = DIRECTION('',(1.,1.110223024625E-16,-0.));
#16548 = FACE_BOUND('',#16549,.T.);
#16549 = EDGE_LOOP('',(#16550,#16561));
#16550 = ORIENTED_EDGE('',*,*,#16551,.T.);
#16551 = EDGE_CURVE('',#16552,#16554,#16556,.T.);
#16552 = VERTEX_POINT('',#16553);
#16553 = CARTESIAN_POINT('',(1.381348742697,-3.973347726695,0.));
#16554 = VERTEX_POINT('',#16555);
#16555 = CARTESIAN_POINT('',(2.181348742697,-3.973347726695,0.));
#16556 = CIRCLE('',#16557,0.4);
#16557 = AXIS2_PLACEMENT_3D('',#16558,#16559,#16560);
#16558 = CARTESIAN_POINT('',(1.781348742697,-3.973347726695,0.));
#16559 = DIRECTION('',(0.,0.,1.));
#16560 = DIRECTION('',(-1.,-1.110223024625E-16,0.));
#16561 = ORIENTED_EDGE('',*,*,#16562,.T.);
#16562 = EDGE_CURVE('',#16554,#16552,#16563,.T.);
#16563 = CIRCLE('',#16564,0.4);
#16564 = AXIS2_PLACEMENT_3D('',#16565,#16566,#16567);
#16565 = CARTESIAN_POINT('',(1.781348742697,-3.973347726695,0.));
#16566 = DIRECTION('',(0.,0.,1.));
#16567 = DIRECTION('',(1.,1.110223024625E-16,-0.));
#16568 = PLANE('',#16569);
#16569 = AXIS2_PLACEMENT_3D('',#16570,#16571,#16572);
#16570 = CARTESIAN_POINT('',(1.781167530485,-10.47139577359,0.));
#16571 = DIRECTION('',(-0.,-0.,-1.));
#16572 = DIRECTION('',(-1.,0.,0.));
#16573 = SHELL_BASED_SURFACE_MODEL('',(#16574));
#16574 = OPEN_SHELL('',(#16575));
#16575 = ADVANCED_FACE('',(#16576,#16612),#16632,.T.);
#16576 = FACE_BOUND('',#16577,.T.);
#16577 = EDGE_LOOP('',(#16578,#16589,#16597,#16606));
#16578 = ORIENTED_EDGE('',*,*,#16579,.T.);
#16579 = EDGE_CURVE('',#16580,#16582,#16584,.T.);
#16580 = VERTEX_POINT('',#16581);
#16581 = CARTESIAN_POINT('',(3.601351282703,4.14668021336,0.));
#16582 = VERTEX_POINT('',#16583);
#16583 = CARTESIAN_POINT('',(5.041356362713,4.14668021336,0.));
#16584 = CIRCLE('',#16585,0.720002540005);
#16585 = AXIS2_PLACEMENT_3D('',#16586,#16587,#16588);
#16586 = CARTESIAN_POINT('',(4.321353822708,4.14668021336,0.));
#16587 = DIRECTION('',(0.,0.,-1.));
#16588 = DIRECTION('',(-1.,1.110223024625E-16,0.));
#16589 = ORIENTED_EDGE('',*,*,#16590,.T.);
#16590 = EDGE_CURVE('',#16582,#16591,#16593,.T.);
#16591 = VERTEX_POINT('',#16592);
#16592 = CARTESIAN_POINT('',(5.041356362713,3.786685293371,0.));
#16593 = LINE('',#16594,#16595);
#16594 = CARTESIAN_POINT('',(5.041356362713,4.14668021336,0.));
#16595 = VECTOR('',#16596,1.);
#16596 = DIRECTION('',(0.,-1.,0.));
#16597 = ORIENTED_EDGE('',*,*,#16598,.T.);
#16598 = EDGE_CURVE('',#16591,#16599,#16601,.T.);
#16599 = VERTEX_POINT('',#16600);
#16600 = CARTESIAN_POINT('',(3.601351282703,3.786685293371,0.));
#16601 = CIRCLE('',#16602,0.720002540005);
#16602 = AXIS2_PLACEMENT_3D('',#16603,#16604,#16605);
#16603 = CARTESIAN_POINT('',(4.321353822708,3.786685293371,0.));
#16604 = DIRECTION('',(-0.,0.,-1.));
#16605 = DIRECTION('',(1.,-1.110223024625E-16,-0.));
#16606 = ORIENTED_EDGE('',*,*,#16607,.T.);
#16607 = EDGE_CURVE('',#16599,#16580,#16608,.T.);
#16608 = LINE('',#16609,#16610);
#16609 = CARTESIAN_POINT('',(3.601351282703,3.786685293371,0.));
#16610 = VECTOR('',#16611,1.);
#16611 = DIRECTION('',(-1.233598545953E-15,1.,0.));
#16612 = FACE_BOUND('',#16613,.T.);
#16613 = EDGE_LOOP('',(#16614,#16625));
#16614 = ORIENTED_EDGE('',*,*,#16615,.T.);
#16615 = EDGE_CURVE('',#16616,#16618,#16620,.T.);
#16616 = VERTEX_POINT('',#16617);
#16617 = CARTESIAN_POINT('',(3.921353822708,3.966657353315,0.));
#16618 = VERTEX_POINT('',#16619);
#16619 = CARTESIAN_POINT('',(4.721353822708,3.966657353315,0.));
#16620 = CIRCLE('',#16621,0.4);
#16621 = AXIS2_PLACEMENT_3D('',#16622,#16623,#16624);
#16622 = CARTESIAN_POINT('',(4.321353822708,3.966657353315,0.));
#16623 = DIRECTION('',(0.,0.,1.));
#16624 = DIRECTION('',(-1.,-1.110223024625E-16,0.));
#16625 = ORIENTED_EDGE('',*,*,#16626,.T.);
#16626 = EDGE_CURVE('',#16618,#16616,#16627,.T.);
#16627 = CIRCLE('',#16628,0.4);
#16628 = AXIS2_PLACEMENT_3D('',#16629,#16630,#16631);
#16629 = CARTESIAN_POINT('',(4.321353822708,3.966657353315,0.));
#16630 = DIRECTION('',(0.,0.,1.));
#16631 = DIRECTION('',(1.,1.110223024625E-16,-0.));
#16632 = PLANE('',#16633);
#16633 = AXIS2_PLACEMENT_3D('',#16634,#16635,#16636);
#16634 = CARTESIAN_POINT('',(4.321353822708,3.966682753366,0.));
#16635 = DIRECTION('',(-0.,-0.,-1.));
#16636 = DIRECTION('',(-1.,0.,0.));
#16637 = SHELL_BASED_SURFACE_MODEL('',(#16638));
#16638 = OPEN_SHELL('',(#16639));
#16639 = ADVANCED_FACE('',(#16640,#16719,#16739),#16759,.T.);
#16640 = FACE_BOUND('',#16641,.T.);
#16641 = EDGE_LOOP('',(#16642,#16652,#16660,#16669,#16678,#16686,#16695,
    #16703,#16712));
#16642 = ORIENTED_EDGE('',*,*,#16643,.T.);
#16643 = EDGE_CURVE('',#16644,#16646,#16648,.T.);
#16644 = VERTEX_POINT('',#16645);
#16645 = CARTESIAN_POINT('',(15.208145726114,-18.43575730375,0.));
#16646 = VERTEX_POINT('',#16647);
#16647 = CARTESIAN_POINT('',(10.234415346409,-13.46202692405,0.));
#16648 = LINE('',#16649,#16650);
#16649 = CARTESIAN_POINT('',(15.208145726114,-18.43575730375,0.));
#16650 = VECTOR('',#16651,1.);
#16651 = DIRECTION('',(-0.707106781187,0.707106781187,0.));
#16652 = ORIENTED_EDGE('',*,*,#16653,.T.);
#16653 = EDGE_CURVE('',#16646,#16654,#16656,.T.);
#16654 = VERTEX_POINT('',#16655);
#16655 = CARTESIAN_POINT('',(5.865313736752,-13.46202692405,0.));
#16656 = LINE('',#16657,#16658);
#16657 = CARTESIAN_POINT('',(10.234415346409,-13.46202692405,0.));
#16658 = VECTOR('',#16659,1.);
#16659 = DIRECTION('',(-1.,0.,0.));
#16660 = ORIENTED_EDGE('',*,*,#16661,.T.);
#16661 = EDGE_CURVE('',#16654,#16662,#16664,.T.);
#16662 = VERTEX_POINT('',#16663);
#16663 = CARTESIAN_POINT('',(5.28300990602,-13.33502667005,0.));
#16664 = CIRCLE('',#16665,0.305001270003);
#16665 = AXIS2_PLACEMENT_3D('',#16666,#16667,#16668);
#16666 = CARTESIAN_POINT('',(5.588011176022,-13.33502667005,0.));
#16667 = DIRECTION('',(-0.,0.,-1.));
#16668 = DIRECTION('',(0.909184937908,-0.416392541577,-0.));
#16669 = ORIENTED_EDGE('',*,*,#16670,.T.);
#16670 = EDGE_CURVE('',#16662,#16671,#16673,.T.);
#16671 = VERTEX_POINT('',#16672);
#16672 = CARTESIAN_POINT('',(5.865313736752,-13.20802641605,0.));
#16673 = CIRCLE('',#16674,0.305001270003);
#16674 = AXIS2_PLACEMENT_3D('',#16675,#16676,#16677);
#16675 = CARTESIAN_POINT('',(5.588011176022,-13.33502667005,0.));
#16676 = DIRECTION('',(0.,0.,-1.));
#16677 = DIRECTION('',(-1.,-8.382664762634E-16,-0.));
#16678 = ORIENTED_EDGE('',*,*,#16679,.T.);
#16679 = EDGE_CURVE('',#16671,#16680,#16682,.T.);
#16680 = VERTEX_POINT('',#16681);
#16681 = CARTESIAN_POINT('',(10.287020574041,-13.20802641605,0.));
#16682 = LINE('',#16683,#16684);
#16683 = CARTESIAN_POINT('',(5.865313736752,-13.20802641605,0.));
#16684 = VECTOR('',#16685,1.);
#16685 = DIRECTION('',(1.,0.,0.));
#16686 = ORIENTED_EDGE('',*,*,#16687,.T.);
#16687 = EDGE_CURVE('',#16680,#16688,#16690,.T.);
#16688 = VERTEX_POINT('',#16689);
#16689 = CARTESIAN_POINT('',(10.376823314857,-13.24522392923,0.));
#16690 = CIRCLE('',#16691,0.127000254001);
#16691 = AXIS2_PLACEMENT_3D('',#16692,#16693,#16694);
#16692 = CARTESIAN_POINT('',(10.287020574041,-13.33502667005,0.));
#16693 = DIRECTION('',(0.,0.,-1.));
#16694 = DIRECTION('',(-8.637764746784E-15,1.,0.));
#16695 = ORIENTED_EDGE('',*,*,#16696,.T.);
#16696 = EDGE_CURVE('',#16688,#16697,#16699,.T.);
#16697 = VERTEX_POINT('',#16698);
#16698 = CARTESIAN_POINT('',(15.387751207746,-18.25615182212,0.));
#16699 = LINE('',#16700,#16701);
#16700 = CARTESIAN_POINT('',(10.376823314857,-13.24522392923,0.));
#16701 = VECTOR('',#16702,1.);
#16702 = DIRECTION('',(0.707106781187,-0.707106781187,0.));
#16703 = ORIENTED_EDGE('',*,*,#16704,.T.);
#16704 = EDGE_CURVE('',#16697,#16705,#16707,.T.);
#16705 = VERTEX_POINT('',#16706);
#16706 = CARTESIAN_POINT('',(15.709699454351,-18.75770555036,0.));
#16707 = CIRCLE('',#16708,0.305001270003);
#16708 = AXIS2_PLACEMENT_3D('',#16709,#16710,#16711);
#16709 = CARTESIAN_POINT('',(15.494030988062,-18.54203708407,0.));
#16710 = DIRECTION('',(0.,0.,-1.));
#16711 = DIRECTION('',(-0.348456845163,0.937324824732,0.));
#16712 = ORIENTED_EDGE('',*,*,#16713,.T.);
#16713 = EDGE_CURVE('',#16705,#16644,#16714,.T.);
#16714 = CIRCLE('',#16715,0.305001270003);
#16715 = AXIS2_PLACEMENT_3D('',#16716,#16717,#16718);
#16716 = CARTESIAN_POINT('',(15.494030988062,-18.54203708407,0.));
#16717 = DIRECTION('',(-0.,0.,-1.));
#16718 = DIRECTION('',(0.707106781187,-0.707106781187,-0.));
#16719 = FACE_BOUND('',#16720,.T.);
#16720 = EDGE_LOOP('',(#16721,#16732));
#16721 = ORIENTED_EDGE('',*,*,#16722,.T.);
#16722 = EDGE_CURVE('',#16723,#16725,#16727,.T.);
#16723 = VERTEX_POINT('',#16724);
#16724 = CARTESIAN_POINT('',(15.341531623063,-18.54203708407,0.));
#16725 = VERTEX_POINT('',#16726);
#16726 = CARTESIAN_POINT('',(15.646530353061,-18.54203708407,0.));
#16727 = CIRCLE('',#16728,0.152499364999);
#16728 = AXIS2_PLACEMENT_3D('',#16729,#16730,#16731);
#16729 = CARTESIAN_POINT('',(15.494030988062,-18.54203708407,0.));
#16730 = DIRECTION('',(0.,0.,1.));
#16731 = DIRECTION('',(-1.,-1.110223024625E-16,0.));
#16732 = ORIENTED_EDGE('',*,*,#16733,.T.);
#16733 = EDGE_CURVE('',#16725,#16723,#16734,.T.);
#16734 = CIRCLE('',#16735,0.152499364999);
#16735 = AXIS2_PLACEMENT_3D('',#16736,#16737,#16738);
#16736 = CARTESIAN_POINT('',(15.494030988062,-18.54203708407,0.));
#16737 = DIRECTION('',(0.,0.,1.));
#16738 = DIRECTION('',(1.,1.110223024625E-16,-0.));
#16739 = FACE_BOUND('',#16740,.T.);
#16740 = EDGE_LOOP('',(#16741,#16752));
#16741 = ORIENTED_EDGE('',*,*,#16742,.T.);
#16742 = EDGE_CURVE('',#16743,#16745,#16747,.T.);
#16743 = VERTEX_POINT('',#16744);
#16744 = CARTESIAN_POINT('',(5.435511811024,-13.33502667005,0.));
#16745 = VERTEX_POINT('',#16746);
#16746 = CARTESIAN_POINT('',(5.740510541021,-13.33502667005,0.));
#16747 = CIRCLE('',#16748,0.152499364999);
#16748 = AXIS2_PLACEMENT_3D('',#16749,#16750,#16751);
#16749 = CARTESIAN_POINT('',(5.588011176022,-13.33502667005,0.));
#16750 = DIRECTION('',(0.,0.,1.));
#16751 = DIRECTION('',(-1.,-1.110223024625E-16,0.));
#16752 = ORIENTED_EDGE('',*,*,#16753,.T.);
#16753 = EDGE_CURVE('',#16745,#16743,#16754,.T.);
#16754 = CIRCLE('',#16755,0.152499364999);
#16755 = AXIS2_PLACEMENT_3D('',#16756,#16757,#16758);
#16756 = CARTESIAN_POINT('',(5.588011176022,-13.33502667005,0.));
#16757 = DIRECTION('',(0.,0.,1.));
#16758 = DIRECTION('',(1.,1.110223024625E-16,-0.));
#16759 = PLANE('',#16760);
#16760 = AXIS2_PLACEMENT_3D('',#16761,#16762,#16763);
#16761 = CARTESIAN_POINT('',(10.926523185061,-15.00855312941,0.));
#16762 = DIRECTION('',(-0.,-0.,-1.));
#16763 = DIRECTION('',(-1.,0.,0.));
#16764 = SHELL_BASED_SURFACE_MODEL('',(#16765));
#16765 = OPEN_SHELL('',(#16766));
#16766 = ADVANCED_FACE('',(#16767,#16995,#17015),#17035,.T.);
#16767 = FACE_BOUND('',#16768,.T.);
#16768 = EDGE_LOOP('',(#16769,#16779,#16787,#16796,#16804,#16812,#16820,
    #16829,#16838,#16846,#16855,#16863,#16872,#16880,#16888,#16897,
    #16905,#16914,#16922,#16930,#16938,#16947,#16955,#16964,#16972,
    #16980,#16989));
#16769 = ORIENTED_EDGE('',*,*,#16770,.T.);
#16770 = EDGE_CURVE('',#16771,#16773,#16775,.T.);
#16771 = VERTEX_POINT('',#16772);
#16772 = CARTESIAN_POINT('',(9.040166822755,-5.025374650749,0.));
#16773 = VERTEX_POINT('',#16774);
#16774 = CARTESIAN_POINT('',(10.416051109681,-5.025374650749,0.));
#16775 = LINE('',#16776,#16777);
#16776 = CARTESIAN_POINT('',(9.040166822755,-5.025374650749,0.));
#16777 = VECTOR('',#16778,1.);
#16778 = DIRECTION('',(1.,0.,0.));
#16779 = ORIENTED_EDGE('',*,*,#16780,.T.);
#16780 = EDGE_CURVE('',#16773,#16781,#16783,.T.);
#16781 = VERTEX_POINT('',#16782);
#16782 = CARTESIAN_POINT('',(19.468236375262,4.026810614832,0.));
#16783 = LINE('',#16784,#16785);
#16784 = CARTESIAN_POINT('',(10.416051109681,-5.025374650749,0.));
#16785 = VECTOR('',#16786,1.);
#16786 = DIRECTION('',(0.707106781187,0.707106781187,0.));
#16787 = ORIENTED_EDGE('',*,*,#16788,.T.);
#16788 = EDGE_CURVE('',#16781,#16789,#16791,.T.);
#16789 = VERTEX_POINT('',#16790);
#16790 = CARTESIAN_POINT('',(19.558039116078,4.064008128016,0.));
#16791 = CIRCLE('',#16792,0.127000254001);
#16792 = AXIS2_PLACEMENT_3D('',#16793,#16794,#16795);
#16793 = CARTESIAN_POINT('',(19.558039116078,3.937007874016,0.));
#16794 = DIRECTION('',(0.,0.,-1.));
#16795 = DIRECTION('',(-0.707106781187,0.707106781187,0.));
#16796 = ORIENTED_EDGE('',*,*,#16797,.T.);
#16797 = EDGE_CURVE('',#16789,#16798,#16800,.T.);
#16798 = VERTEX_POINT('',#16799);
#16799 = CARTESIAN_POINT('',(24.585444048467,4.064008128016,0.));
#16800 = LINE('',#16801,#16802);
#16801 = CARTESIAN_POINT('',(19.558039116078,4.064008128016,0.));
#16802 = VECTOR('',#16803,1.);
#16803 = DIRECTION('',(1.,0.,0.));
#16804 = ORIENTED_EDGE('',*,*,#16805,.T.);
#16805 = EDGE_CURVE('',#16798,#16806,#16808,.T.);
#16806 = VERTEX_POINT('',#16807);
#16807 = CARTESIAN_POINT('',(34.290068580137,13.768632659687,0.));
#16808 = LINE('',#16809,#16810);
#16809 = CARTESIAN_POINT('',(24.585444048467,4.064008128016,0.));
#16810 = VECTOR('',#16811,1.);
#16811 = DIRECTION('',(0.707106781187,0.707106781187,0.));
#16812 = ORIENTED_EDGE('',*,*,#16813,.T.);
#16813 = EDGE_CURVE('',#16806,#16814,#16816,.T.);
#16814 = VERTEX_POINT('',#16815);
#16815 = CARTESIAN_POINT('',(34.290068580137,16.105730205336,0.));
#16816 = LINE('',#16817,#16818);
#16817 = CARTESIAN_POINT('',(34.290068580137,13.768632659687,0.));
#16818 = VECTOR('',#16819,1.);
#16819 = DIRECTION('',(0.,1.,0.));
#16820 = ORIENTED_EDGE('',*,*,#16821,.T.);
#16821 = EDGE_CURVE('',#16814,#16822,#16824,.T.);
#16822 = VERTEX_POINT('',#16823);
#16823 = CARTESIAN_POINT('',(34.417068834138,16.688034036068,0.));
#16824 = CIRCLE('',#16825,0.305001270003);
#16825 = AXIS2_PLACEMENT_3D('',#16826,#16827,#16828);
#16826 = CARTESIAN_POINT('',(34.417068834138,16.383032766066,0.));
#16827 = DIRECTION('',(0.,0.,-1.));
#16828 = DIRECTION('',(-0.416392541577,-0.909184937908,-0.));
#16829 = ORIENTED_EDGE('',*,*,#16830,.T.);
#16830 = EDGE_CURVE('',#16822,#16831,#16833,.T.);
#16831 = VERTEX_POINT('',#16832);
#16832 = CARTESIAN_POINT('',(34.544069088138,16.105730205336,0.));
#16833 = CIRCLE('',#16834,0.305001270003);
#16834 = AXIS2_PLACEMENT_3D('',#16835,#16836,#16837);
#16835 = CARTESIAN_POINT('',(34.417068834138,16.383032766066,0.));
#16836 = DIRECTION('',(0.,0.,-1.));
#16837 = DIRECTION('',(3.56263252412E-15,1.,0.));
#16838 = ORIENTED_EDGE('',*,*,#16839,.T.);
#16839 = EDGE_CURVE('',#16831,#16840,#16842,.T.);
#16840 = VERTEX_POINT('',#16841);
#16841 = CARTESIAN_POINT('',(34.544069088138,13.716027432055,0.));
#16842 = LINE('',#16843,#16844);
#16843 = CARTESIAN_POINT('',(34.544069088138,16.105730205336,0.));
#16844 = VECTOR('',#16845,1.);
#16845 = DIRECTION('',(0.,-1.,0.));
#16846 = ORIENTED_EDGE('',*,*,#16847,.T.);
#16847 = EDGE_CURVE('',#16840,#16848,#16850,.T.);
#16848 = VERTEX_POINT('',#16849);
#16849 = CARTESIAN_POINT('',(34.506871574954,13.626224691239,0.));
#16850 = CIRCLE('',#16851,0.127000254001);
#16851 = AXIS2_PLACEMENT_3D('',#16852,#16853,#16854);
#16852 = CARTESIAN_POINT('',(34.417068834138,13.716027432055,0.));
#16853 = DIRECTION('',(0.,0.,-1.));
#16854 = DIRECTION('',(1.,-2.584190775484E-14,0.));
#16855 = ORIENTED_EDGE('',*,*,#16856,.T.);
#16856 = EDGE_CURVE('',#16848,#16857,#16859,.T.);
#16857 = VERTEX_POINT('',#16858);
#16858 = CARTESIAN_POINT('',(24.727852016915,3.8472051332,0.));
#16859 = LINE('',#16860,#16861);
#16860 = CARTESIAN_POINT('',(34.506871574954,13.626224691239,0.));
#16861 = VECTOR('',#16862,1.);
#16862 = DIRECTION('',(-0.707106781187,-0.707106781187,0.));
#16863 = ORIENTED_EDGE('',*,*,#16864,.T.);
#16864 = EDGE_CURVE('',#16857,#16865,#16867,.T.);
#16865 = VERTEX_POINT('',#16866);
#16866 = CARTESIAN_POINT('',(24.638049276099,3.810007620015,0.));
#16867 = CIRCLE('',#16868,0.127000254001);
#16868 = AXIS2_PLACEMENT_3D('',#16869,#16870,#16871);
#16869 = CARTESIAN_POINT('',(24.638049276099,3.937007874016,0.));
#16870 = DIRECTION('',(0.,0.,-1.));
#16871 = DIRECTION('',(0.707106781187,-0.707106781187,0.));
#16872 = ORIENTED_EDGE('',*,*,#16873,.T.);
#16873 = EDGE_CURVE('',#16865,#16874,#16876,.T.);
#16874 = VERTEX_POINT('',#16875);
#16875 = CARTESIAN_POINT('',(19.61064434371,3.810007620015,0.));
#16876 = LINE('',#16877,#16878);
#16877 = CARTESIAN_POINT('',(24.638049276099,3.810007620015,0.));
#16878 = VECTOR('',#16879,1.);
#16879 = DIRECTION('',(-1.,8.833368623026E-17,0.));
#16880 = ORIENTED_EDGE('',*,*,#16881,.T.);
#16881 = EDGE_CURVE('',#16874,#16882,#16884,.T.);
#16882 = VERTEX_POINT('',#16883);
#16883 = CARTESIAN_POINT('',(10.558459078129,-5.242177645566,0.));
#16884 = LINE('',#16885,#16886);
#16885 = CARTESIAN_POINT('',(19.61064434371,3.810007620015,0.));
#16886 = VECTOR('',#16887,1.);
#16887 = DIRECTION('',(-0.707106781187,-0.707106781187,0.));
#16888 = ORIENTED_EDGE('',*,*,#16889,.T.);
#16889 = EDGE_CURVE('',#16882,#16890,#16892,.T.);
#16890 = VERTEX_POINT('',#16891);
#16891 = CARTESIAN_POINT('',(10.468656337313,-5.27937515875,0.));
#16892 = CIRCLE('',#16893,0.127000254001);
#16893 = AXIS2_PLACEMENT_3D('',#16894,#16895,#16896);
#16894 = CARTESIAN_POINT('',(10.468656337313,-5.15237490475,0.));
#16895 = DIRECTION('',(0.,0.,-1.));
#16896 = DIRECTION('',(0.707106781187,-0.707106781187,0.));
#16897 = ORIENTED_EDGE('',*,*,#16898,.T.);
#16898 = EDGE_CURVE('',#16890,#16899,#16901,.T.);
#16899 = VERTEX_POINT('',#16900);
#16900 = CARTESIAN_POINT('',(8.987561595123,-5.27937515875,0.));
#16901 = LINE('',#16902,#16903);
#16902 = CARTESIAN_POINT('',(10.468656337313,-5.27937515875,0.));
#16903 = VECTOR('',#16904,1.);
#16904 = DIRECTION('',(-1.,0.,0.));
#16905 = ORIENTED_EDGE('',*,*,#16906,.T.);
#16906 = EDGE_CURVE('',#16899,#16907,#16909,.T.);
#16907 = VERTEX_POINT('',#16908);
#16908 = CARTESIAN_POINT('',(8.897758854307,-5.242177645566,0.));
#16909 = CIRCLE('',#16910,0.127000254001);
#16910 = AXIS2_PLACEMENT_3D('',#16911,#16912,#16913);
#16911 = CARTESIAN_POINT('',(8.987561595123,-5.15237490475,0.));
#16912 = DIRECTION('',(-0.,0.,-1.));
#16913 = DIRECTION('',(1.234986199334E-14,-1.,-0.));
#16914 = ORIENTED_EDGE('',*,*,#16915,.T.);
#16915 = EDGE_CURVE('',#16907,#16916,#16918,.T.);
#16916 = VERTEX_POINT('',#16917);
#16917 = CARTESIAN_POINT('',(7.755954589488,-4.100373380747,0.));
#16918 = LINE('',#16919,#16920);
#16919 = CARTESIAN_POINT('',(8.897758854307,-5.242177645566,0.));
#16920 = VECTOR('',#16921,1.);
#16921 = DIRECTION('',(-0.707106781187,0.707106781187,0.));
#16922 = ORIENTED_EDGE('',*,*,#16923,.T.);
#16923 = EDGE_CURVE('',#16916,#16924,#16926,.T.);
#16924 = VERTEX_POINT('',#16925);
#16925 = CARTESIAN_POINT('',(7.581361442723,-4.100373380747,0.));
#16926 = LINE('',#16927,#16928);
#16927 = CARTESIAN_POINT('',(7.755954589488,-4.100373380747,0.));
#16928 = VECTOR('',#16929,1.);
#16929 = DIRECTION('',(-1.,0.,0.));
#16930 = ORIENTED_EDGE('',*,*,#16931,.T.);
#16931 = EDGE_CURVE('',#16924,#16932,#16934,.T.);
#16932 = VERTEX_POINT('',#16933);
#16933 = CARTESIAN_POINT('',(7.581361442723,-4.153370586741,0.));
#16934 = LINE('',#16935,#16936);
#16935 = CARTESIAN_POINT('',(7.581361442723,-4.100373380747,0.));
#16936 = VECTOR('',#16937,1.);
#16937 = DIRECTION('',(0.,-1.,0.));
#16938 = ORIENTED_EDGE('',*,*,#16939,.T.);
#16939 = EDGE_CURVE('',#16932,#16940,#16942,.T.);
#16940 = VERTEX_POINT('',#16941);
#16941 = CARTESIAN_POINT('',(6.141356362713,-4.153370586741,0.));
#16942 = CIRCLE('',#16943,0.720002540005);
#16943 = AXIS2_PLACEMENT_3D('',#16944,#16945,#16946);
#16944 = CARTESIAN_POINT('',(6.861358902718,-4.153370586741,0.));
#16945 = DIRECTION('',(-0.,0.,-1.));
#16946 = DIRECTION('',(1.,-1.110223024625E-16,-0.));
#16947 = ORIENTED_EDGE('',*,*,#16948,.T.);
#16948 = EDGE_CURVE('',#16940,#16949,#16951,.T.);
#16949 = VERTEX_POINT('',#16950);
#16950 = CARTESIAN_POINT('',(6.141356362713,-3.793375666751,0.));
#16951 = LINE('',#16952,#16953);
#16952 = CARTESIAN_POINT('',(6.141356362713,-4.153370586741,0.));
#16953 = VECTOR('',#16954,1.);
#16954 = DIRECTION('',(0.,1.,0.));
#16955 = ORIENTED_EDGE('',*,*,#16956,.T.);
#16956 = EDGE_CURVE('',#16949,#16957,#16959,.T.);
#16957 = VERTEX_POINT('',#16958);
#16958 = CARTESIAN_POINT('',(7.581361442723,-3.793375666751,0.));
#16959 = CIRCLE('',#16960,0.720002540005);
#16960 = AXIS2_PLACEMENT_3D('',#16961,#16962,#16963);
#16961 = CARTESIAN_POINT('',(6.861358902718,-3.793375666751,0.));
#16962 = DIRECTION('',(0.,0.,-1.));
#16963 = DIRECTION('',(-1.,1.110223024625E-16,0.));
#16964 = ORIENTED_EDGE('',*,*,#16965,.T.);
#16965 = EDGE_CURVE('',#16957,#16966,#16968,.T.);
#16966 = VERTEX_POINT('',#16967);
#16967 = CARTESIAN_POINT('',(7.581361442723,-3.846372872746,0.));
#16968 = LINE('',#16969,#16970);
#16969 = CARTESIAN_POINT('',(7.581361442723,-3.793375666751,0.));
#16970 = VECTOR('',#16971,1.);
#16971 = DIRECTION('',(0.,-1.,0.));
#16972 = ORIENTED_EDGE('',*,*,#16973,.T.);
#16973 = EDGE_CURVE('',#16966,#16974,#16976,.T.);
#16974 = VERTEX_POINT('',#16975);
#16975 = CARTESIAN_POINT('',(7.80855981712,-3.846372872746,0.));
#16976 = LINE('',#16977,#16978);
#16977 = CARTESIAN_POINT('',(7.581361442723,-3.846372872746,0.));
#16978 = VECTOR('',#16979,1.);
#16979 = DIRECTION('',(1.,0.,0.));
#16980 = ORIENTED_EDGE('',*,*,#16981,.T.);
#16981 = EDGE_CURVE('',#16974,#16982,#16984,.T.);
#16982 = VERTEX_POINT('',#16983);
#16983 = CARTESIAN_POINT('',(7.898362557936,-3.88357038593,0.));
#16984 = CIRCLE('',#16985,0.127000254001);
#16985 = AXIS2_PLACEMENT_3D('',#16986,#16987,#16988);
#16986 = CARTESIAN_POINT('',(7.80855981712,-3.973373126746,0.));
#16987 = DIRECTION('',(0.,0.,-1.));
#16988 = DIRECTION('',(-3.355164818999E-15,1.,0.));
#16989 = ORIENTED_EDGE('',*,*,#16990,.T.);
#16990 = EDGE_CURVE('',#16982,#16771,#16991,.T.);
#16991 = LINE('',#16992,#16993);
#16992 = CARTESIAN_POINT('',(7.898362557936,-3.88357038593,0.));
#16993 = VECTOR('',#16994,1.);
#16994 = DIRECTION('',(0.707106781187,-0.707106781187,0.));
#16995 = FACE_BOUND('',#16996,.T.);
#16996 = EDGE_LOOP('',(#16997,#17008));
#16997 = ORIENTED_EDGE('',*,*,#16998,.T.);
#16998 = EDGE_CURVE('',#16999,#17001,#17003,.T.);
#16999 = VERTEX_POINT('',#17000);
#17000 = CARTESIAN_POINT('',(6.461358902718,-3.973347726695,0.));
#17001 = VERTEX_POINT('',#17002);
#17002 = CARTESIAN_POINT('',(7.261358902718,-3.973347726695,0.));
#17003 = CIRCLE('',#17004,0.4);
#17004 = AXIS2_PLACEMENT_3D('',#17005,#17006,#17007);
#17005 = CARTESIAN_POINT('',(6.861358902718,-3.973347726695,0.));
#17006 = DIRECTION('',(0.,0.,1.));
#17007 = DIRECTION('',(-1.,-1.110223024625E-16,0.));
#17008 = ORIENTED_EDGE('',*,*,#17009,.T.);
#17009 = EDGE_CURVE('',#17001,#16999,#17010,.T.);
#17010 = CIRCLE('',#17011,0.4);
#17011 = AXIS2_PLACEMENT_3D('',#17012,#17013,#17014);
#17012 = CARTESIAN_POINT('',(6.861358902718,-3.973347726695,0.));
#17013 = DIRECTION('',(0.,0.,1.));
#17014 = DIRECTION('',(1.,1.110223024625E-16,-0.));
#17015 = FACE_BOUND('',#17016,.T.);
#17016 = EDGE_LOOP('',(#17017,#17028));
#17017 = ORIENTED_EDGE('',*,*,#17018,.T.);
#17018 = EDGE_CURVE('',#17019,#17021,#17023,.T.);
#17019 = VERTEX_POINT('',#17020);
#17020 = CARTESIAN_POINT('',(34.264569469139,16.383032766066,0.));
#17021 = VERTEX_POINT('',#17022);
#17022 = CARTESIAN_POINT('',(34.569568199136,16.383032766066,0.));
#17023 = CIRCLE('',#17024,0.152499364999);
#17024 = AXIS2_PLACEMENT_3D('',#17025,#17026,#17027);
#17025 = CARTESIAN_POINT('',(34.417068834138,16.383032766066,0.));
#17026 = DIRECTION('',(0.,0.,1.));
#17027 = DIRECTION('',(-1.,-1.110223024625E-16,0.));
#17028 = ORIENTED_EDGE('',*,*,#17029,.T.);
#17029 = EDGE_CURVE('',#17021,#17019,#17030,.T.);
#17030 = CIRCLE('',#17031,0.152499364999);
#17031 = AXIS2_PLACEMENT_3D('',#17032,#17033,#17034);
#17032 = CARTESIAN_POINT('',(34.417068834138,16.383032766066,0.));
#17033 = DIRECTION('',(0.,0.,1.));
#17034 = DIRECTION('',(1.,1.110223024625E-16,-0.));
#17035 = PLANE('',#17036);
#17036 = AXIS2_PLACEMENT_3D('',#17037,#17038,#17039);
#17037 = CARTESIAN_POINT('',(21.362704289626,3.865205176693,0.));
#17038 = DIRECTION('',(-0.,-0.,-1.));
#17039 = DIRECTION('',(-1.,0.,0.));
#17040 = SHELL_BASED_SURFACE_MODEL('',(#17041));
#17041 = OPEN_SHELL('',(#17042));
#17042 = ADVANCED_FACE('',(#17043,#17147,#17167),#17187,.T.);
#17043 = FACE_BOUND('',#17044,.T.);
#17044 = EDGE_LOOP('',(#17045,#17055,#17064,#17072,#17081,#17089,#17098,
    #17106,#17115,#17123,#17132,#17141));
#17045 = ORIENTED_EDGE('',*,*,#17046,.T.);
#17046 = EDGE_CURVE('',#17047,#17049,#17051,.T.);
#17047 = VERTEX_POINT('',#17048);
#17048 = CARTESIAN_POINT('',(8.789293061008,5.715011430023,0.));
#17049 = VERTEX_POINT('',#17050);
#17050 = CARTESIAN_POINT('',(7.517472518978,4.443190887994,0.));
#17051 = LINE('',#17052,#17053);
#17052 = CARTESIAN_POINT('',(8.789293061008,5.715011430023,0.));
#17053 = VECTOR('',#17054,1.);
#17054 = DIRECTION('',(-0.707106781187,-0.707106781187,0.));
#17055 = ORIENTED_EDGE('',*,*,#17056,.T.);
#17056 = EDGE_CURVE('',#17049,#17057,#17059,.T.);
#17057 = VERTEX_POINT('',#17058);
#17058 = CARTESIAN_POINT('',(7.581361442723,4.14668021336,0.));
#17059 = CIRCLE('',#17060,0.720002540005);
#17060 = AXIS2_PLACEMENT_3D('',#17061,#17062,#17063);
#17061 = CARTESIAN_POINT('',(6.861358902718,4.14668021336,0.));
#17062 = DIRECTION('',(0.,0.,-1.));
#17063 = DIRECTION('',(0.911265696724,0.411818928626,0.));
#17064 = ORIENTED_EDGE('',*,*,#17065,.T.);
#17065 = EDGE_CURVE('',#17057,#17066,#17068,.T.);
#17066 = VERTEX_POINT('',#17067);
#17067 = CARTESIAN_POINT('',(7.581361442723,3.786685293371,0.));
#17068 = LINE('',#17069,#17070);
#17069 = CARTESIAN_POINT('',(7.581361442723,4.14668021336,0.));
#17070 = VECTOR('',#17071,1.);
#17071 = DIRECTION('',(0.,-1.,0.));
#17072 = ORIENTED_EDGE('',*,*,#17073,.T.);
#17073 = EDGE_CURVE('',#17066,#17074,#17076,.T.);
#17074 = VERTEX_POINT('',#17075);
#17075 = CARTESIAN_POINT('',(6.141356362713,3.786685293371,0.));
#17076 = CIRCLE('',#17077,0.720002540005);
#17077 = AXIS2_PLACEMENT_3D('',#17078,#17079,#17080);
#17078 = CARTESIAN_POINT('',(6.861358902718,3.786685293371,0.));
#17079 = DIRECTION('',(-0.,0.,-1.));
#17080 = DIRECTION('',(1.,-1.110223024625E-16,-0.));
#17081 = ORIENTED_EDGE('',*,*,#17082,.T.);
#17082 = EDGE_CURVE('',#17074,#17083,#17085,.T.);
#17083 = VERTEX_POINT('',#17084);
#17084 = CARTESIAN_POINT('',(6.141356362713,4.14668021336,0.));
#17085 = LINE('',#17086,#17087);
#17086 = CARTESIAN_POINT('',(6.141356362713,3.786685293371,0.));
#17087 = VECTOR('',#17088,1.);
#17088 = DIRECTION('',(0.,1.,0.));
#17089 = ORIENTED_EDGE('',*,*,#17090,.T.);
#17090 = EDGE_CURVE('',#17083,#17091,#17093,.T.);
#17091 = VERTEX_POINT('',#17092);
#17092 = CARTESIAN_POINT('',(7.370673532684,4.655602864964,0.));
#17093 = CIRCLE('',#17094,0.720002540005);
#17094 = AXIS2_PLACEMENT_3D('',#17095,#17096,#17097);
#17095 = CARTESIAN_POINT('',(6.861358902718,4.14668021336,0.));
#17096 = DIRECTION('',(0.,0.,-1.));
#17097 = DIRECTION('',(-1.,4.172210851555E-17,0.));
#17098 = ORIENTED_EDGE('',*,*,#17099,.T.);
#17099 = EDGE_CURVE('',#17091,#17100,#17102,.T.);
#17100 = VERTEX_POINT('',#17101);
#17101 = CARTESIAN_POINT('',(8.646885092559,5.93181442484,0.));
#17102 = LINE('',#17103,#17104);
#17103 = CARTESIAN_POINT('',(7.370673532684,4.655602864964,0.));
#17104 = VECTOR('',#17105,1.);
#17105 = DIRECTION('',(0.707106781187,0.707106781187,0.));
#17106 = ORIENTED_EDGE('',*,*,#17107,.T.);
#17107 = EDGE_CURVE('',#17100,#17108,#17110,.T.);
#17108 = VERTEX_POINT('',#17109);
#17109 = CARTESIAN_POINT('',(8.736687833376,5.969011938024,0.));
#17110 = CIRCLE('',#17111,0.127000254001);
#17111 = AXIS2_PLACEMENT_3D('',#17112,#17113,#17114);
#17112 = CARTESIAN_POINT('',(8.736687833376,5.842011684023,0.));
#17113 = DIRECTION('',(0.,0.,-1.));
#17114 = DIRECTION('',(-0.707106781187,0.707106781187,0.));
#17115 = ORIENTED_EDGE('',*,*,#17116,.T.);
#17116 = EDGE_CURVE('',#17108,#17117,#17119,.T.);
#17117 = VERTEX_POINT('',#17118);
#17118 = CARTESIAN_POINT('',(16.105730205336,5.969011938024,0.));
#17119 = LINE('',#17120,#17121);
#17120 = CARTESIAN_POINT('',(8.736687833376,5.969011938024,0.));
#17121 = VECTOR('',#17122,1.);
#17122 = DIRECTION('',(1.,-1.20528336637E-16,0.));
#17123 = ORIENTED_EDGE('',*,*,#17124,.T.);
#17124 = EDGE_CURVE('',#17117,#17125,#17127,.T.);
#17125 = VERTEX_POINT('',#17126);
#17126 = CARTESIAN_POINT('',(16.688034036068,5.842011684023,0.));
#17127 = CIRCLE('',#17128,0.305001270003);
#17128 = AXIS2_PLACEMENT_3D('',#17129,#17130,#17131);
#17129 = CARTESIAN_POINT('',(16.383032766066,5.842011684023,0.));
#17130 = DIRECTION('',(0.,0.,-1.));
#17131 = DIRECTION('',(-0.909184937908,0.416392541577,0.));
#17132 = ORIENTED_EDGE('',*,*,#17133,.T.);
#17133 = EDGE_CURVE('',#17125,#17134,#17136,.T.);
#17134 = VERTEX_POINT('',#17135);
#17135 = CARTESIAN_POINT('',(16.105730205336,5.715011430023,0.));
#17136 = CIRCLE('',#17137,0.305001270003);
#17137 = AXIS2_PLACEMENT_3D('',#17138,#17139,#17140);
#17138 = CARTESIAN_POINT('',(16.383032766066,5.842011684023,0.));
#17139 = DIRECTION('',(0.,0.,-1.));
#17140 = DIRECTION('',(1.,1.397110793772E-16,0.));
#17141 = ORIENTED_EDGE('',*,*,#17142,.T.);
#17142 = EDGE_CURVE('',#17134,#17047,#17143,.T.);
#17143 = LINE('',#17144,#17145);
#17144 = CARTESIAN_POINT('',(16.105730205336,5.715011430023,0.));
#17145 = VECTOR('',#17146,1.);
#17146 = DIRECTION('',(-1.,1.213949361116E-16,0.));
#17147 = FACE_BOUND('',#17148,.T.);
#17148 = EDGE_LOOP('',(#17149,#17160));
#17149 = ORIENTED_EDGE('',*,*,#17150,.T.);
#17150 = EDGE_CURVE('',#17151,#17153,#17155,.T.);
#17151 = VERTEX_POINT('',#17152);
#17152 = CARTESIAN_POINT('',(6.461358902718,3.966657353315,0.));
#17153 = VERTEX_POINT('',#17154);
#17154 = CARTESIAN_POINT('',(7.261358902718,3.966657353315,0.));
#17155 = CIRCLE('',#17156,0.4);
#17156 = AXIS2_PLACEMENT_3D('',#17157,#17158,#17159);
#17157 = CARTESIAN_POINT('',(6.861358902718,3.966657353315,0.));
#17158 = DIRECTION('',(0.,0.,1.));
#17159 = DIRECTION('',(-1.,-1.110223024625E-16,0.));
#17160 = ORIENTED_EDGE('',*,*,#17161,.T.);
#17161 = EDGE_CURVE('',#17153,#17151,#17162,.T.);
#17162 = CIRCLE('',#17163,0.4);
#17163 = AXIS2_PLACEMENT_3D('',#17164,#17165,#17166);
#17164 = CARTESIAN_POINT('',(6.861358902718,3.966657353315,0.));
#17165 = DIRECTION('',(0.,0.,1.));
#17166 = DIRECTION('',(1.,1.110223024625E-16,-0.));
#17167 = FACE_BOUND('',#17168,.T.);
#17168 = EDGE_LOOP('',(#17169,#17180));
#17169 = ORIENTED_EDGE('',*,*,#17170,.T.);
#17170 = EDGE_CURVE('',#17171,#17173,#17175,.T.);
#17171 = VERTEX_POINT('',#17172);
#17172 = CARTESIAN_POINT('',(16.230533401067,5.842011684023,0.));
#17173 = VERTEX_POINT('',#17174);
#17174 = CARTESIAN_POINT('',(16.535532131064,5.842011684023,0.));
#17175 = CIRCLE('',#17176,0.152499364999);
#17176 = AXIS2_PLACEMENT_3D('',#17177,#17178,#17179);
#17177 = CARTESIAN_POINT('',(16.383032766066,5.842011684023,0.));
#17178 = DIRECTION('',(0.,0.,1.));
#17179 = DIRECTION('',(-1.,-1.110223024625E-16,0.));
#17180 = ORIENTED_EDGE('',*,*,#17181,.T.);
#17181 = EDGE_CURVE('',#17173,#17171,#17182,.T.);
#17182 = CIRCLE('',#17183,0.152499364999);
#17183 = AXIS2_PLACEMENT_3D('',#17184,#17185,#17186);
#17184 = CARTESIAN_POINT('',(16.383032766066,5.842011684023,0.));
#17185 = DIRECTION('',(0.,0.,1.));
#17186 = DIRECTION('',(1.,1.110223024625E-16,-0.));
#17187 = PLANE('',#17188);
#17188 = AXIS2_PLACEMENT_3D('',#17189,#17190,#17191);
#17189 = CARTESIAN_POINT('',(10.953221168784,5.379241336349,0.));
#17190 = DIRECTION('',(-0.,-0.,-1.));
#17191 = DIRECTION('',(-1.,0.,0.));
#17192 = SHELL_BASED_SURFACE_MODEL('',(#17193));
#17193 = OPEN_SHELL('',(#17194));
#17194 = ADVANCED_FACE('',(#17195,#17249,#17269),#17289,.T.);
#17195 = FACE_BOUND('',#17196,.T.);
#17196 = EDGE_LOOP('',(#17197,#17208,#17216,#17225,#17234,#17242));
#17197 = ORIENTED_EDGE('',*,*,#17198,.T.);
#17198 = EDGE_CURVE('',#17199,#17201,#17203,.T.);
#17199 = VERTEX_POINT('',#17200);
#17200 = CARTESIAN_POINT('',(6.985013970028,15.621158242316,0.));
#17201 = VERTEX_POINT('',#17202);
#17202 = CARTESIAN_POINT('',(6.858013716027,17.13450340146,0.));
#17203 = CIRCLE('',#17204,0.762001524003);
#17204 = AXIS2_PLACEMENT_3D('',#17205,#17206,#17207);
#17205 = CARTESIAN_POINT('',(6.985013970028,16.38315976632,0.));
#17206 = DIRECTION('',(0.,0.,-1.));
#17207 = DIRECTION('',(-1.64486717607E-16,-1.,-0.));
#17208 = ORIENTED_EDGE('',*,*,#17209,.T.);
#17209 = EDGE_CURVE('',#17201,#17210,#17212,.T.);
#17210 = VERTEX_POINT('',#17211);
#17211 = CARTESIAN_POINT('',(6.858013716027,18.131689130925,0.));
#17212 = LINE('',#17213,#17214);
#17213 = CARTESIAN_POINT('',(6.858013716027,17.13450340146,0.));
#17214 = VECTOR('',#17215,1.);
#17215 = DIRECTION('',(0.,1.,0.));
#17216 = ORIENTED_EDGE('',*,*,#17217,.T.);
#17217 = EDGE_CURVE('',#17210,#17218,#17220,.T.);
#17218 = VERTEX_POINT('',#17219);
#17219 = CARTESIAN_POINT('',(6.985013970028,19.645034290069,0.));
#17220 = CIRCLE('',#17221,0.762001524003);
#17221 = AXIS2_PLACEMENT_3D('',#17222,#17223,#17224);
#17222 = CARTESIAN_POINT('',(6.985013970028,18.883032766066,0.));
#17223 = DIRECTION('',(0.,0.,-1.));
#17224 = DIRECTION('',(-0.166666666667,-0.986013297183,-0.));
#17225 = ORIENTED_EDGE('',*,*,#17226,.T.);
#17226 = EDGE_CURVE('',#17218,#17227,#17229,.T.);
#17227 = VERTEX_POINT('',#17228);
#17228 = CARTESIAN_POINT('',(7.112014224028,18.131689130925,0.));
#17229 = CIRCLE('',#17230,0.762001524003);
#17230 = AXIS2_PLACEMENT_3D('',#17231,#17232,#17233);
#17231 = CARTESIAN_POINT('',(6.985013970028,18.883032766066,0.));
#17232 = DIRECTION('',(0.,0.,-1.));
#17233 = DIRECTION('',(-2.120051026935E-15,1.,0.));
#17234 = ORIENTED_EDGE('',*,*,#17235,.T.);
#17235 = EDGE_CURVE('',#17227,#17236,#17238,.T.);
#17236 = VERTEX_POINT('',#17237);
#17237 = CARTESIAN_POINT('',(7.112014224028,17.13450340146,0.));
#17238 = LINE('',#17239,#17240);
#17239 = CARTESIAN_POINT('',(7.112014224028,18.131689130925,0.));
#17240 = VECTOR('',#17241,1.);
#17241 = DIRECTION('',(8.906850483885E-16,-1.,0.));
#17242 = ORIENTED_EDGE('',*,*,#17243,.T.);
#17243 = EDGE_CURVE('',#17236,#17199,#17244,.T.);
#17244 = CIRCLE('',#17245,0.762001524003);
#17245 = AXIS2_PLACEMENT_3D('',#17246,#17247,#17248);
#17246 = CARTESIAN_POINT('',(6.985013970028,16.38315976632,0.));
#17247 = DIRECTION('',(0.,0.,-1.));
#17248 = DIRECTION('',(0.166666666667,0.986013297183,0.));
#17249 = FACE_BOUND('',#17250,.T.);
#17250 = EDGE_LOOP('',(#17251,#17262));
#17251 = ORIENTED_EDGE('',*,*,#17252,.T.);
#17252 = EDGE_CURVE('',#17253,#17255,#17257,.T.);
#17253 = VERTEX_POINT('',#17254);
#17254 = CARTESIAN_POINT('',(6.603886207772,16.38315976632,0.));
#17255 = VERTEX_POINT('',#17256);
#17256 = CARTESIAN_POINT('',(7.365887731775,16.38315976632,0.));
#17257 = CIRCLE('',#17258,0.381000762002);
#17258 = AXIS2_PLACEMENT_3D('',#17259,#17260,#17261);
#17259 = CARTESIAN_POINT('',(6.984886969774,16.38315976632,0.));
#17260 = DIRECTION('',(0.,0.,1.));
#17261 = DIRECTION('',(-1.,-1.110223024625E-16,0.));
#17262 = ORIENTED_EDGE('',*,*,#17263,.T.);
#17263 = EDGE_CURVE('',#17255,#17253,#17264,.T.);
#17264 = CIRCLE('',#17265,0.381000762002);
#17265 = AXIS2_PLACEMENT_3D('',#17266,#17267,#17268);
#17266 = CARTESIAN_POINT('',(6.984886969774,16.38315976632,0.));
#17267 = DIRECTION('',(0.,0.,1.));
#17268 = DIRECTION('',(1.,1.110223024625E-16,-0.));
#17269 = FACE_BOUND('',#17270,.T.);
#17270 = EDGE_LOOP('',(#17271,#17282));
#17271 = ORIENTED_EDGE('',*,*,#17272,.T.);
#17272 = EDGE_CURVE('',#17273,#17275,#17277,.T.);
#17273 = VERTEX_POINT('',#17274);
#17274 = CARTESIAN_POINT('',(6.604013208026,18.883032766066,0.));
#17275 = VERTEX_POINT('',#17276);
#17276 = CARTESIAN_POINT('',(7.366014732029,18.883032766066,0.));
#17277 = CIRCLE('',#17278,0.381000762002);
#17278 = AXIS2_PLACEMENT_3D('',#17279,#17280,#17281);
#17279 = CARTESIAN_POINT('',(6.985013970028,18.883032766066,0.));
#17280 = DIRECTION('',(0.,0.,1.));
#17281 = DIRECTION('',(-1.,-1.110223024625E-16,0.));
#17282 = ORIENTED_EDGE('',*,*,#17283,.T.);
#17283 = EDGE_CURVE('',#17275,#17273,#17284,.T.);
#17284 = CIRCLE('',#17285,0.381000762002);
#17285 = AXIS2_PLACEMENT_3D('',#17286,#17287,#17288);
#17286 = CARTESIAN_POINT('',(6.985013970028,18.883032766066,0.));
#17287 = DIRECTION('',(0.,0.,1.));
#17288 = DIRECTION('',(1.,1.110223024625E-16,-0.));
#17289 = PLANE('',#17290);
#17290 = AXIS2_PLACEMENT_3D('',#17291,#17292,#17293);
#17291 = CARTESIAN_POINT('',(6.985013970028,17.633096266193,0.));
#17292 = DIRECTION('',(-0.,-0.,-1.));
#17293 = DIRECTION('',(-1.,0.,0.));
#17294 = SHELL_BASED_SURFACE_MODEL('',(#17295));
#17295 = OPEN_SHELL('',(#17296));
#17296 = ADVANCED_FACE('',(#17297,#17317),#17337,.T.);
#17297 = FACE_BOUND('',#17298,.T.);
#17298 = EDGE_LOOP('',(#17299,#17310));
#17299 = ORIENTED_EDGE('',*,*,#17300,.T.);
#17300 = EDGE_CURVE('',#17301,#17303,#17305,.T.);
#17301 = VERTEX_POINT('',#17302);
#17302 = CARTESIAN_POINT('',(7.747015494031,13.883032766066,0.));
#17303 = VERTEX_POINT('',#17304);
#17304 = CARTESIAN_POINT('',(6.223012446025,13.883032766066,0.));
#17305 = CIRCLE('',#17306,0.762001524003);
#17306 = AXIS2_PLACEMENT_3D('',#17307,#17308,#17309);
#17307 = CARTESIAN_POINT('',(6.985013970028,13.883032766066,0.));
#17308 = DIRECTION('',(-0.,0.,-1.));
#17309 = DIRECTION('',(1.,-1.110223024625E-16,-0.));
#17310 = ORIENTED_EDGE('',*,*,#17311,.T.);
#17311 = EDGE_CURVE('',#17303,#17301,#17312,.T.);
#17312 = CIRCLE('',#17313,0.762001524003);
#17313 = AXIS2_PLACEMENT_3D('',#17314,#17315,#17316);
#17314 = CARTESIAN_POINT('',(6.985013970028,13.883032766066,0.));
#17315 = DIRECTION('',(0.,0.,-1.));
#17316 = DIRECTION('',(-1.,1.110223024625E-16,0.));
#17317 = FACE_BOUND('',#17318,.T.);
#17318 = EDGE_LOOP('',(#17319,#17330));
#17319 = ORIENTED_EDGE('',*,*,#17320,.T.);
#17320 = EDGE_CURVE('',#17321,#17323,#17325,.T.);
#17321 = VERTEX_POINT('',#17322);
#17322 = CARTESIAN_POINT('',(6.604013208026,13.883032766066,0.));
#17323 = VERTEX_POINT('',#17324);
#17324 = CARTESIAN_POINT('',(7.366014732029,13.883032766066,0.));
#17325 = CIRCLE('',#17326,0.381000762002);
#17326 = AXIS2_PLACEMENT_3D('',#17327,#17328,#17329);
#17327 = CARTESIAN_POINT('',(6.985013970028,13.883032766066,0.));
#17328 = DIRECTION('',(0.,0.,1.));
#17329 = DIRECTION('',(-1.,-1.110223024625E-16,0.));
#17330 = ORIENTED_EDGE('',*,*,#17331,.T.);
#17331 = EDGE_CURVE('',#17323,#17321,#17332,.T.);
#17332 = CIRCLE('',#17333,0.381000762002);
#17333 = AXIS2_PLACEMENT_3D('',#17334,#17335,#17336);
#17334 = CARTESIAN_POINT('',(6.985013970028,13.883032766066,0.));
#17335 = DIRECTION('',(0.,0.,1.));
#17336 = DIRECTION('',(1.,1.110223024625E-16,-0.));
#17337 = PLANE('',#17338);
#17338 = AXIS2_PLACEMENT_3D('',#17339,#17340,#17341);
#17339 = CARTESIAN_POINT('',(6.985013970028,13.883032766066,0.));
#17340 = DIRECTION('',(-0.,-0.,-1.));
#17341 = DIRECTION('',(-1.,0.,0.));
#17342 = SHELL_BASED_SURFACE_MODEL('',(#17343));
#17343 = OPEN_SHELL('',(#17344));
#17344 = ADVANCED_FACE('',(#17345,#17365),#17385,.T.);
#17345 = FACE_BOUND('',#17346,.T.);
#17346 = EDGE_LOOP('',(#17347,#17358));
#17347 = ORIENTED_EDGE('',*,*,#17348,.T.);
#17348 = EDGE_CURVE('',#17349,#17351,#17353,.T.);
#17349 = VERTEX_POINT('',#17350);
#17350 = CARTESIAN_POINT('',(10.425019050038,-19.55803911607,0.));
#17351 = VERTEX_POINT('',#17352);
#17352 = CARTESIAN_POINT('',(8.625019050038,-19.55803911607,0.));
#17353 = CIRCLE('',#17354,0.9);
#17354 = AXIS2_PLACEMENT_3D('',#17355,#17356,#17357);
#17355 = CARTESIAN_POINT('',(9.525019050038,-19.55803911607,0.));
#17356 = DIRECTION('',(-0.,0.,-1.));
#17357 = DIRECTION('',(1.,-1.110223024625E-16,-0.));
#17358 = ORIENTED_EDGE('',*,*,#17359,.T.);
#17359 = EDGE_CURVE('',#17351,#17349,#17360,.T.);
#17360 = CIRCLE('',#17361,0.9);
#17361 = AXIS2_PLACEMENT_3D('',#17362,#17363,#17364);
#17362 = CARTESIAN_POINT('',(9.525019050038,-19.55803911607,0.));
#17363 = DIRECTION('',(0.,0.,-1.));
#17364 = DIRECTION('',(-1.,1.110223024625E-16,0.));
#17365 = FACE_BOUND('',#17366,.T.);
#17366 = EDGE_LOOP('',(#17367,#17378));
#17367 = ORIENTED_EDGE('',*,*,#17368,.T.);
#17368 = EDGE_CURVE('',#17369,#17371,#17373,.T.);
#17369 = VERTEX_POINT('',#17370);
#17370 = CARTESIAN_POINT('',(8.925019050038,-19.55803911607,0.));
#17371 = VERTEX_POINT('',#17372);
#17372 = CARTESIAN_POINT('',(10.125019050038,-19.55803911607,0.));
#17373 = CIRCLE('',#17374,0.6);
#17374 = AXIS2_PLACEMENT_3D('',#17375,#17376,#17377);
#17375 = CARTESIAN_POINT('',(9.525019050038,-19.55803911607,0.));
#17376 = DIRECTION('',(0.,0.,1.));
#17377 = DIRECTION('',(-1.,-1.110223024625E-16,0.));
#17378 = ORIENTED_EDGE('',*,*,#17379,.T.);
#17379 = EDGE_CURVE('',#17371,#17369,#17380,.T.);
#17380 = CIRCLE('',#17381,0.6);
#17381 = AXIS2_PLACEMENT_3D('',#17382,#17383,#17384);
#17382 = CARTESIAN_POINT('',(9.525019050038,-19.55803911607,0.));
#17383 = DIRECTION('',(0.,0.,1.));
#17384 = DIRECTION('',(1.,1.110223024625E-16,-0.));
#17385 = PLANE('',#17386);
#17386 = AXIS2_PLACEMENT_3D('',#17387,#17388,#17389);
#17387 = CARTESIAN_POINT('',(9.525019050038,-19.55803911607,0.));
#17388 = DIRECTION('',(-0.,-0.,-1.));
#17389 = DIRECTION('',(-1.,0.,0.));
#17390 = SHELL_BASED_SURFACE_MODEL('',(#17391));
#17391 = OPEN_SHELL('',(#17392));
#17392 = ADVANCED_FACE('',(#17393,#17429),#17449,.T.);
#17393 = FACE_BOUND('',#17394,.T.);
#17394 = EDGE_LOOP('',(#17395,#17406,#17414,#17423));
#17395 = ORIENTED_EDGE('',*,*,#17396,.T.);
#17396 = EDGE_CURVE('',#17397,#17399,#17401,.T.);
#17397 = VERTEX_POINT('',#17398);
#17398 = CARTESIAN_POINT('',(8.681361442723,4.14668021336,0.));
#17399 = VERTEX_POINT('',#17400);
#17400 = CARTESIAN_POINT('',(10.121366522733,4.14668021336,0.));
#17401 = CIRCLE('',#17402,0.720002540005);
#17402 = AXIS2_PLACEMENT_3D('',#17403,#17404,#17405);
#17403 = CARTESIAN_POINT('',(9.401363982728,4.14668021336,0.));
#17404 = DIRECTION('',(0.,0.,-1.));
#17405 = DIRECTION('',(-1.,1.110223024625E-16,0.));
#17406 = ORIENTED_EDGE('',*,*,#17407,.T.);
#17407 = EDGE_CURVE('',#17399,#17408,#17410,.T.);
#17408 = VERTEX_POINT('',#17409);
#17409 = CARTESIAN_POINT('',(10.121366522733,3.786685293371,0.));
#17410 = LINE('',#17411,#17412);
#17411 = CARTESIAN_POINT('',(10.121366522733,4.14668021336,0.));
#17412 = VECTOR('',#17413,1.);
#17413 = DIRECTION('',(0.,-1.,0.));
#17414 = ORIENTED_EDGE('',*,*,#17415,.T.);
#17415 = EDGE_CURVE('',#17408,#17416,#17418,.T.);
#17416 = VERTEX_POINT('',#17417);
#17417 = CARTESIAN_POINT('',(8.681361442723,3.786685293371,0.));
#17418 = CIRCLE('',#17419,0.720002540005);
#17419 = AXIS2_PLACEMENT_3D('',#17420,#17421,#17422);
#17420 = CARTESIAN_POINT('',(9.401363982728,3.786685293371,0.));
#17421 = DIRECTION('',(-0.,0.,-1.));
#17422 = DIRECTION('',(1.,-1.110223024625E-16,-0.));
#17423 = ORIENTED_EDGE('',*,*,#17424,.T.);
#17424 = EDGE_CURVE('',#17416,#17397,#17425,.T.);
#17425 = LINE('',#17426,#17427);
#17426 = CARTESIAN_POINT('',(8.681361442723,3.786685293371,0.));
#17427 = VECTOR('',#17428,1.);
#17428 = DIRECTION('',(0.,1.,0.));
#17429 = FACE_BOUND('',#17430,.T.);
#17430 = EDGE_LOOP('',(#17431,#17442));
#17431 = ORIENTED_EDGE('',*,*,#17432,.T.);
#17432 = EDGE_CURVE('',#17433,#17435,#17437,.T.);
#17433 = VERTEX_POINT('',#17434);
#17434 = CARTESIAN_POINT('',(9.001338582677,3.966657353315,0.));
#17435 = VERTEX_POINT('',#17436);
#17436 = CARTESIAN_POINT('',(9.801338582677,3.966657353315,0.));
#17437 = CIRCLE('',#17438,0.4);
#17438 = AXIS2_PLACEMENT_3D('',#17439,#17440,#17441);
#17439 = CARTESIAN_POINT('',(9.401338582677,3.966657353315,0.));
#17440 = DIRECTION('',(0.,0.,1.));
#17441 = DIRECTION('',(-1.,-1.110223024625E-16,0.));
#17442 = ORIENTED_EDGE('',*,*,#17443,.T.);
#17443 = EDGE_CURVE('',#17435,#17433,#17444,.T.);
#17444 = CIRCLE('',#17445,0.4);
#17445 = AXIS2_PLACEMENT_3D('',#17446,#17447,#17448);
#17446 = CARTESIAN_POINT('',(9.401338582677,3.966657353315,0.));
#17447 = DIRECTION('',(0.,0.,1.));
#17448 = DIRECTION('',(1.,1.110223024625E-16,-0.));
#17449 = PLANE('',#17450);
#17450 = AXIS2_PLACEMENT_3D('',#17451,#17452,#17453);
#17451 = CARTESIAN_POINT('',(9.401363982728,3.966682753366,0.));
#17452 = DIRECTION('',(-0.,-0.,-1.));
#17453 = DIRECTION('',(-1.,0.,0.));
#17454 = SHELL_BASED_SURFACE_MODEL('',(#17455));
#17455 = OPEN_SHELL('',(#17456));
#17456 = ADVANCED_FACE('',(#17457,#17477),#17497,.T.);
#17457 = FACE_BOUND('',#17458,.T.);
#17458 = EDGE_LOOP('',(#17459,#17470));
#17459 = ORIENTED_EDGE('',*,*,#17460,.T.);
#17460 = EDGE_CURVE('',#17461,#17463,#17465,.T.);
#17461 = VERTEX_POINT('',#17462);
#17462 = CARTESIAN_POINT('',(14.616027432055,38.481076962154,0.));
#17463 = VERTEX_POINT('',#17464);
#17464 = CARTESIAN_POINT('',(12.816027432055,38.481076962154,0.));
#17465 = CIRCLE('',#17466,0.9);
#17466 = AXIS2_PLACEMENT_3D('',#17467,#17468,#17469);
#17467 = CARTESIAN_POINT('',(13.716027432055,38.481076962154,0.));
#17468 = DIRECTION('',(-0.,0.,-1.));
#17469 = DIRECTION('',(1.,-1.110223024625E-16,-0.));
#17470 = ORIENTED_EDGE('',*,*,#17471,.T.);
#17471 = EDGE_CURVE('',#17463,#17461,#17472,.T.);
#17472 = CIRCLE('',#17473,0.9);
#17473 = AXIS2_PLACEMENT_3D('',#17474,#17475,#17476);
#17474 = CARTESIAN_POINT('',(13.716027432055,38.481076962154,0.));
#17475 = DIRECTION('',(0.,0.,-1.));
#17476 = DIRECTION('',(-1.,1.110223024625E-16,0.));
#17477 = FACE_BOUND('',#17478,.T.);
#17478 = EDGE_LOOP('',(#17479,#17490));
#17479 = ORIENTED_EDGE('',*,*,#17480,.T.);
#17480 = EDGE_CURVE('',#17481,#17483,#17485,.T.);
#17481 = VERTEX_POINT('',#17482);
#17482 = CARTESIAN_POINT('',(13.216027432055,38.481076962154,0.));
#17483 = VERTEX_POINT('',#17484);
#17484 = CARTESIAN_POINT('',(14.216027432055,38.481076962154,0.));
#17485 = CIRCLE('',#17486,0.5);
#17486 = AXIS2_PLACEMENT_3D('',#17487,#17488,#17489);
#17487 = CARTESIAN_POINT('',(13.716027432055,38.481076962154,0.));
#17488 = DIRECTION('',(0.,0.,1.));
#17489 = DIRECTION('',(-1.,-1.110223024625E-16,0.));
#17490 = ORIENTED_EDGE('',*,*,#17491,.T.);
#17491 = EDGE_CURVE('',#17483,#17481,#17492,.T.);
#17492 = CIRCLE('',#17493,0.5);
#17493 = AXIS2_PLACEMENT_3D('',#17494,#17495,#17496);
#17494 = CARTESIAN_POINT('',(13.716027432055,38.481076962154,0.));
#17495 = DIRECTION('',(0.,0.,1.));
#17496 = DIRECTION('',(1.,1.110223024625E-16,-0.));
#17497 = PLANE('',#17498);
#17498 = AXIS2_PLACEMENT_3D('',#17499,#17500,#17501);
#17499 = CARTESIAN_POINT('',(13.716027432055,38.481076962154,0.));
#17500 = DIRECTION('',(-0.,-0.,-1.));
#17501 = DIRECTION('',(-1.,0.,0.));
#17502 = SHELL_BASED_SURFACE_MODEL('',(#17503));
#17503 = OPEN_SHELL('',(#17504));
#17504 = ADVANCED_FACE('',(#17505,#17525),#17545,.T.);
#17505 = FACE_BOUND('',#17506,.T.);
#17506 = EDGE_LOOP('',(#17507,#17518));
#17507 = ORIENTED_EDGE('',*,*,#17508,.T.);
#17508 = EDGE_CURVE('',#17509,#17511,#17513,.T.);
#17509 = VERTEX_POINT('',#17510);
#17510 = CARTESIAN_POINT('',(14.616027432055,-37.71907543815,0.));
#17511 = VERTEX_POINT('',#17512);
#17512 = CARTESIAN_POINT('',(12.816027432055,-37.71907543815,0.));
#17513 = CIRCLE('',#17514,0.9);
#17514 = AXIS2_PLACEMENT_3D('',#17515,#17516,#17517);
#17515 = CARTESIAN_POINT('',(13.716027432055,-37.71907543815,0.));
#17516 = DIRECTION('',(-0.,0.,-1.));
#17517 = DIRECTION('',(1.,-1.110223024625E-16,-0.));
#17518 = ORIENTED_EDGE('',*,*,#17519,.T.);
#17519 = EDGE_CURVE('',#17511,#17509,#17520,.T.);
#17520 = CIRCLE('',#17521,0.9);
#17521 = AXIS2_PLACEMENT_3D('',#17522,#17523,#17524);
#17522 = CARTESIAN_POINT('',(13.716027432055,-37.71907543815,0.));
#17523 = DIRECTION('',(0.,0.,-1.));
#17524 = DIRECTION('',(-1.,1.110223024625E-16,0.));
#17525 = FACE_BOUND('',#17526,.T.);
#17526 = EDGE_LOOP('',(#17527,#17538));
#17527 = ORIENTED_EDGE('',*,*,#17528,.T.);
#17528 = EDGE_CURVE('',#17529,#17531,#17533,.T.);
#17529 = VERTEX_POINT('',#17530);
#17530 = CARTESIAN_POINT('',(13.216027432055,-37.71907543815,0.));
#17531 = VERTEX_POINT('',#17532);
#17532 = CARTESIAN_POINT('',(14.216027432055,-37.71907543815,0.));
#17533 = CIRCLE('',#17534,0.5);
#17534 = AXIS2_PLACEMENT_3D('',#17535,#17536,#17537);
#17535 = CARTESIAN_POINT('',(13.716027432055,-37.71907543815,0.));
#17536 = DIRECTION('',(0.,0.,1.));
#17537 = DIRECTION('',(-1.,-1.110223024625E-16,0.));
#17538 = ORIENTED_EDGE('',*,*,#17539,.T.);
#17539 = EDGE_CURVE('',#17531,#17529,#17540,.T.);
#17540 = CIRCLE('',#17541,0.5);
#17541 = AXIS2_PLACEMENT_3D('',#17542,#17543,#17544);
#17542 = CARTESIAN_POINT('',(13.716027432055,-37.71907543815,0.));
#17543 = DIRECTION('',(0.,0.,1.));
#17544 = DIRECTION('',(1.,1.110223024625E-16,-0.));
#17545 = PLANE('',#17546);
#17546 = AXIS2_PLACEMENT_3D('',#17547,#17548,#17549);
#17547 = CARTESIAN_POINT('',(13.716027432055,-37.71907543815,0.));
#17548 = DIRECTION('',(-0.,-0.,-1.));
#17549 = DIRECTION('',(-1.,0.,0.));
#17550 = SHELL_BASED_SURFACE_MODEL('',(#17551));
#17551 = OPEN_SHELL('',(#17552));
#17552 = ADVANCED_FACE('',(#17553,#17632,#17652),#17672,.T.);
#17553 = FACE_BOUND('',#17554,.T.);
#17554 = EDGE_LOOP('',(#17555,#17566,#17574,#17583,#17591,#17600,#17609,
    #17617,#17625));
#17555 = ORIENTED_EDGE('',*,*,#17556,.T.);
#17556 = EDGE_CURVE('',#17557,#17559,#17561,.T.);
#17557 = VERTEX_POINT('',#17558);
#17558 = CARTESIAN_POINT('',(13.589027178054,-6.274013208026,0.));
#17559 = VERTEX_POINT('',#17560);
#17560 = CARTESIAN_POINT('',(13.462026924054,-5.691709377295,0.));
#17561 = CIRCLE('',#17562,0.305001270003);
#17562 = AXIS2_PLACEMENT_3D('',#17563,#17564,#17565);
#17563 = CARTESIAN_POINT('',(13.589027178054,-5.969011938024,0.));
#17564 = DIRECTION('',(-0.,0.,-1.));
#17565 = DIRECTION('',(3.027073386507E-16,-1.,-0.));
#17566 = ORIENTED_EDGE('',*,*,#17567,.T.);
#17567 = EDGE_CURVE('',#17559,#17568,#17570,.T.);
#17568 = VERTEX_POINT('',#17569);
#17569 = CARTESIAN_POINT('',(13.462026924054,-4.191008382017,0.));
#17570 = LINE('',#17571,#17572);
#17571 = CARTESIAN_POINT('',(13.462026924054,-5.691709377295,0.));
#17572 = VECTOR('',#17573,1.);
#17573 = DIRECTION('',(0.,1.,0.));
#17574 = ORIENTED_EDGE('',*,*,#17575,.T.);
#17575 = EDGE_CURVE('',#17568,#17576,#17578,.T.);
#17576 = VERTEX_POINT('',#17577);
#17577 = CARTESIAN_POINT('',(13.499224437238,-4.101205641201,0.));
#17578 = CIRCLE('',#17579,0.127000254001);
#17579 = AXIS2_PLACEMENT_3D('',#17580,#17581,#17582);
#17580 = CARTESIAN_POINT('',(13.589027178054,-4.191008382017,0.));
#17581 = DIRECTION('',(0.,0.,-1.));
#17582 = DIRECTION('',(-1.,1.284956739191E-15,0.));
#17583 = ORIENTED_EDGE('',*,*,#17584,.T.);
#17584 = EDGE_CURVE('',#17576,#17585,#17587,.T.);
#17585 = VERTEX_POINT('',#17586);
#17586 = CARTESIAN_POINT('',(15.843146996116,-1.757283082322,0.));
#17587 = LINE('',#17588,#17589);
#17588 = CARTESIAN_POINT('',(13.499224437238,-4.101205641201,0.));
#17589 = VECTOR('',#17590,1.);
#17590 = DIRECTION('',(0.707106781187,0.707106781187,0.));
#17591 = ORIENTED_EDGE('',*,*,#17592,.T.);
#17592 = EDGE_CURVE('',#17585,#17593,#17595,.T.);
#17593 = VERTEX_POINT('',#17594);
#17594 = CARTESIAN_POINT('',(16.344700724354,-1.435334835717,0.));
#17595 = CIRCLE('',#17596,0.305001270003);
#17596 = AXIS2_PLACEMENT_3D('',#17597,#17598,#17599);
#17597 = CARTESIAN_POINT('',(16.129032258065,-1.651003302007,0.));
#17598 = DIRECTION('',(0.,0.,-1.));
#17599 = DIRECTION('',(-0.937324824732,-0.348456845163,-0.));
#17600 = ORIENTED_EDGE('',*,*,#17601,.T.);
#17601 = EDGE_CURVE('',#17593,#17602,#17604,.T.);
#17602 = VERTEX_POINT('',#17603);
#17603 = CARTESIAN_POINT('',(16.022752477749,-1.936888563955,0.));
#17604 = CIRCLE('',#17605,0.305001270003);
#17605 = AXIS2_PLACEMENT_3D('',#17606,#17607,#17608);
#17606 = CARTESIAN_POINT('',(16.129032258065,-1.651003302007,0.));
#17607 = DIRECTION('',(0.,0.,-1.));
#17608 = DIRECTION('',(0.707106781187,0.707106781187,0.));
#17609 = ORIENTED_EDGE('',*,*,#17610,.T.);
#17610 = EDGE_CURVE('',#17602,#17611,#17613,.T.);
#17611 = VERTEX_POINT('',#17612);
#17612 = CARTESIAN_POINT('',(13.716027432055,-4.243613609649,0.));
#17613 = LINE('',#17614,#17615);
#17614 = CARTESIAN_POINT('',(16.022752477749,-1.936888563955,0.));
#17615 = VECTOR('',#17616,1.);
#17616 = DIRECTION('',(-0.707106781187,-0.707106781187,0.));
#17617 = ORIENTED_EDGE('',*,*,#17618,.T.);
#17618 = EDGE_CURVE('',#17611,#17619,#17621,.T.);
#17619 = VERTEX_POINT('',#17620);
#17620 = CARTESIAN_POINT('',(13.716027432055,-5.691709377295,0.));
#17621 = LINE('',#17622,#17623);
#17622 = CARTESIAN_POINT('',(13.716027432055,-4.243613609649,0.));
#17623 = VECTOR('',#17624,1.);
#17624 = DIRECTION('',(0.,-1.,0.));
#17625 = ORIENTED_EDGE('',*,*,#17626,.T.);
#17626 = EDGE_CURVE('',#17619,#17557,#17627,.T.);
#17627 = CIRCLE('',#17628,0.305001270003);
#17628 = AXIS2_PLACEMENT_3D('',#17629,#17630,#17631);
#17629 = CARTESIAN_POINT('',(13.589027178054,-5.969011938024,0.));
#17630 = DIRECTION('',(0.,0.,-1.));
#17631 = DIRECTION('',(0.416392541577,0.909184937908,0.));
#17632 = FACE_BOUND('',#17633,.T.);
#17633 = EDGE_LOOP('',(#17634,#17645));
#17634 = ORIENTED_EDGE('',*,*,#17635,.T.);
#17635 = EDGE_CURVE('',#17636,#17638,#17640,.T.);
#17636 = VERTEX_POINT('',#17637);
#17637 = CARTESIAN_POINT('',(13.436527813056,-5.969011938024,0.));
#17638 = VERTEX_POINT('',#17639);
#17639 = CARTESIAN_POINT('',(13.741526543053,-5.969011938024,0.));
#17640 = CIRCLE('',#17641,0.152499364999);
#17641 = AXIS2_PLACEMENT_3D('',#17642,#17643,#17644);
#17642 = CARTESIAN_POINT('',(13.589027178054,-5.969011938024,0.));
#17643 = DIRECTION('',(0.,0.,1.));
#17644 = DIRECTION('',(-1.,-1.110223024625E-16,0.));
#17645 = ORIENTED_EDGE('',*,*,#17646,.T.);
#17646 = EDGE_CURVE('',#17638,#17636,#17647,.T.);
#17647 = CIRCLE('',#17648,0.152499364999);
#17648 = AXIS2_PLACEMENT_3D('',#17649,#17650,#17651);
#17649 = CARTESIAN_POINT('',(13.589027178054,-5.969011938024,0.));
#17650 = DIRECTION('',(0.,0.,1.));
#17651 = DIRECTION('',(1.,1.110223024625E-16,-0.));
#17652 = FACE_BOUND('',#17653,.T.);
#17653 = EDGE_LOOP('',(#17654,#17665));
#17654 = ORIENTED_EDGE('',*,*,#17655,.T.);
#17655 = EDGE_CURVE('',#17656,#17658,#17660,.T.);
#17656 = VERTEX_POINT('',#17657);
#17657 = CARTESIAN_POINT('',(15.976532893066,-1.651003302007,0.));
#17658 = VERTEX_POINT('',#17659);
#17659 = CARTESIAN_POINT('',(16.281531623063,-1.651003302007,0.));
#17660 = CIRCLE('',#17661,0.152499364999);
#17661 = AXIS2_PLACEMENT_3D('',#17662,#17663,#17664);
#17662 = CARTESIAN_POINT('',(16.129032258065,-1.651003302007,0.));
#17663 = DIRECTION('',(0.,0.,1.));
#17664 = DIRECTION('',(-1.,-1.110223024625E-16,0.));
#17665 = ORIENTED_EDGE('',*,*,#17666,.T.);
#17666 = EDGE_CURVE('',#17658,#17656,#17667,.T.);
#17667 = CIRCLE('',#17668,0.152499364999);
#17668 = AXIS2_PLACEMENT_3D('',#17669,#17670,#17671);
#17669 = CARTESIAN_POINT('',(16.129032258065,-1.651003302007,0.));
#17670 = DIRECTION('',(0.,0.,1.));
#17671 = DIRECTION('',(1.,1.110223024625E-16,-0.));
#17672 = PLANE('',#17673);
#17673 = AXIS2_PLACEMENT_3D('',#17674,#17675,#17676);
#17674 = CARTESIAN_POINT('',(14.513631942423,-3.666532477449,0.));
#17675 = DIRECTION('',(-0.,-0.,-1.));
#17676 = DIRECTION('',(-1.,0.,0.));
#17677 = SHELL_BASED_SURFACE_MODEL('',(#17678));
#17678 = OPEN_SHELL('',(#17679));
#17679 = ADVANCED_FACE('',(#17680,#17700),#17720,.T.);
#17680 = FACE_BOUND('',#17681,.T.);
#17681 = EDGE_LOOP('',(#17682,#17693));
#17682 = ORIENTED_EDGE('',*,*,#17683,.T.);
#17683 = EDGE_CURVE('',#17684,#17686,#17688,.T.);
#17684 = VERTEX_POINT('',#17685);
#17685 = CARTESIAN_POINT('',(17.945034290069,-3.766954533909,0.));
#17686 = VERTEX_POINT('',#17687);
#17687 = CARTESIAN_POINT('',(16.345034290069,-3.766954533909,0.));
#17688 = CIRCLE('',#17689,0.8);
#17689 = AXIS2_PLACEMENT_3D('',#17690,#17691,#17692);
#17690 = CARTESIAN_POINT('',(17.145034290069,-3.766954533909,0.));
#17691 = DIRECTION('',(-0.,0.,-1.));
#17692 = DIRECTION('',(1.,-1.110223024625E-16,-0.));
#17693 = ORIENTED_EDGE('',*,*,#17694,.T.);
#17694 = EDGE_CURVE('',#17686,#17684,#17695,.T.);
#17695 = CIRCLE('',#17696,0.8);
#17696 = AXIS2_PLACEMENT_3D('',#17697,#17698,#17699);
#17697 = CARTESIAN_POINT('',(17.145034290069,-3.766954533909,0.));
#17698 = DIRECTION('',(0.,0.,-1.));
#17699 = DIRECTION('',(-1.,1.110223024625E-16,0.));
#17700 = FACE_BOUND('',#17701,.T.);
#17701 = EDGE_LOOP('',(#17702,#17713));
#17702 = ORIENTED_EDGE('',*,*,#17703,.T.);
#17703 = EDGE_CURVE('',#17704,#17706,#17708,.T.);
#17704 = VERTEX_POINT('',#17705);
#17705 = CARTESIAN_POINT('',(16.687833375667,-3.766954533909,0.));
#17706 = VERTEX_POINT('',#17707);
#17707 = CARTESIAN_POINT('',(17.60223520447,-3.766954533909,0.));
#17708 = CIRCLE('',#17709,0.457200914402);
#17709 = AXIS2_PLACEMENT_3D('',#17710,#17711,#17712);
#17710 = CARTESIAN_POINT('',(17.145034290069,-3.766954533909,0.));
#17711 = DIRECTION('',(0.,0.,1.));
#17712 = DIRECTION('',(-1.,-1.110223024625E-16,0.));
#17713 = ORIENTED_EDGE('',*,*,#17714,.T.);
#17714 = EDGE_CURVE('',#17706,#17704,#17715,.T.);
#17715 = CIRCLE('',#17716,0.457200914402);
#17716 = AXIS2_PLACEMENT_3D('',#17717,#17718,#17719);
#17717 = CARTESIAN_POINT('',(17.145034290069,-3.766954533909,0.));
#17718 = DIRECTION('',(0.,0.,1.));
#17719 = DIRECTION('',(1.,1.110223024625E-16,-0.));
#17720 = PLANE('',#17721);
#17721 = AXIS2_PLACEMENT_3D('',#17722,#17723,#17724);
#17722 = CARTESIAN_POINT('',(17.145034290069,-3.766954533909,0.));
#17723 = DIRECTION('',(-0.,-0.,-1.));
#17724 = DIRECTION('',(-1.,0.,0.));
#17725 = SHELL_BASED_SURFACE_MODEL('',(#17726));
#17726 = OPEN_SHELL('',(#17727));
#17727 = ADVANCED_FACE('',(#17728,#17748),#17768,.T.);
#17728 = FACE_BOUND('',#17729,.T.);
#17729 = EDGE_LOOP('',(#17730,#17741));
#17730 = ORIENTED_EDGE('',*,*,#17731,.T.);
#17731 = EDGE_CURVE('',#17732,#17734,#17736,.T.);
#17732 = VERTEX_POINT('',#17733);
#17733 = CARTESIAN_POINT('',(25.5920497841,-4.021082042164,0.));
#17734 = VERTEX_POINT('',#17735);
#17735 = CARTESIAN_POINT('',(24.1920497841,-4.021082042164,0.));
#17736 = CIRCLE('',#17737,0.7);
#17737 = AXIS2_PLACEMENT_3D('',#17738,#17739,#17740);
#17738 = CARTESIAN_POINT('',(24.8920497841,-4.021082042164,0.));
#17739 = DIRECTION('',(-0.,0.,-1.));
#17740 = DIRECTION('',(1.,-1.110223024625E-16,-0.));
#17741 = ORIENTED_EDGE('',*,*,#17742,.T.);
#17742 = EDGE_CURVE('',#17734,#17732,#17743,.T.);
#17743 = CIRCLE('',#17744,0.7);
#17744 = AXIS2_PLACEMENT_3D('',#17745,#17746,#17747);
#17745 = CARTESIAN_POINT('',(24.8920497841,-4.021082042164,0.));
#17746 = DIRECTION('',(0.,0.,-1.));
#17747 = DIRECTION('',(-1.,1.110223024625E-16,0.));
#17748 = FACE_BOUND('',#17749,.T.);
#17749 = EDGE_LOOP('',(#17750,#17761));
#17750 = ORIENTED_EDGE('',*,*,#17751,.T.);
#17751 = EDGE_CURVE('',#17752,#17754,#17756,.T.);
#17752 = VERTEX_POINT('',#17753);
#17753 = CARTESIAN_POINT('',(24.542037084074,-4.021005842012,0.));
#17754 = VERTEX_POINT('',#17755);
#17755 = CARTESIAN_POINT('',(25.242062484125,-4.021005842012,0.));
#17756 = CIRCLE('',#17757,0.350012700025);
#17757 = AXIS2_PLACEMENT_3D('',#17758,#17759,#17760);
#17758 = CARTESIAN_POINT('',(24.8920497841,-4.021005842012,0.));
#17759 = DIRECTION('',(0.,0.,1.));
#17760 = DIRECTION('',(-1.,-1.110223024625E-16,0.));
#17761 = ORIENTED_EDGE('',*,*,#17762,.T.);
#17762 = EDGE_CURVE('',#17754,#17752,#17763,.T.);
#17763 = CIRCLE('',#17764,0.350012700025);
#17764 = AXIS2_PLACEMENT_3D('',#17765,#17766,#17767);
#17765 = CARTESIAN_POINT('',(24.8920497841,-4.021005842012,0.));
#17766 = DIRECTION('',(0.,0.,1.));
#17767 = DIRECTION('',(1.,1.110223024625E-16,-0.));
#17768 = PLANE('',#17769);
#17769 = AXIS2_PLACEMENT_3D('',#17770,#17771,#17772);
#17770 = CARTESIAN_POINT('',(24.8920497841,-4.021082042164,0.));
#17771 = DIRECTION('',(-0.,-0.,-1.));
#17772 = DIRECTION('',(-1.,0.,0.));
#17773 = SHELL_BASED_SURFACE_MODEL('',(#17774));
#17774 = OPEN_SHELL('',(#17775));
#17775 = ADVANCED_FACE('',(#17776,#17796),#17816,.T.);
#17776 = FACE_BOUND('',#17777,.T.);
#17777 = EDGE_LOOP('',(#17778,#17789));
#17778 = ORIENTED_EDGE('',*,*,#17779,.T.);
#17779 = EDGE_CURVE('',#17780,#17782,#17784,.T.);
#17780 = VERTEX_POINT('',#17781);
#17781 = CARTESIAN_POINT('',(25.5920497841,-14.52095504191,0.));
#17782 = VERTEX_POINT('',#17783);
#17783 = CARTESIAN_POINT('',(24.1920497841,-14.52095504191,0.));
#17784 = CIRCLE('',#17785,0.7);
#17785 = AXIS2_PLACEMENT_3D('',#17786,#17787,#17788);
#17786 = CARTESIAN_POINT('',(24.8920497841,-14.52095504191,0.));
#17787 = DIRECTION('',(-0.,0.,-1.));
#17788 = DIRECTION('',(1.,-1.110223024625E-16,-0.));
#17789 = ORIENTED_EDGE('',*,*,#17790,.T.);
#17790 = EDGE_CURVE('',#17782,#17780,#17791,.T.);
#17791 = CIRCLE('',#17792,0.7);
#17792 = AXIS2_PLACEMENT_3D('',#17793,#17794,#17795);
#17793 = CARTESIAN_POINT('',(24.8920497841,-14.52095504191,0.));
#17794 = DIRECTION('',(0.,0.,-1.));
#17795 = DIRECTION('',(-1.,1.110223024625E-16,0.));
#17796 = FACE_BOUND('',#17797,.T.);
#17797 = EDGE_LOOP('',(#17798,#17809));
#17798 = ORIENTED_EDGE('',*,*,#17799,.T.);
#17799 = EDGE_CURVE('',#17800,#17802,#17804,.T.);
#17800 = VERTEX_POINT('',#17801);
#17801 = CARTESIAN_POINT('',(24.542037084074,-14.52103124206,0.));
#17802 = VERTEX_POINT('',#17803);
#17803 = CARTESIAN_POINT('',(25.242062484125,-14.52103124206,0.));
#17804 = CIRCLE('',#17805,0.350012700025);
#17805 = AXIS2_PLACEMENT_3D('',#17806,#17807,#17808);
#17806 = CARTESIAN_POINT('',(24.8920497841,-14.52103124206,0.));
#17807 = DIRECTION('',(0.,0.,1.));
#17808 = DIRECTION('',(-1.,-1.110223024625E-16,0.));
#17809 = ORIENTED_EDGE('',*,*,#17810,.T.);
#17810 = EDGE_CURVE('',#17802,#17800,#17811,.T.);
#17811 = CIRCLE('',#17812,0.350012700025);
#17812 = AXIS2_PLACEMENT_3D('',#17813,#17814,#17815);
#17813 = CARTESIAN_POINT('',(24.8920497841,-14.52103124206,0.));
#17814 = DIRECTION('',(0.,0.,1.));
#17815 = DIRECTION('',(1.,1.110223024625E-16,-0.));
#17816 = PLANE('',#17817);
#17817 = AXIS2_PLACEMENT_3D('',#17818,#17819,#17820);
#17818 = CARTESIAN_POINT('',(24.8920497841,-14.52095504191,0.));
#17819 = DIRECTION('',(-0.,-0.,-1.));
#17820 = DIRECTION('',(-1.,0.,0.));
#17821 = SHELL_BASED_SURFACE_MODEL('',(#17822));
#17822 = OPEN_SHELL('',(#17823));
#17823 = ADVANCED_FACE('',(#17824,#17844),#17864,.T.);
#17824 = FACE_BOUND('',#17825,.T.);
#17825 = EDGE_LOOP('',(#17826,#17837));
#17826 = ORIENTED_EDGE('',*,*,#17827,.T.);
#17827 = EDGE_CURVE('',#17828,#17830,#17832,.T.);
#17828 = VERTEX_POINT('',#17829);
#17829 = CARTESIAN_POINT('',(34.047066294133,-24.13004826009,0.));
#17830 = VERTEX_POINT('',#17831);
#17831 = CARTESIAN_POINT('',(32.247066294133,-24.13004826009,0.));
#17832 = CIRCLE('',#17833,0.9);
#17833 = AXIS2_PLACEMENT_3D('',#17834,#17835,#17836);
#17834 = CARTESIAN_POINT('',(33.147066294133,-24.13004826009,0.));
#17835 = DIRECTION('',(-0.,0.,-1.));
#17836 = DIRECTION('',(1.,-1.110223024625E-16,-0.));
#17837 = ORIENTED_EDGE('',*,*,#17838,.T.);
#17838 = EDGE_CURVE('',#17830,#17828,#17839,.T.);
#17839 = CIRCLE('',#17840,0.9);
#17840 = AXIS2_PLACEMENT_3D('',#17841,#17842,#17843);
#17841 = CARTESIAN_POINT('',(33.147066294133,-24.13004826009,0.));
#17842 = DIRECTION('',(0.,0.,-1.));
#17843 = DIRECTION('',(-1.,1.110223024625E-16,0.));
#17844 = FACE_BOUND('',#17845,.T.);
#17845 = EDGE_LOOP('',(#17846,#17857));
#17846 = ORIENTED_EDGE('',*,*,#17847,.T.);
#17847 = EDGE_CURVE('',#17848,#17850,#17852,.T.);
#17848 = VERTEX_POINT('',#17849);
#17849 = CARTESIAN_POINT('',(32.647066294133,-24.13004826009,0.));
#17850 = VERTEX_POINT('',#17851);
#17851 = CARTESIAN_POINT('',(33.647066294133,-24.13004826009,0.));
#17852 = CIRCLE('',#17853,0.5);
#17853 = AXIS2_PLACEMENT_3D('',#17854,#17855,#17856);
#17854 = CARTESIAN_POINT('',(33.147066294133,-24.13004826009,0.));
#17855 = DIRECTION('',(0.,0.,1.));
#17856 = DIRECTION('',(-1.,-1.110223024625E-16,0.));
#17857 = ORIENTED_EDGE('',*,*,#17858,.T.);
#17858 = EDGE_CURVE('',#17850,#17848,#17859,.T.);
#17859 = CIRCLE('',#17860,0.5);
#17860 = AXIS2_PLACEMENT_3D('',#17861,#17862,#17863);
#17861 = CARTESIAN_POINT('',(33.147066294133,-24.13004826009,0.));
#17862 = DIRECTION('',(0.,0.,1.));
#17863 = DIRECTION('',(1.,1.110223024625E-16,-0.));
#17864 = PLANE('',#17865);
#17865 = AXIS2_PLACEMENT_3D('',#17866,#17867,#17868);
#17866 = CARTESIAN_POINT('',(33.147066294133,-24.13004826009,0.));
#17867 = DIRECTION('',(-0.,-0.,-1.));
#17868 = DIRECTION('',(-1.,0.,0.));
#17869 = SHELL_BASED_SURFACE_MODEL('',(#17870));
#17870 = OPEN_SHELL('',(#17871));
#17871 = ADVANCED_FACE('',(#17872,#17892),#17912,.T.);
#17872 = FACE_BOUND('',#17873,.T.);
#17873 = EDGE_LOOP('',(#17874,#17885));
#17874 = ORIENTED_EDGE('',*,*,#17875,.T.);
#17875 = EDGE_CURVE('',#17876,#17878,#17880,.T.);
#17876 = VERTEX_POINT('',#17877);
#17877 = CARTESIAN_POINT('',(39.508077216154,23.368046736093,0.));
#17878 = VERTEX_POINT('',#17879);
#17879 = CARTESIAN_POINT('',(37.708077216154,23.368046736093,0.));
#17880 = CIRCLE('',#17881,0.9);
#17881 = AXIS2_PLACEMENT_3D('',#17882,#17883,#17884);
#17882 = CARTESIAN_POINT('',(38.608077216154,23.368046736093,0.));
#17883 = DIRECTION('',(-0.,0.,-1.));
#17884 = DIRECTION('',(1.,-1.110223024625E-16,-0.));
#17885 = ORIENTED_EDGE('',*,*,#17886,.T.);
#17886 = EDGE_CURVE('',#17878,#17876,#17887,.T.);
#17887 = CIRCLE('',#17888,0.9);
#17888 = AXIS2_PLACEMENT_3D('',#17889,#17890,#17891);
#17889 = CARTESIAN_POINT('',(38.608077216154,23.368046736093,0.));
#17890 = DIRECTION('',(0.,0.,-1.));
#17891 = DIRECTION('',(-1.,1.110223024625E-16,0.));
#17892 = FACE_BOUND('',#17893,.T.);
#17893 = EDGE_LOOP('',(#17894,#17905));
#17894 = ORIENTED_EDGE('',*,*,#17895,.T.);
#17895 = EDGE_CURVE('',#17896,#17898,#17900,.T.);
#17896 = VERTEX_POINT('',#17897);
#17897 = CARTESIAN_POINT('',(38.108077216154,23.368046736093,0.));
#17898 = VERTEX_POINT('',#17899);
#17899 = CARTESIAN_POINT('',(39.108077216154,23.368046736093,0.));
#17900 = CIRCLE('',#17901,0.5);
#17901 = AXIS2_PLACEMENT_3D('',#17902,#17903,#17904);
#17902 = CARTESIAN_POINT('',(38.608077216154,23.368046736093,0.));
#17903 = DIRECTION('',(0.,0.,1.));
#17904 = DIRECTION('',(-1.,-1.110223024625E-16,0.));
#17905 = ORIENTED_EDGE('',*,*,#17906,.T.);
#17906 = EDGE_CURVE('',#17898,#17896,#17907,.T.);
#17907 = CIRCLE('',#17908,0.5);
#17908 = AXIS2_PLACEMENT_3D('',#17909,#17910,#17911);
#17909 = CARTESIAN_POINT('',(38.608077216154,23.368046736093,0.));
#17910 = DIRECTION('',(0.,0.,1.));
#17911 = DIRECTION('',(1.,1.110223024625E-16,-0.));
#17912 = PLANE('',#17913);
#17913 = AXIS2_PLACEMENT_3D('',#17914,#17915,#17916);
#17914 = CARTESIAN_POINT('',(38.608077216154,23.368046736093,0.));
#17915 = DIRECTION('',(-0.,-0.,-1.));
#17916 = DIRECTION('',(-1.,0.,0.));
#17917 = SHELL_BASED_SURFACE_MODEL('',(#17918));
#17918 = OPEN_SHELL('',(#17919));
#17919 = ADVANCED_FACE('',(#17920,#17940),#17960,.T.);
#17920 = FACE_BOUND('',#17921,.T.);
#17921 = EDGE_LOOP('',(#17922,#17933));
#17922 = ORIENTED_EDGE('',*,*,#17923,.T.);
#17923 = EDGE_CURVE('',#17924,#17926,#17928,.T.);
#17924 = VERTEX_POINT('',#17925);
#17925 = CARTESIAN_POINT('',(47.509093218186,-1.397002794006,0.));
#17926 = VERTEX_POINT('',#17927);
#17927 = CARTESIAN_POINT('',(45.709093218186,-1.397002794006,0.));
#17928 = CIRCLE('',#17929,0.9);
#17929 = AXIS2_PLACEMENT_3D('',#17930,#17931,#17932);
#17930 = CARTESIAN_POINT('',(46.609093218186,-1.397002794006,0.));
#17931 = DIRECTION('',(-0.,0.,-1.));
#17932 = DIRECTION('',(1.,-1.110223024625E-16,-0.));
#17933 = ORIENTED_EDGE('',*,*,#17934,.T.);
#17934 = EDGE_CURVE('',#17926,#17924,#17935,.T.);
#17935 = CIRCLE('',#17936,0.9);
#17936 = AXIS2_PLACEMENT_3D('',#17937,#17938,#17939);
#17937 = CARTESIAN_POINT('',(46.609093218186,-1.397002794006,0.));
#17938 = DIRECTION('',(0.,0.,-1.));
#17939 = DIRECTION('',(-1.,1.110223024625E-16,0.));
#17940 = FACE_BOUND('',#17941,.T.);
#17941 = EDGE_LOOP('',(#17942,#17953));
#17942 = ORIENTED_EDGE('',*,*,#17943,.T.);
#17943 = EDGE_CURVE('',#17944,#17946,#17948,.T.);
#17944 = VERTEX_POINT('',#17945);
#17945 = CARTESIAN_POINT('',(46.109093218186,-1.397002794006,0.));
#17946 = VERTEX_POINT('',#17947);
#17947 = CARTESIAN_POINT('',(47.109093218186,-1.397002794006,0.));
#17948 = CIRCLE('',#17949,0.5);
#17949 = AXIS2_PLACEMENT_3D('',#17950,#17951,#17952);
#17950 = CARTESIAN_POINT('',(46.609093218186,-1.397002794006,0.));
#17951 = DIRECTION('',(0.,0.,1.));
#17952 = DIRECTION('',(-1.,-1.110223024625E-16,0.));
#17953 = ORIENTED_EDGE('',*,*,#17954,.T.);
#17954 = EDGE_CURVE('',#17946,#17944,#17955,.T.);
#17955 = CIRCLE('',#17956,0.5);
#17956 = AXIS2_PLACEMENT_3D('',#17957,#17958,#17959);
#17957 = CARTESIAN_POINT('',(46.609093218186,-1.397002794006,0.));
#17958 = DIRECTION('',(0.,0.,1.));
#17959 = DIRECTION('',(1.,1.110223024625E-16,-0.));
#17960 = PLANE('',#17961);
#17961 = AXIS2_PLACEMENT_3D('',#17962,#17963,#17964);
#17962 = CARTESIAN_POINT('',(46.609093218186,-1.397002794006,0.));
#17963 = DIRECTION('',(-0.,-0.,-1.));
#17964 = DIRECTION('',(-1.,0.,0.));
#17965 = ( GEOMETRIC_REPRESENTATION_CONTEXT(3) 
GLOBAL_UNCERTAINTY_ASSIGNED_CONTEXT((#17969)) 
GLOBAL_UNIT_ASSIGNED_CONTEXT((#17966,#17967,#17968)) 
REPRESENTATION_CONTEXT('Context #1',
  '3D Context with UNIT and UNCERTAINTY') );
#17966 = ( LENGTH_UNIT() NAMED_UNIT(*) SI_UNIT(.MILLI.,.METRE.) );
#17967 = ( NAMED_UNIT(*) PLANE_ANGLE_UNIT() SI_UNIT($,.RADIAN.) );
#17968 = ( NAMED_UNIT(*) SI_UNIT($,.STERADIAN.) SOLID_ANGLE_UNIT() );
#17969 = UNCERTAINTY_MEASURE_WITH_UNIT(LENGTH_MEASURE(1.E-07),#17966,
  'distance_accuracy_value','confusion accuracy');
#17970 = CONTEXT_DEPENDENT_SHAPE_REPRESENTATION(#17971,#17973);
#17971 = ( REPRESENTATION_RELATIONSHIP('','',#12028,#10) 
REPRESENTATION_RELATIONSHIP_WITH_TRANSFORMATION(#17972) 
SHAPE_REPRESENTATION_RELATIONSHIP() );
#17972 = ITEM_DEFINED_TRANSFORMATION('','',#11,#23);
#17973 = PRODUCT_DEFINITION_SHAPE('Placement','Placement of an item',
  #17974);
#17974 = NEXT_ASSEMBLY_USAGE_OCCURRENCE('3','=>[0:1:1:4]','',#5,#12023,$
  );
#17975 = PRODUCT_RELATED_PRODUCT_CATEGORY('part',$,(#12025));
#17976 = SHAPE_DEFINITION_REPRESENTATION(#17977,#17983);
#17977 = PRODUCT_DEFINITION_SHAPE('','',#17978);
#17978 = PRODUCT_DEFINITION('design','',#17979,#17982);
#17979 = PRODUCT_DEFINITION_FORMATION('','',#17980);
#17980 = PRODUCT('TopFpcStiffener~n1b3','TopFpcStiffener~n1b3','',(
    #17981));
#17981 = PRODUCT_CONTEXT('',#2,'mechanical');
#17982 = PRODUCT_DEFINITION_CONTEXT('part definition',#2,'design');
#17983 = SHAPE_REPRESENTATION('',(#11),#17984);
#17984 = ( GEOMETRIC_REPRESENTATION_CONTEXT(3) 
GLOBAL_UNCERTAINTY_ASSIGNED_CONTEXT((#17988)) 
GLOBAL_UNIT_ASSIGNED_CONTEXT((#17985,#17986,#17987)) 
REPRESENTATION_CONTEXT('Context #1',
  '3D Context with UNIT and UNCERTAINTY') );
#17985 = ( LENGTH_UNIT() NAMED_UNIT(*) SI_UNIT(.MILLI.,.METRE.) );
#17986 = ( NAMED_UNIT(*) PLANE_ANGLE_UNIT() SI_UNIT($,.RADIAN.) );
#17987 = ( NAMED_UNIT(*) SI_UNIT($,.STERADIAN.) SOLID_ANGLE_UNIT() );
#17988 = UNCERTAINTY_MEASURE_WITH_UNIT(LENGTH_MEASURE(1.E-07),#17985,
  'distance_accuracy_value','confusion accuracy');
#17989 = CONTEXT_DEPENDENT_SHAPE_REPRESENTATION(#17990,#17992);
#17990 = ( REPRESENTATION_RELATIONSHIP('','',#17983,#10) 
REPRESENTATION_RELATIONSHIP_WITH_TRANSFORMATION(#17991) 
SHAPE_REPRESENTATION_RELATIONSHIP() );
#17991 = ITEM_DEFINED_TRANSFORMATION('','',#11,#27);
#17992 = PRODUCT_DEFINITION_SHAPE('Placement','Placement of an item',
  #17993);
#17993 = NEXT_ASSEMBLY_USAGE_OCCURRENCE('4','=>[0:1:1:5]','',#5,#17978,$
  );
#17994 = PRODUCT_RELATED_PRODUCT_CATEGORY('part',$,(#17980));
#17995 = SHAPE_DEFINITION_REPRESENTATION(#17996,#18002);
#17996 = PRODUCT_DEFINITION_SHAPE('','',#17997);
#17997 = PRODUCT_DEFINITION('design','',#17998,#18001);
#17998 = PRODUCT_DEFINITION_FORMATION('','',#17999);
#17999 = PRODUCT('BottomFpcStiffener~n1b3','BottomFpcStiffener~n1b3','',
  (#18000));
#18000 = PRODUCT_CONTEXT('',#2,'mechanical');
#18001 = PRODUCT_DEFINITION_CONTEXT('part definition',#2,'design');
#18002 = SHAPE_REPRESENTATION('',(#11),#18003);
#18003 = ( GEOMETRIC_REPRESENTATION_CONTEXT(3) 
GLOBAL_UNCERTAINTY_ASSIGNED_CONTEXT((#18007)) 
GLOBAL_UNIT_ASSIGNED_CONTEXT((#18004,#18005,#18006)) 
REPRESENTATION_CONTEXT('Context #1',
  '3D Context with UNIT and UNCERTAINTY') );
#18004 = ( LENGTH_UNIT() NAMED_UNIT(*) SI_UNIT(.MILLI.,.METRE.) );
#18005 = ( NAMED_UNIT(*) PLANE_ANGLE_UNIT() SI_UNIT($,.RADIAN.) );
#18006 = ( NAMED_UNIT(*) SI_UNIT($,.STERADIAN.) SOLID_ANGLE_UNIT() );
#18007 = UNCERTAINTY_MEASURE_WITH_UNIT(LENGTH_MEASURE(1.E-07),#18004,
  'distance_accuracy_value','confusion accuracy');
#18008 = CONTEXT_DEPENDENT_SHAPE_REPRESENTATION(#18009,#18011);
#18009 = ( REPRESENTATION_RELATIONSHIP('','',#18002,#10) 
REPRESENTATION_RELATIONSHIP_WITH_TRANSFORMATION(#18010) 
SHAPE_REPRESENTATION_RELATIONSHIP() );
#18010 = ITEM_DEFINED_TRANSFORMATION('','',#11,#31);
#18011 = PRODUCT_DEFINITION_SHAPE('Placement','Placement of an item',
  #18012);
#18012 = NEXT_ASSEMBLY_USAGE_OCCURRENCE('5','=>[0:1:1:6]','',#5,#17997,$
  );
#18013 = PRODUCT_RELATED_PRODUCT_CATEGORY('part',$,(#17999));
#18014 = MECHANICAL_DESIGN_GEOMETRIC_PRESENTATION_REPRESENTATION('',(
    #18015,#18023,#18030,#18037,#18044,#18051,#18058,#18065,#18072,
    #18079,#18086,#18093,#18100,#18107,#18114,#18121,#18128,#18135,
    #18142,#18149,#18156,#18163,#18170,#18177,#18184,#18191,#18198,
    #18205,#18212,#18219,#18226,#18233,#18240,#18247,#18254,#18261,
    #18268,#18275,#18282,#18289,#18296,#18303,#18310,#18317,#18324),
  #17965);
#18015 = STYLED_ITEM('color',(#18016),#12031);
#18016 = PRESENTATION_STYLE_ASSIGNMENT((#18017));
#18017 = SURFACE_STYLE_USAGE(.BOTH.,#18018);
#18018 = SURFACE_SIDE_STYLE('',(#18019));
#18019 = SURFACE_STYLE_FILL_AREA(#18020);
#18020 = FILL_AREA_STYLE('',(#18021));
#18021 = FILL_AREA_STYLE_COLOUR('',#18022);
#18022 = COLOUR_RGB('',0.,0.553236914241,0.749387990722);
#18023 = STYLED_ITEM('color',(#18024),#13161);
#18024 = PRESENTATION_STYLE_ASSIGNMENT((#18025));
#18025 = SURFACE_STYLE_USAGE(.BOTH.,#18026);
#18026 = SURFACE_SIDE_STYLE('',(#18027));
#18027 = SURFACE_STYLE_FILL_AREA(#18028);
#18028 = FILL_AREA_STYLE('',(#18029));
#18029 = FILL_AREA_STYLE_COLOUR('',#18022);
#18030 = STYLED_ITEM('color',(#18031),#13209);
#18031 = PRESENTATION_STYLE_ASSIGNMENT((#18032));
#18032 = SURFACE_STYLE_USAGE(.BOTH.,#18033);
#18033 = SURFACE_SIDE_STYLE('',(#18034));
#18034 = SURFACE_STYLE_FILL_AREA(#18035);
#18035 = FILL_AREA_STYLE('',(#18036));
#18036 = FILL_AREA_STYLE_COLOUR('',#18022);
#18037 = STYLED_ITEM('color',(#18038),#13336);
#18038 = PRESENTATION_STYLE_ASSIGNMENT((#18039));
#18039 = SURFACE_STYLE_USAGE(.BOTH.,#18040);
#18040 = SURFACE_SIDE_STYLE('',(#18041));
#18041 = SURFACE_STYLE_FILL_AREA(#18042);
#18042 = FILL_AREA_STYLE('',(#18043));
#18043 = FILL_AREA_STYLE_COLOUR('',#18022);
#18044 = STYLED_ITEM('color',(#18045),#13763);
#18045 = PRESENTATION_STYLE_ASSIGNMENT((#18046));
#18046 = SURFACE_STYLE_USAGE(.BOTH.,#18047);
#18047 = SURFACE_SIDE_STYLE('',(#18048));
#18048 = SURFACE_STYLE_FILL_AREA(#18049);
#18049 = FILL_AREA_STYLE('',(#18050));
#18050 = FILL_AREA_STYLE_COLOUR('',#18022);
#18051 = STYLED_ITEM('color',(#18052),#13940);
#18052 = PRESENTATION_STYLE_ASSIGNMENT((#18053));
#18053 = SURFACE_STYLE_USAGE(.BOTH.,#18054);
#18054 = SURFACE_SIDE_STYLE('',(#18055));
#18055 = SURFACE_STYLE_FILL_AREA(#18056);
#18056 = FILL_AREA_STYLE('',(#18057));
#18057 = FILL_AREA_STYLE_COLOUR('',#18022);
#18058 = STYLED_ITEM('color',(#18059),#13988);
#18059 = PRESENTATION_STYLE_ASSIGNMENT((#18060));
#18060 = SURFACE_STYLE_USAGE(.BOTH.,#18061);
#18061 = SURFACE_SIDE_STYLE('',(#18062));
#18062 = SURFACE_STYLE_FILL_AREA(#18063);
#18063 = FILL_AREA_STYLE('',(#18064));
#18064 = FILL_AREA_STYLE_COLOUR('',#18022);
#18065 = STYLED_ITEM('color',(#18066),#14350);
#18066 = PRESENTATION_STYLE_ASSIGNMENT((#18067));
#18067 = SURFACE_STYLE_USAGE(.BOTH.,#18068);
#18068 = SURFACE_SIDE_STYLE('',(#18069));
#18069 = SURFACE_STYLE_FILL_AREA(#18070);
#18070 = FILL_AREA_STYLE('',(#18071));
#18071 = FILL_AREA_STYLE_COLOUR('',#18022);
#18072 = STYLED_ITEM('color',(#18073),#14549);
#18073 = PRESENTATION_STYLE_ASSIGNMENT((#18074));
#18074 = SURFACE_STYLE_USAGE(.BOTH.,#18075);
#18075 = SURFACE_SIDE_STYLE('',(#18076));
#18076 = SURFACE_STYLE_FILL_AREA(#18077);
#18077 = FILL_AREA_STYLE('',(#18078));
#18078 = FILL_AREA_STYLE_COLOUR('',#18022);
#18079 = STYLED_ITEM('color',(#18080),#14901);
#18080 = PRESENTATION_STYLE_ASSIGNMENT((#18081));
#18081 = SURFACE_STYLE_USAGE(.BOTH.,#18082);
#18082 = SURFACE_SIDE_STYLE('',(#18083));
#18083 = SURFACE_STYLE_FILL_AREA(#18084);
#18084 = FILL_AREA_STYLE('',(#18085));
#18085 = FILL_AREA_STYLE_COLOUR('',#18022);
#18086 = STYLED_ITEM('color',(#18087),#15028);
#18087 = PRESENTATION_STYLE_ASSIGNMENT((#18088));
#18088 = SURFACE_STYLE_USAGE(.BOTH.,#18089);
#18089 = SURFACE_SIDE_STYLE('',(#18090));
#18090 = SURFACE_STYLE_FILL_AREA(#18091);
#18091 = FILL_AREA_STYLE('',(#18092));
#18092 = FILL_AREA_STYLE_COLOUR('',#18022);
#18093 = STYLED_ITEM('color',(#18094),#15076);
#18094 = PRESENTATION_STYLE_ASSIGNMENT((#18095));
#18095 = SURFACE_STYLE_USAGE(.BOTH.,#18096);
#18096 = SURFACE_SIDE_STYLE('',(#18097));
#18097 = SURFACE_STYLE_FILL_AREA(#18098);
#18098 = FILL_AREA_STYLE('',(#18099));
#18099 = FILL_AREA_STYLE_COLOUR('',#18022);
#18100 = STYLED_ITEM('color',(#18101),#15124);
#18101 = PRESENTATION_STYLE_ASSIGNMENT((#18102));
#18102 = SURFACE_STYLE_USAGE(.BOTH.,#18103);
#18103 = SURFACE_SIDE_STYLE('',(#18104));
#18104 = SURFACE_STYLE_FILL_AREA(#18105);
#18105 = FILL_AREA_STYLE('',(#18106));
#18106 = FILL_AREA_STYLE_COLOUR('',#18022);
#18107 = STYLED_ITEM('color',(#18108),#15172);
#18108 = PRESENTATION_STYLE_ASSIGNMENT((#18109));
#18109 = SURFACE_STYLE_USAGE(.BOTH.,#18110);
#18110 = SURFACE_SIDE_STYLE('',(#18111));
#18111 = SURFACE_STYLE_FILL_AREA(#18112);
#18112 = FILL_AREA_STYLE('',(#18113));
#18113 = FILL_AREA_STYLE_COLOUR('',#18022);
#18114 = STYLED_ITEM('color',(#18115),#15349);
#18115 = PRESENTATION_STYLE_ASSIGNMENT((#18116));
#18116 = SURFACE_STYLE_USAGE(.BOTH.,#18117);
#18117 = SURFACE_SIDE_STYLE('',(#18118));
#18118 = SURFACE_STYLE_FILL_AREA(#18119);
#18119 = FILL_AREA_STYLE('',(#18120));
#18120 = FILL_AREA_STYLE_COLOUR('',#18022);
#18121 = STYLED_ITEM('color',(#18122),#15397);
#18122 = PRESENTATION_STYLE_ASSIGNMENT((#18123));
#18123 = SURFACE_STYLE_USAGE(.BOTH.,#18124);
#18124 = SURFACE_SIDE_STYLE('',(#18125));
#18125 = SURFACE_STYLE_FILL_AREA(#18126);
#18126 = FILL_AREA_STYLE('',(#18127));
#18127 = FILL_AREA_STYLE_COLOUR('',#18022);
#18128 = STYLED_ITEM('color',(#18129),#15524);
#18129 = PRESENTATION_STYLE_ASSIGNMENT((#18130));
#18130 = SURFACE_STYLE_USAGE(.BOTH.,#18131);
#18131 = SURFACE_SIDE_STYLE('',(#18132));
#18132 = SURFACE_STYLE_FILL_AREA(#18133);
#18133 = FILL_AREA_STYLE('',(#18134));
#18134 = FILL_AREA_STYLE_COLOUR('',#18022);
#18135 = STYLED_ITEM('color',(#18136),#15572);
#18136 = PRESENTATION_STYLE_ASSIGNMENT((#18137));
#18137 = SURFACE_STYLE_USAGE(.BOTH.,#18138);
#18138 = SURFACE_SIDE_STYLE('',(#18139));
#18139 = SURFACE_STYLE_FILL_AREA(#18140);
#18140 = FILL_AREA_STYLE('',(#18141));
#18141 = FILL_AREA_STYLE_COLOUR('',#18022);
#18142 = STYLED_ITEM('color',(#18143),#15674);
#18143 = PRESENTATION_STYLE_ASSIGNMENT((#18144));
#18144 = SURFACE_STYLE_USAGE(.BOTH.,#18145);
#18145 = SURFACE_SIDE_STYLE('',(#18146));
#18146 = SURFACE_STYLE_FILL_AREA(#18147);
#18147 = FILL_AREA_STYLE('',(#18148));
#18148 = FILL_AREA_STYLE_COLOUR('',#18022);
#18149 = STYLED_ITEM('color',(#18150),#15738);
#18150 = PRESENTATION_STYLE_ASSIGNMENT((#18151));
#18151 = SURFACE_STYLE_USAGE(.BOTH.,#18152);
#18152 = SURFACE_SIDE_STYLE('',(#18153));
#18153 = SURFACE_STYLE_FILL_AREA(#18154);
#18154 = FILL_AREA_STYLE('',(#18155));
#18155 = FILL_AREA_STYLE_COLOUR('',#18022);
#18156 = STYLED_ITEM('color',(#18157),#15802);
#18157 = PRESENTATION_STYLE_ASSIGNMENT((#18158));
#18158 = SURFACE_STYLE_USAGE(.BOTH.,#18159);
#18159 = SURFACE_SIDE_STYLE('',(#18160));
#18160 = SURFACE_STYLE_FILL_AREA(#18161);
#18161 = FILL_AREA_STYLE('',(#18162));
#18162 = FILL_AREA_STYLE_COLOUR('',#18022);
#18163 = STYLED_ITEM('color',(#18164),#15904);
#18164 = PRESENTATION_STYLE_ASSIGNMENT((#18165));
#18165 = SURFACE_STYLE_USAGE(.BOTH.,#18166);
#18166 = SURFACE_SIDE_STYLE('',(#18167));
#18167 = SURFACE_STYLE_FILL_AREA(#18168);
#18168 = FILL_AREA_STYLE('',(#18169));
#18169 = FILL_AREA_STYLE_COLOUR('',#18022);
#18170 = STYLED_ITEM('color',(#18171),#15968);
#18171 = PRESENTATION_STYLE_ASSIGNMENT((#18172));
#18172 = SURFACE_STYLE_USAGE(.BOTH.,#18173);
#18173 = SURFACE_SIDE_STYLE('',(#18174));
#18174 = SURFACE_STYLE_FILL_AREA(#18175);
#18175 = FILL_AREA_STYLE('',(#18176));
#18176 = FILL_AREA_STYLE_COLOUR('',#18022);
#18177 = STYLED_ITEM('color',(#18178),#16032);
#18178 = PRESENTATION_STYLE_ASSIGNMENT((#18179));
#18179 = SURFACE_STYLE_USAGE(.BOTH.,#18180);
#18180 = SURFACE_SIDE_STYLE('',(#18181));
#18181 = SURFACE_STYLE_FILL_AREA(#18182);
#18182 = FILL_AREA_STYLE('',(#18183));
#18183 = FILL_AREA_STYLE_COLOUR('',#18022);
#18184 = STYLED_ITEM('color',(#18185),#16094);
#18185 = PRESENTATION_STYLE_ASSIGNMENT((#18186));
#18186 = SURFACE_STYLE_USAGE(.BOTH.,#18187);
#18187 = SURFACE_SIDE_STYLE('',(#18188));
#18188 = SURFACE_STYLE_FILL_AREA(#18189);
#18189 = FILL_AREA_STYLE('',(#18190));
#18190 = FILL_AREA_STYLE_COLOUR('',#18022);
#18191 = STYLED_ITEM('color',(#18192),#16320);
#18192 = PRESENTATION_STYLE_ASSIGNMENT((#18193));
#18193 = SURFACE_STYLE_USAGE(.BOTH.,#18194);
#18194 = SURFACE_SIDE_STYLE('',(#18195));
#18195 = SURFACE_STYLE_FILL_AREA(#18196);
#18196 = FILL_AREA_STYLE('',(#18197));
#18197 = FILL_AREA_STYLE_COLOUR('',#18022);
#18198 = STYLED_ITEM('color',(#18199),#16384);
#18199 = PRESENTATION_STYLE_ASSIGNMENT((#18200));
#18200 = SURFACE_STYLE_USAGE(.BOTH.,#18201);
#18201 = SURFACE_SIDE_STYLE('',(#18202));
#18202 = SURFACE_STYLE_FILL_AREA(#18203);
#18203 = FILL_AREA_STYLE('',(#18204));
#18204 = FILL_AREA_STYLE_COLOUR('',#18022);
#18205 = STYLED_ITEM('color',(#18206),#16448);
#18206 = PRESENTATION_STYLE_ASSIGNMENT((#18207));
#18207 = SURFACE_STYLE_USAGE(.BOTH.,#18208);
#18208 = SURFACE_SIDE_STYLE('',(#18209));
#18209 = SURFACE_STYLE_FILL_AREA(#18210);
#18210 = FILL_AREA_STYLE('',(#18211));
#18211 = FILL_AREA_STYLE_COLOUR('',#18022);
#18212 = STYLED_ITEM('color',(#18213),#16575);
#18213 = PRESENTATION_STYLE_ASSIGNMENT((#18214));
#18214 = SURFACE_STYLE_USAGE(.BOTH.,#18215);
#18215 = SURFACE_SIDE_STYLE('',(#18216));
#18216 = SURFACE_STYLE_FILL_AREA(#18217);
#18217 = FILL_AREA_STYLE('',(#18218));
#18218 = FILL_AREA_STYLE_COLOUR('',#18022);
#18219 = STYLED_ITEM('color',(#18220),#16639);
#18220 = PRESENTATION_STYLE_ASSIGNMENT((#18221));
#18221 = SURFACE_STYLE_USAGE(.BOTH.,#18222);
#18222 = SURFACE_SIDE_STYLE('',(#18223));
#18223 = SURFACE_STYLE_FILL_AREA(#18224);
#18224 = FILL_AREA_STYLE('',(#18225));
#18225 = FILL_AREA_STYLE_COLOUR('',#18022);
#18226 = STYLED_ITEM('color',(#18227),#16766);
#18227 = PRESENTATION_STYLE_ASSIGNMENT((#18228));
#18228 = SURFACE_STYLE_USAGE(.BOTH.,#18229);
#18229 = SURFACE_SIDE_STYLE('',(#18230));
#18230 = SURFACE_STYLE_FILL_AREA(#18231);
#18231 = FILL_AREA_STYLE('',(#18232));
#18232 = FILL_AREA_STYLE_COLOUR('',#18022);
#18233 = STYLED_ITEM('color',(#18234),#17042);
#18234 = PRESENTATION_STYLE_ASSIGNMENT((#18235));
#18235 = SURFACE_STYLE_USAGE(.BOTH.,#18236);
#18236 = SURFACE_SIDE_STYLE('',(#18237));
#18237 = SURFACE_STYLE_FILL_AREA(#18238);
#18238 = FILL_AREA_STYLE('',(#18239));
#18239 = FILL_AREA_STYLE_COLOUR('',#18022);
#18240 = STYLED_ITEM('color',(#18241),#17194);
#18241 = PRESENTATION_STYLE_ASSIGNMENT((#18242));
#18242 = SURFACE_STYLE_USAGE(.BOTH.,#18243);
#18243 = SURFACE_SIDE_STYLE('',(#18244));
#18244 = SURFACE_STYLE_FILL_AREA(#18245);
#18245 = FILL_AREA_STYLE('',(#18246));
#18246 = FILL_AREA_STYLE_COLOUR('',#18022);
#18247 = STYLED_ITEM('color',(#18248),#17296);
#18248 = PRESENTATION_STYLE_ASSIGNMENT((#18249));
#18249 = SURFACE_STYLE_USAGE(.BOTH.,#18250);
#18250 = SURFACE_SIDE_STYLE('',(#18251));
#18251 = SURFACE_STYLE_FILL_AREA(#18252);
#18252 = FILL_AREA_STYLE('',(#18253));
#18253 = FILL_AREA_STYLE_COLOUR('',#18022);
#18254 = STYLED_ITEM('color',(#18255),#17344);
#18255 = PRESENTATION_STYLE_ASSIGNMENT((#18256));
#18256 = SURFACE_STYLE_USAGE(.BOTH.,#18257);
#18257 = SURFACE_SIDE_STYLE('',(#18258));
#18258 = SURFACE_STYLE_FILL_AREA(#18259);
#18259 = FILL_AREA_STYLE('',(#18260));
#18260 = FILL_AREA_STYLE_COLOUR('',#18022);
#18261 = STYLED_ITEM('color',(#18262),#17392);
#18262 = PRESENTATION_STYLE_ASSIGNMENT((#18263));
#18263 = SURFACE_STYLE_USAGE(.BOTH.,#18264);
#18264 = SURFACE_SIDE_STYLE('',(#18265));
#18265 = SURFACE_STYLE_FILL_AREA(#18266);
#18266 = FILL_AREA_STYLE('',(#18267));
#18267 = FILL_AREA_STYLE_COLOUR('',#18022);
#18268 = STYLED_ITEM('color',(#18269),#17456);
#18269 = PRESENTATION_STYLE_ASSIGNMENT((#18270));
#18270 = SURFACE_STYLE_USAGE(.BOTH.,#18271);
#18271 = SURFACE_SIDE_STYLE('',(#18272));
#18272 = SURFACE_STYLE_FILL_AREA(#18273);
#18273 = FILL_AREA_STYLE('',(#18274));
#18274 = FILL_AREA_STYLE_COLOUR('',#18022);
#18275 = STYLED_ITEM('color',(#18276),#17504);
#18276 = PRESENTATION_STYLE_ASSIGNMENT((#18277));
#18277 = SURFACE_STYLE_USAGE(.BOTH.,#18278);
#18278 = SURFACE_SIDE_STYLE('',(#18279));
#18279 = SURFACE_STYLE_FILL_AREA(#18280);
#18280 = FILL_AREA_STYLE('',(#18281));
#18281 = FILL_AREA_STYLE_COLOUR('',#18022);
#18282 = STYLED_ITEM('color',(#18283),#17552);
#18283 = PRESENTATION_STYLE_ASSIGNMENT((#18284));
#18284 = SURFACE_STYLE_USAGE(.BOTH.,#18285);
#18285 = SURFACE_SIDE_STYLE('',(#18286));
#18286 = SURFACE_STYLE_FILL_AREA(#18287);
#18287 = FILL_AREA_STYLE('',(#18288));
#18288 = FILL_AREA_STYLE_COLOUR('',#18022);
#18289 = STYLED_ITEM('color',(#18290),#17679);
#18290 = PRESENTATION_STYLE_ASSIGNMENT((#18291));
#18291 = SURFACE_STYLE_USAGE(.BOTH.,#18292);
#18292 = SURFACE_SIDE_STYLE('',(#18293));
#18293 = SURFACE_STYLE_FILL_AREA(#18294);
#18294 = FILL_AREA_STYLE('',(#18295));
#18295 = FILL_AREA_STYLE_COLOUR('',#18022);
#18296 = STYLED_ITEM('color',(#18297),#17727);
#18297 = PRESENTATION_STYLE_ASSIGNMENT((#18298));
#18298 = SURFACE_STYLE_USAGE(.BOTH.,#18299);
#18299 = SURFACE_SIDE_STYLE('',(#18300));
#18300 = SURFACE_STYLE_FILL_AREA(#18301);
#18301 = FILL_AREA_STYLE('',(#18302));
#18302 = FILL_AREA_STYLE_COLOUR('',#18022);
#18303 = STYLED_ITEM('color',(#18304),#17775);
#18304 = PRESENTATION_STYLE_ASSIGNMENT((#18305));
#18305 = SURFACE_STYLE_USAGE(.BOTH.,#18306);
#18306 = SURFACE_SIDE_STYLE('',(#18307));
#18307 = SURFACE_STYLE_FILL_AREA(#18308);
#18308 = FILL_AREA_STYLE('',(#18309));
#18309 = FILL_AREA_STYLE_COLOUR('',#18022);
#18310 = STYLED_ITEM('color',(#18311),#17823);
#18311 = PRESENTATION_STYLE_ASSIGNMENT((#18312));
#18312 = SURFACE_STYLE_USAGE(.BOTH.,#18313);
#18313 = SURFACE_SIDE_STYLE('',(#18314));
#18314 = SURFACE_STYLE_FILL_AREA(#18315);
#18315 = FILL_AREA_STYLE('',(#18316));
#18316 = FILL_AREA_STYLE_COLOUR('',#18022);
#18317 = STYLED_ITEM('color',(#18318),#17871);
#18318 = PRESENTATION_STYLE_ASSIGNMENT((#18319));
#18319 = SURFACE_STYLE_USAGE(.BOTH.,#18320);
#18320 = SURFACE_SIDE_STYLE('',(#18321));
#18321 = SURFACE_STYLE_FILL_AREA(#18322);
#18322 = FILL_AREA_STYLE('',(#18323));
#18323 = FILL_AREA_STYLE_COLOUR('',#18022);
#18324 = STYLED_ITEM('color',(#18325),#17919);
#18325 = PRESENTATION_STYLE_ASSIGNMENT((#18326));
#18326 = SURFACE_STYLE_USAGE(.BOTH.,#18327);
#18327 = SURFACE_SIDE_STYLE('',(#18328));
#18328 = SURFACE_STYLE_FILL_AREA(#18329);
#18329 = FILL_AREA_STYLE('',(#18330));
#18330 = FILL_AREA_STYLE_COLOUR('',#18022);
#18331 = MECHANICAL_DESIGN_GEOMETRIC_PRESENTATION_REPRESENTATION('',(
    #18332,#18342,#18350,#18357,#18364,#18371,#18378,#18385,#18392,
    #18399,#18406,#18413,#18420,#18427,#18434,#18441,#18448,#18455,
    #18462,#18469,#18476,#18483,#18490,#18497,#18504,#18511,#18518,
    #18525,#18532,#18539,#18546,#18553,#18560,#18567,#18574,#18581,
    #18588,#18595,#18602,#18609,#18616,#18623,#18630,#18637,#18644,
    #18651,#18658,#18665,#18672,#18679,#18686,#18693,#18700,#18707,
    #18714,#18721,#18728,#18735,#18742,#18749,#18756,#18763,#18770,
    #18777,#18784,#18791,#18798,#18805,#18812,#18819,#18826,#18833,
    #18840,#18847,#18854,#18861,#18868,#18875,#18882,#18889,#18896,
    #18903,#18910,#18917,#18924,#18931,#18938,#18945,#18952,#18959,
    #18966,#18973,#18980,#18987,#18994,#19001,#19008,#19015,#19022,
    #19029,#19036,#19043,#19050,#19057,#19064,#19071,#19078,#19085,
    #19092,#19099,#19106,#19113,#19120,#19127,#19134,#19141,#19148,
    #19155,#19162,#19169,#19176,#19183,#19190,#19197,#19204,#19211,
    #19218,#19225,#19232,#19239,#19246,#19253,#19260,#19267,#19274,
    #19281,#19288,#19295,#19302,#19309,#19316,#19323,#19330,#19337,
    #19344,#19351,#19358,#19365,#19372,#19379,#19386),#5613);
#18332 = STYLED_ITEM('color',(#18333),#49);
#18333 = PRESENTATION_STYLE_ASSIGNMENT((#18334,#18340));
#18334 = SURFACE_STYLE_USAGE(.BOTH.,#18335);
#18335 = SURFACE_SIDE_STYLE('',(#18336));
#18336 = SURFACE_STYLE_FILL_AREA(#18337);
#18337 = FILL_AREA_STYLE('',(#18338));
#18338 = FILL_AREA_STYLE_COLOUR('',#18339);
#18339 = COLOUR_RGB('',0.,0.377508427907,0.578582128266);
#18340 = CURVE_STYLE('',#18341,POSITIVE_LENGTH_MEASURE(0.1),#18339);
#18341 = DRAUGHTING_PRE_DEFINED_CURVE_FONT('continuous');
#18342 = OVER_RIDING_STYLED_ITEM('overriding color',(#18343),#51,#18332
  );
#18343 = PRESENTATION_STYLE_ASSIGNMENT((#18344));
#18344 = SURFACE_STYLE_USAGE(.BOTH.,#18345);
#18345 = SURFACE_SIDE_STYLE('',(#18346));
#18346 = SURFACE_STYLE_FILL_AREA(#18347);
#18347 = FILL_AREA_STYLE('',(#18348));
#18348 = FILL_AREA_STYLE_COLOUR('',#18349);
#18349 = COLOUR_RGB('',0.937179583391,0.9357410338,0.649182888601);
#18350 = OVER_RIDING_STYLED_ITEM('overriding color',(#18351),#93,#18332
  );
#18351 = PRESENTATION_STYLE_ASSIGNMENT((#18352));
#18352 = SURFACE_STYLE_USAGE(.BOTH.,#18353);
#18353 = SURFACE_SIDE_STYLE('',(#18354));
#18354 = SURFACE_STYLE_FILL_AREA(#18355);
#18355 = FILL_AREA_STYLE('',(#18356));
#18356 = FILL_AREA_STYLE_COLOUR('',#18349);
#18357 = OVER_RIDING_STYLED_ITEM('overriding color',(#18358),#117,#18332
  );
#18358 = PRESENTATION_STYLE_ASSIGNMENT((#18359));
#18359 = SURFACE_STYLE_USAGE(.BOTH.,#18360);
#18360 = SURFACE_SIDE_STYLE('',(#18361));
#18361 = SURFACE_STYLE_FILL_AREA(#18362);
#18362 = FILL_AREA_STYLE('',(#18363));
#18363 = FILL_AREA_STYLE_COLOUR('',#18349);
#18364 = OVER_RIDING_STYLED_ITEM('overriding color',(#18365),#159,#18332
  );
#18365 = PRESENTATION_STYLE_ASSIGNMENT((#18366));
#18366 = SURFACE_STYLE_USAGE(.BOTH.,#18367);
#18367 = SURFACE_SIDE_STYLE('',(#18368));
#18368 = SURFACE_STYLE_FILL_AREA(#18369);
#18369 = FILL_AREA_STYLE('',(#18370));
#18370 = FILL_AREA_STYLE_COLOUR('',#18349);
#18371 = OVER_RIDING_STYLED_ITEM('overriding color',(#18372),#183,#18332
  );
#18372 = PRESENTATION_STYLE_ASSIGNMENT((#18373));
#18373 = SURFACE_STYLE_USAGE(.BOTH.,#18374);
#18374 = SURFACE_SIDE_STYLE('',(#18375));
#18375 = SURFACE_STYLE_FILL_AREA(#18376);
#18376 = FILL_AREA_STYLE('',(#18377));
#18377 = FILL_AREA_STYLE_COLOUR('',#18349);
#18378 = OVER_RIDING_STYLED_ITEM('overriding color',(#18379),#225,#18332
  );
#18379 = PRESENTATION_STYLE_ASSIGNMENT((#18380));
#18380 = SURFACE_STYLE_USAGE(.BOTH.,#18381);
#18381 = SURFACE_SIDE_STYLE('',(#18382));
#18382 = SURFACE_STYLE_FILL_AREA(#18383);
#18383 = FILL_AREA_STYLE('',(#18384));
#18384 = FILL_AREA_STYLE_COLOUR('',#18349);
#18385 = OVER_RIDING_STYLED_ITEM('overriding color',(#18386),#249,#18332
  );
#18386 = PRESENTATION_STYLE_ASSIGNMENT((#18387));
#18387 = SURFACE_STYLE_USAGE(.BOTH.,#18388);
#18388 = SURFACE_SIDE_STYLE('',(#18389));
#18389 = SURFACE_STYLE_FILL_AREA(#18390);
#18390 = FILL_AREA_STYLE('',(#18391));
#18391 = FILL_AREA_STYLE_COLOUR('',#18349);
#18392 = OVER_RIDING_STYLED_ITEM('overriding color',(#18393),#291,#18332
  );
#18393 = PRESENTATION_STYLE_ASSIGNMENT((#18394));
#18394 = SURFACE_STYLE_USAGE(.BOTH.,#18395);
#18395 = SURFACE_SIDE_STYLE('',(#18396));
#18396 = SURFACE_STYLE_FILL_AREA(#18397);
#18397 = FILL_AREA_STYLE('',(#18398));
#18398 = FILL_AREA_STYLE_COLOUR('',#18349);
#18399 = OVER_RIDING_STYLED_ITEM('overriding color',(#18400),#315,#18332
  );
#18400 = PRESENTATION_STYLE_ASSIGNMENT((#18401));
#18401 = SURFACE_STYLE_USAGE(.BOTH.,#18402);
#18402 = SURFACE_SIDE_STYLE('',(#18403));
#18403 = SURFACE_STYLE_FILL_AREA(#18404);
#18404 = FILL_AREA_STYLE('',(#18405));
#18405 = FILL_AREA_STYLE_COLOUR('',#18349);
#18406 = OVER_RIDING_STYLED_ITEM('overriding color',(#18407),#357,#18332
  );
#18407 = PRESENTATION_STYLE_ASSIGNMENT((#18408));
#18408 = SURFACE_STYLE_USAGE(.BOTH.,#18409);
#18409 = SURFACE_SIDE_STYLE('',(#18410));
#18410 = SURFACE_STYLE_FILL_AREA(#18411);
#18411 = FILL_AREA_STYLE('',(#18412));
#18412 = FILL_AREA_STYLE_COLOUR('',#18349);
#18413 = OVER_RIDING_STYLED_ITEM('overriding color',(#18414),#381,#18332
  );
#18414 = PRESENTATION_STYLE_ASSIGNMENT((#18415));
#18415 = SURFACE_STYLE_USAGE(.BOTH.,#18416);
#18416 = SURFACE_SIDE_STYLE('',(#18417));
#18417 = SURFACE_STYLE_FILL_AREA(#18418);
#18418 = FILL_AREA_STYLE('',(#18419));
#18419 = FILL_AREA_STYLE_COLOUR('',#18349);
#18420 = OVER_RIDING_STYLED_ITEM('overriding color',(#18421),#423,#18332
  );
#18421 = PRESENTATION_STYLE_ASSIGNMENT((#18422));
#18422 = SURFACE_STYLE_USAGE(.BOTH.,#18423);
#18423 = SURFACE_SIDE_STYLE('',(#18424));
#18424 = SURFACE_STYLE_FILL_AREA(#18425);
#18425 = FILL_AREA_STYLE('',(#18426));
#18426 = FILL_AREA_STYLE_COLOUR('',#18349);
#18427 = OVER_RIDING_STYLED_ITEM('overriding color',(#18428),#447,#18332
  );
#18428 = PRESENTATION_STYLE_ASSIGNMENT((#18429));
#18429 = SURFACE_STYLE_USAGE(.BOTH.,#18430);
#18430 = SURFACE_SIDE_STYLE('',(#18431));
#18431 = SURFACE_STYLE_FILL_AREA(#18432);
#18432 = FILL_AREA_STYLE('',(#18433));
#18433 = FILL_AREA_STYLE_COLOUR('',#18349);
#18434 = OVER_RIDING_STYLED_ITEM('overriding color',(#18435),#489,#18332
  );
#18435 = PRESENTATION_STYLE_ASSIGNMENT((#18436));
#18436 = SURFACE_STYLE_USAGE(.BOTH.,#18437);
#18437 = SURFACE_SIDE_STYLE('',(#18438));
#18438 = SURFACE_STYLE_FILL_AREA(#18439);
#18439 = FILL_AREA_STYLE('',(#18440));
#18440 = FILL_AREA_STYLE_COLOUR('',#18349);
#18441 = OVER_RIDING_STYLED_ITEM('overriding color',(#18442),#513,#18332
  );
#18442 = PRESENTATION_STYLE_ASSIGNMENT((#18443));
#18443 = SURFACE_STYLE_USAGE(.BOTH.,#18444);
#18444 = SURFACE_SIDE_STYLE('',(#18445));
#18445 = SURFACE_STYLE_FILL_AREA(#18446);
#18446 = FILL_AREA_STYLE('',(#18447));
#18447 = FILL_AREA_STYLE_COLOUR('',#18349);
#18448 = OVER_RIDING_STYLED_ITEM('overriding color',(#18449),#555,#18332
  );
#18449 = PRESENTATION_STYLE_ASSIGNMENT((#18450));
#18450 = SURFACE_STYLE_USAGE(.BOTH.,#18451);
#18451 = SURFACE_SIDE_STYLE('',(#18452));
#18452 = SURFACE_STYLE_FILL_AREA(#18453);
#18453 = FILL_AREA_STYLE('',(#18454));
#18454 = FILL_AREA_STYLE_COLOUR('',#18349);
#18455 = OVER_RIDING_STYLED_ITEM('overriding color',(#18456),#579,#18332
  );
#18456 = PRESENTATION_STYLE_ASSIGNMENT((#18457));
#18457 = SURFACE_STYLE_USAGE(.BOTH.,#18458);
#18458 = SURFACE_SIDE_STYLE('',(#18459));
#18459 = SURFACE_STYLE_FILL_AREA(#18460);
#18460 = FILL_AREA_STYLE('',(#18461));
#18461 = FILL_AREA_STYLE_COLOUR('',#18349);
#18462 = OVER_RIDING_STYLED_ITEM('overriding color',(#18463),#621,#18332
  );
#18463 = PRESENTATION_STYLE_ASSIGNMENT((#18464));
#18464 = SURFACE_STYLE_USAGE(.BOTH.,#18465);
#18465 = SURFACE_SIDE_STYLE('',(#18466));
#18466 = SURFACE_STYLE_FILL_AREA(#18467);
#18467 = FILL_AREA_STYLE('',(#18468));
#18468 = FILL_AREA_STYLE_COLOUR('',#18349);
#18469 = OVER_RIDING_STYLED_ITEM('overriding color',(#18470),#645,#18332
  );
#18470 = PRESENTATION_STYLE_ASSIGNMENT((#18471));
#18471 = SURFACE_STYLE_USAGE(.BOTH.,#18472);
#18472 = SURFACE_SIDE_STYLE('',(#18473));
#18473 = SURFACE_STYLE_FILL_AREA(#18474);
#18474 = FILL_AREA_STYLE('',(#18475));
#18475 = FILL_AREA_STYLE_COLOUR('',#18349);
#18476 = OVER_RIDING_STYLED_ITEM('overriding color',(#18477),#687,#18332
  );
#18477 = PRESENTATION_STYLE_ASSIGNMENT((#18478));
#18478 = SURFACE_STYLE_USAGE(.BOTH.,#18479);
#18479 = SURFACE_SIDE_STYLE('',(#18480));
#18480 = SURFACE_STYLE_FILL_AREA(#18481);
#18481 = FILL_AREA_STYLE('',(#18482));
#18482 = FILL_AREA_STYLE_COLOUR('',#18349);
#18483 = OVER_RIDING_STYLED_ITEM('overriding color',(#18484),#711,#18332
  );
#18484 = PRESENTATION_STYLE_ASSIGNMENT((#18485));
#18485 = SURFACE_STYLE_USAGE(.BOTH.,#18486);
#18486 = SURFACE_SIDE_STYLE('',(#18487));
#18487 = SURFACE_STYLE_FILL_AREA(#18488);
#18488 = FILL_AREA_STYLE('',(#18489));
#18489 = FILL_AREA_STYLE_COLOUR('',#18349);
#18490 = OVER_RIDING_STYLED_ITEM('overriding color',(#18491),#753,#18332
  );
#18491 = PRESENTATION_STYLE_ASSIGNMENT((#18492));
#18492 = SURFACE_STYLE_USAGE(.BOTH.,#18493);
#18493 = SURFACE_SIDE_STYLE('',(#18494));
#18494 = SURFACE_STYLE_FILL_AREA(#18495);
#18495 = FILL_AREA_STYLE('',(#18496));
#18496 = FILL_AREA_STYLE_COLOUR('',#18349);
#18497 = OVER_RIDING_STYLED_ITEM('overriding color',(#18498),#777,#18332
  );
#18498 = PRESENTATION_STYLE_ASSIGNMENT((#18499));
#18499 = SURFACE_STYLE_USAGE(.BOTH.,#18500);
#18500 = SURFACE_SIDE_STYLE('',(#18501));
#18501 = SURFACE_STYLE_FILL_AREA(#18502);
#18502 = FILL_AREA_STYLE('',(#18503));
#18503 = FILL_AREA_STYLE_COLOUR('',#18349);
#18504 = OVER_RIDING_STYLED_ITEM('overriding color',(#18505),#819,#18332
  );
#18505 = PRESENTATION_STYLE_ASSIGNMENT((#18506));
#18506 = SURFACE_STYLE_USAGE(.BOTH.,#18507);
#18507 = SURFACE_SIDE_STYLE('',(#18508));
#18508 = SURFACE_STYLE_FILL_AREA(#18509);
#18509 = FILL_AREA_STYLE('',(#18510));
#18510 = FILL_AREA_STYLE_COLOUR('',#18349);
#18511 = OVER_RIDING_STYLED_ITEM('overriding color',(#18512),#843,#18332
  );
#18512 = PRESENTATION_STYLE_ASSIGNMENT((#18513));
#18513 = SURFACE_STYLE_USAGE(.BOTH.,#18514);
#18514 = SURFACE_SIDE_STYLE('',(#18515));
#18515 = SURFACE_STYLE_FILL_AREA(#18516);
#18516 = FILL_AREA_STYLE('',(#18517));
#18517 = FILL_AREA_STYLE_COLOUR('',#18349);
#18518 = OVER_RIDING_STYLED_ITEM('overriding color',(#18519),#885,#18332
  );
#18519 = PRESENTATION_STYLE_ASSIGNMENT((#18520));
#18520 = SURFACE_STYLE_USAGE(.BOTH.,#18521);
#18521 = SURFACE_SIDE_STYLE('',(#18522));
#18522 = SURFACE_STYLE_FILL_AREA(#18523);
#18523 = FILL_AREA_STYLE('',(#18524));
#18524 = FILL_AREA_STYLE_COLOUR('',#18349);
#18525 = OVER_RIDING_STYLED_ITEM('overriding color',(#18526),#909,#18332
  );
#18526 = PRESENTATION_STYLE_ASSIGNMENT((#18527));
#18527 = SURFACE_STYLE_USAGE(.BOTH.,#18528);
#18528 = SURFACE_SIDE_STYLE('',(#18529));
#18529 = SURFACE_STYLE_FILL_AREA(#18530);
#18530 = FILL_AREA_STYLE('',(#18531));
#18531 = FILL_AREA_STYLE_COLOUR('',#18349);
#18532 = OVER_RIDING_STYLED_ITEM('overriding color',(#18533),#951,#18332
  );
#18533 = PRESENTATION_STYLE_ASSIGNMENT((#18534));
#18534 = SURFACE_STYLE_USAGE(.BOTH.,#18535);
#18535 = SURFACE_SIDE_STYLE('',(#18536));
#18536 = SURFACE_STYLE_FILL_AREA(#18537);
#18537 = FILL_AREA_STYLE('',(#18538));
#18538 = FILL_AREA_STYLE_COLOUR('',#18349);
#18539 = OVER_RIDING_STYLED_ITEM('overriding color',(#18540),#975,#18332
  );
#18540 = PRESENTATION_STYLE_ASSIGNMENT((#18541));
#18541 = SURFACE_STYLE_USAGE(.BOTH.,#18542);
#18542 = SURFACE_SIDE_STYLE('',(#18543));
#18543 = SURFACE_STYLE_FILL_AREA(#18544);
#18544 = FILL_AREA_STYLE('',(#18545));
#18545 = FILL_AREA_STYLE_COLOUR('',#18349);
#18546 = OVER_RIDING_STYLED_ITEM('overriding color',(#18547),#1017,
  #18332);
#18547 = PRESENTATION_STYLE_ASSIGNMENT((#18548));
#18548 = SURFACE_STYLE_USAGE(.BOTH.,#18549);
#18549 = SURFACE_SIDE_STYLE('',(#18550));
#18550 = SURFACE_STYLE_FILL_AREA(#18551);
#18551 = FILL_AREA_STYLE('',(#18552));
#18552 = FILL_AREA_STYLE_COLOUR('',#18349);
#18553 = OVER_RIDING_STYLED_ITEM('overriding color',(#18554),#1041,
  #18332);
#18554 = PRESENTATION_STYLE_ASSIGNMENT((#18555));
#18555 = SURFACE_STYLE_USAGE(.BOTH.,#18556);
#18556 = SURFACE_SIDE_STYLE('',(#18557));
#18557 = SURFACE_STYLE_FILL_AREA(#18558);
#18558 = FILL_AREA_STYLE('',(#18559));
#18559 = FILL_AREA_STYLE_COLOUR('',#18349);
#18560 = OVER_RIDING_STYLED_ITEM('overriding color',(#18561),#1083,
  #18332);
#18561 = PRESENTATION_STYLE_ASSIGNMENT((#18562));
#18562 = SURFACE_STYLE_USAGE(.BOTH.,#18563);
#18563 = SURFACE_SIDE_STYLE('',(#18564));
#18564 = SURFACE_STYLE_FILL_AREA(#18565);
#18565 = FILL_AREA_STYLE('',(#18566));
#18566 = FILL_AREA_STYLE_COLOUR('',#18349);
#18567 = OVER_RIDING_STYLED_ITEM('overriding color',(#18568),#1107,
  #18332);
#18568 = PRESENTATION_STYLE_ASSIGNMENT((#18569));
#18569 = SURFACE_STYLE_USAGE(.BOTH.,#18570);
#18570 = SURFACE_SIDE_STYLE('',(#18571));
#18571 = SURFACE_STYLE_FILL_AREA(#18572);
#18572 = FILL_AREA_STYLE('',(#18573));
#18573 = FILL_AREA_STYLE_COLOUR('',#18349);
#18574 = OVER_RIDING_STYLED_ITEM('overriding color',(#18575),#1149,
  #18332);
#18575 = PRESENTATION_STYLE_ASSIGNMENT((#18576));
#18576 = SURFACE_STYLE_USAGE(.BOTH.,#18577);
#18577 = SURFACE_SIDE_STYLE('',(#18578));
#18578 = SURFACE_STYLE_FILL_AREA(#18579);
#18579 = FILL_AREA_STYLE('',(#18580));
#18580 = FILL_AREA_STYLE_COLOUR('',#18349);
#18581 = OVER_RIDING_STYLED_ITEM('overriding color',(#18582),#1173,
  #18332);
#18582 = PRESENTATION_STYLE_ASSIGNMENT((#18583));
#18583 = SURFACE_STYLE_USAGE(.BOTH.,#18584);
#18584 = SURFACE_SIDE_STYLE('',(#18585));
#18585 = SURFACE_STYLE_FILL_AREA(#18586);
#18586 = FILL_AREA_STYLE('',(#18587));
#18587 = FILL_AREA_STYLE_COLOUR('',#18349);
#18588 = OVER_RIDING_STYLED_ITEM('overriding color',(#18589),#1215,
  #18332);
#18589 = PRESENTATION_STYLE_ASSIGNMENT((#18590));
#18590 = SURFACE_STYLE_USAGE(.BOTH.,#18591);
#18591 = SURFACE_SIDE_STYLE('',(#18592));
#18592 = SURFACE_STYLE_FILL_AREA(#18593);
#18593 = FILL_AREA_STYLE('',(#18594));
#18594 = FILL_AREA_STYLE_COLOUR('',#18349);
#18595 = OVER_RIDING_STYLED_ITEM('overriding color',(#18596),#1239,
  #18332);
#18596 = PRESENTATION_STYLE_ASSIGNMENT((#18597));
#18597 = SURFACE_STYLE_USAGE(.BOTH.,#18598);
#18598 = SURFACE_SIDE_STYLE('',(#18599));
#18599 = SURFACE_STYLE_FILL_AREA(#18600);
#18600 = FILL_AREA_STYLE('',(#18601));
#18601 = FILL_AREA_STYLE_COLOUR('',#18349);
#18602 = OVER_RIDING_STYLED_ITEM('overriding color',(#18603),#1281,
  #18332);
#18603 = PRESENTATION_STYLE_ASSIGNMENT((#18604));
#18604 = SURFACE_STYLE_USAGE(.BOTH.,#18605);
#18605 = SURFACE_SIDE_STYLE('',(#18606));
#18606 = SURFACE_STYLE_FILL_AREA(#18607);
#18607 = FILL_AREA_STYLE('',(#18608));
#18608 = FILL_AREA_STYLE_COLOUR('',#18349);
#18609 = OVER_RIDING_STYLED_ITEM('overriding color',(#18610),#1305,
  #18332);
#18610 = PRESENTATION_STYLE_ASSIGNMENT((#18611));
#18611 = SURFACE_STYLE_USAGE(.BOTH.,#18612);
#18612 = SURFACE_SIDE_STYLE('',(#18613));
#18613 = SURFACE_STYLE_FILL_AREA(#18614);
#18614 = FILL_AREA_STYLE('',(#18615));
#18615 = FILL_AREA_STYLE_COLOUR('',#18349);
#18616 = OVER_RIDING_STYLED_ITEM('overriding color',(#18617),#1347,
  #18332);
#18617 = PRESENTATION_STYLE_ASSIGNMENT((#18618));
#18618 = SURFACE_STYLE_USAGE(.BOTH.,#18619);
#18619 = SURFACE_SIDE_STYLE('',(#18620));
#18620 = SURFACE_STYLE_FILL_AREA(#18621);
#18621 = FILL_AREA_STYLE('',(#18622));
#18622 = FILL_AREA_STYLE_COLOUR('',#18349);
#18623 = OVER_RIDING_STYLED_ITEM('overriding color',(#18624),#1371,
  #18332);
#18624 = PRESENTATION_STYLE_ASSIGNMENT((#18625));
#18625 = SURFACE_STYLE_USAGE(.BOTH.,#18626);
#18626 = SURFACE_SIDE_STYLE('',(#18627));
#18627 = SURFACE_STYLE_FILL_AREA(#18628);
#18628 = FILL_AREA_STYLE('',(#18629));
#18629 = FILL_AREA_STYLE_COLOUR('',#18349);
#18630 = OVER_RIDING_STYLED_ITEM('overriding color',(#18631),#1413,
  #18332);
#18631 = PRESENTATION_STYLE_ASSIGNMENT((#18632));
#18632 = SURFACE_STYLE_USAGE(.BOTH.,#18633);
#18633 = SURFACE_SIDE_STYLE('',(#18634));
#18634 = SURFACE_STYLE_FILL_AREA(#18635);
#18635 = FILL_AREA_STYLE('',(#18636));
#18636 = FILL_AREA_STYLE_COLOUR('',#18349);
#18637 = OVER_RIDING_STYLED_ITEM('overriding color',(#18638),#1437,
  #18332);
#18638 = PRESENTATION_STYLE_ASSIGNMENT((#18639));
#18639 = SURFACE_STYLE_USAGE(.BOTH.,#18640);
#18640 = SURFACE_SIDE_STYLE('',(#18641));
#18641 = SURFACE_STYLE_FILL_AREA(#18642);
#18642 = FILL_AREA_STYLE('',(#18643));
#18643 = FILL_AREA_STYLE_COLOUR('',#18349);
#18644 = OVER_RIDING_STYLED_ITEM('overriding color',(#18645),#1479,
  #18332);
#18645 = PRESENTATION_STYLE_ASSIGNMENT((#18646));
#18646 = SURFACE_STYLE_USAGE(.BOTH.,#18647);
#18647 = SURFACE_SIDE_STYLE('',(#18648));
#18648 = SURFACE_STYLE_FILL_AREA(#18649);
#18649 = FILL_AREA_STYLE('',(#18650));
#18650 = FILL_AREA_STYLE_COLOUR('',#18349);
#18651 = OVER_RIDING_STYLED_ITEM('overriding color',(#18652),#1503,
  #18332);
#18652 = PRESENTATION_STYLE_ASSIGNMENT((#18653));
#18653 = SURFACE_STYLE_USAGE(.BOTH.,#18654);
#18654 = SURFACE_SIDE_STYLE('',(#18655));
#18655 = SURFACE_STYLE_FILL_AREA(#18656);
#18656 = FILL_AREA_STYLE('',(#18657));
#18657 = FILL_AREA_STYLE_COLOUR('',#18349);
#18658 = OVER_RIDING_STYLED_ITEM('overriding color',(#18659),#1545,
  #18332);
#18659 = PRESENTATION_STYLE_ASSIGNMENT((#18660));
#18660 = SURFACE_STYLE_USAGE(.BOTH.,#18661);
#18661 = SURFACE_SIDE_STYLE('',(#18662));
#18662 = SURFACE_STYLE_FILL_AREA(#18663);
#18663 = FILL_AREA_STYLE('',(#18664));
#18664 = FILL_AREA_STYLE_COLOUR('',#18349);
#18665 = OVER_RIDING_STYLED_ITEM('overriding color',(#18666),#1569,
  #18332);
#18666 = PRESENTATION_STYLE_ASSIGNMENT((#18667));
#18667 = SURFACE_STYLE_USAGE(.BOTH.,#18668);
#18668 = SURFACE_SIDE_STYLE('',(#18669));
#18669 = SURFACE_STYLE_FILL_AREA(#18670);
#18670 = FILL_AREA_STYLE('',(#18671));
#18671 = FILL_AREA_STYLE_COLOUR('',#18349);
#18672 = OVER_RIDING_STYLED_ITEM('overriding color',(#18673),#1611,
  #18332);
#18673 = PRESENTATION_STYLE_ASSIGNMENT((#18674));
#18674 = SURFACE_STYLE_USAGE(.BOTH.,#18675);
#18675 = SURFACE_SIDE_STYLE('',(#18676));
#18676 = SURFACE_STYLE_FILL_AREA(#18677);
#18677 = FILL_AREA_STYLE('',(#18678));
#18678 = FILL_AREA_STYLE_COLOUR('',#18349);
#18679 = OVER_RIDING_STYLED_ITEM('overriding color',(#18680),#1635,
  #18332);
#18680 = PRESENTATION_STYLE_ASSIGNMENT((#18681));
#18681 = SURFACE_STYLE_USAGE(.BOTH.,#18682);
#18682 = SURFACE_SIDE_STYLE('',(#18683));
#18683 = SURFACE_STYLE_FILL_AREA(#18684);
#18684 = FILL_AREA_STYLE('',(#18685));
#18685 = FILL_AREA_STYLE_COLOUR('',#18349);
#18686 = OVER_RIDING_STYLED_ITEM('overriding color',(#18687),#1677,
  #18332);
#18687 = PRESENTATION_STYLE_ASSIGNMENT((#18688));
#18688 = SURFACE_STYLE_USAGE(.BOTH.,#18689);
#18689 = SURFACE_SIDE_STYLE('',(#18690));
#18690 = SURFACE_STYLE_FILL_AREA(#18691);
#18691 = FILL_AREA_STYLE('',(#18692));
#18692 = FILL_AREA_STYLE_COLOUR('',#18349);
#18693 = OVER_RIDING_STYLED_ITEM('overriding color',(#18694),#1701,
  #18332);
#18694 = PRESENTATION_STYLE_ASSIGNMENT((#18695));
#18695 = SURFACE_STYLE_USAGE(.BOTH.,#18696);
#18696 = SURFACE_SIDE_STYLE('',(#18697));
#18697 = SURFACE_STYLE_FILL_AREA(#18698);
#18698 = FILL_AREA_STYLE('',(#18699));
#18699 = FILL_AREA_STYLE_COLOUR('',#18349);
#18700 = OVER_RIDING_STYLED_ITEM('overriding color',(#18701),#1743,
  #18332);
#18701 = PRESENTATION_STYLE_ASSIGNMENT((#18702));
#18702 = SURFACE_STYLE_USAGE(.BOTH.,#18703);
#18703 = SURFACE_SIDE_STYLE('',(#18704));
#18704 = SURFACE_STYLE_FILL_AREA(#18705);
#18705 = FILL_AREA_STYLE('',(#18706));
#18706 = FILL_AREA_STYLE_COLOUR('',#18349);
#18707 = OVER_RIDING_STYLED_ITEM('overriding color',(#18708),#1767,
  #18332);
#18708 = PRESENTATION_STYLE_ASSIGNMENT((#18709));
#18709 = SURFACE_STYLE_USAGE(.BOTH.,#18710);
#18710 = SURFACE_SIDE_STYLE('',(#18711));
#18711 = SURFACE_STYLE_FILL_AREA(#18712);
#18712 = FILL_AREA_STYLE('',(#18713));
#18713 = FILL_AREA_STYLE_COLOUR('',#18349);
#18714 = OVER_RIDING_STYLED_ITEM('overriding color',(#18715),#1809,
  #18332);
#18715 = PRESENTATION_STYLE_ASSIGNMENT((#18716));
#18716 = SURFACE_STYLE_USAGE(.BOTH.,#18717);
#18717 = SURFACE_SIDE_STYLE('',(#18718));
#18718 = SURFACE_STYLE_FILL_AREA(#18719);
#18719 = FILL_AREA_STYLE('',(#18720));
#18720 = FILL_AREA_STYLE_COLOUR('',#18349);
#18721 = OVER_RIDING_STYLED_ITEM('overriding color',(#18722),#1833,
  #18332);
#18722 = PRESENTATION_STYLE_ASSIGNMENT((#18723));
#18723 = SURFACE_STYLE_USAGE(.BOTH.,#18724);
#18724 = SURFACE_SIDE_STYLE('',(#18725));
#18725 = SURFACE_STYLE_FILL_AREA(#18726);
#18726 = FILL_AREA_STYLE('',(#18727));
#18727 = FILL_AREA_STYLE_COLOUR('',#18349);
#18728 = OVER_RIDING_STYLED_ITEM('overriding color',(#18729),#1875,
  #18332);
#18729 = PRESENTATION_STYLE_ASSIGNMENT((#18730));
#18730 = SURFACE_STYLE_USAGE(.BOTH.,#18731);
#18731 = SURFACE_SIDE_STYLE('',(#18732));
#18732 = SURFACE_STYLE_FILL_AREA(#18733);
#18733 = FILL_AREA_STYLE('',(#18734));
#18734 = FILL_AREA_STYLE_COLOUR('',#18349);
#18735 = OVER_RIDING_STYLED_ITEM('overriding color',(#18736),#1899,
  #18332);
#18736 = PRESENTATION_STYLE_ASSIGNMENT((#18737));
#18737 = SURFACE_STYLE_USAGE(.BOTH.,#18738);
#18738 = SURFACE_SIDE_STYLE('',(#18739));
#18739 = SURFACE_STYLE_FILL_AREA(#18740);
#18740 = FILL_AREA_STYLE('',(#18741));
#18741 = FILL_AREA_STYLE_COLOUR('',#18349);
#18742 = OVER_RIDING_STYLED_ITEM('overriding color',(#18743),#1941,
  #18332);
#18743 = PRESENTATION_STYLE_ASSIGNMENT((#18744));
#18744 = SURFACE_STYLE_USAGE(.BOTH.,#18745);
#18745 = SURFACE_SIDE_STYLE('',(#18746));
#18746 = SURFACE_STYLE_FILL_AREA(#18747);
#18747 = FILL_AREA_STYLE('',(#18748));
#18748 = FILL_AREA_STYLE_COLOUR('',#18349);
#18749 = OVER_RIDING_STYLED_ITEM('overriding color',(#18750),#1965,
  #18332);
#18750 = PRESENTATION_STYLE_ASSIGNMENT((#18751));
#18751 = SURFACE_STYLE_USAGE(.BOTH.,#18752);
#18752 = SURFACE_SIDE_STYLE('',(#18753));
#18753 = SURFACE_STYLE_FILL_AREA(#18754);
#18754 = FILL_AREA_STYLE('',(#18755));
#18755 = FILL_AREA_STYLE_COLOUR('',#18349);
#18756 = OVER_RIDING_STYLED_ITEM('overriding color',(#18757),#2007,
  #18332);
#18757 = PRESENTATION_STYLE_ASSIGNMENT((#18758));
#18758 = SURFACE_STYLE_USAGE(.BOTH.,#18759);
#18759 = SURFACE_SIDE_STYLE('',(#18760));
#18760 = SURFACE_STYLE_FILL_AREA(#18761);
#18761 = FILL_AREA_STYLE('',(#18762));
#18762 = FILL_AREA_STYLE_COLOUR('',#18349);
#18763 = OVER_RIDING_STYLED_ITEM('overriding color',(#18764),#2031,
  #18332);
#18764 = PRESENTATION_STYLE_ASSIGNMENT((#18765));
#18765 = SURFACE_STYLE_USAGE(.BOTH.,#18766);
#18766 = SURFACE_SIDE_STYLE('',(#18767));
#18767 = SURFACE_STYLE_FILL_AREA(#18768);
#18768 = FILL_AREA_STYLE('',(#18769));
#18769 = FILL_AREA_STYLE_COLOUR('',#18349);
#18770 = OVER_RIDING_STYLED_ITEM('overriding color',(#18771),#2073,
  #18332);
#18771 = PRESENTATION_STYLE_ASSIGNMENT((#18772));
#18772 = SURFACE_STYLE_USAGE(.BOTH.,#18773);
#18773 = SURFACE_SIDE_STYLE('',(#18774));
#18774 = SURFACE_STYLE_FILL_AREA(#18775);
#18775 = FILL_AREA_STYLE('',(#18776));
#18776 = FILL_AREA_STYLE_COLOUR('',#18349);
#18777 = OVER_RIDING_STYLED_ITEM('overriding color',(#18778),#2097,
  #18332);
#18778 = PRESENTATION_STYLE_ASSIGNMENT((#18779));
#18779 = SURFACE_STYLE_USAGE(.BOTH.,#18780);
#18780 = SURFACE_SIDE_STYLE('',(#18781));
#18781 = SURFACE_STYLE_FILL_AREA(#18782);
#18782 = FILL_AREA_STYLE('',(#18783));
#18783 = FILL_AREA_STYLE_COLOUR('',#18349);
#18784 = OVER_RIDING_STYLED_ITEM('overriding color',(#18785),#2139,
  #18332);
#18785 = PRESENTATION_STYLE_ASSIGNMENT((#18786));
#18786 = SURFACE_STYLE_USAGE(.BOTH.,#18787);
#18787 = SURFACE_SIDE_STYLE('',(#18788));
#18788 = SURFACE_STYLE_FILL_AREA(#18789);
#18789 = FILL_AREA_STYLE('',(#18790));
#18790 = FILL_AREA_STYLE_COLOUR('',#18349);
#18791 = OVER_RIDING_STYLED_ITEM('overriding color',(#18792),#2163,
  #18332);
#18792 = PRESENTATION_STYLE_ASSIGNMENT((#18793));
#18793 = SURFACE_STYLE_USAGE(.BOTH.,#18794);
#18794 = SURFACE_SIDE_STYLE('',(#18795));
#18795 = SURFACE_STYLE_FILL_AREA(#18796);
#18796 = FILL_AREA_STYLE('',(#18797));
#18797 = FILL_AREA_STYLE_COLOUR('',#18349);
#18798 = OVER_RIDING_STYLED_ITEM('overriding color',(#18799),#2205,
  #18332);
#18799 = PRESENTATION_STYLE_ASSIGNMENT((#18800));
#18800 = SURFACE_STYLE_USAGE(.BOTH.,#18801);
#18801 = SURFACE_SIDE_STYLE('',(#18802));
#18802 = SURFACE_STYLE_FILL_AREA(#18803);
#18803 = FILL_AREA_STYLE('',(#18804));
#18804 = FILL_AREA_STYLE_COLOUR('',#18349);
#18805 = OVER_RIDING_STYLED_ITEM('overriding color',(#18806),#2229,
  #18332);
#18806 = PRESENTATION_STYLE_ASSIGNMENT((#18807));
#18807 = SURFACE_STYLE_USAGE(.BOTH.,#18808);
#18808 = SURFACE_SIDE_STYLE('',(#18809));
#18809 = SURFACE_STYLE_FILL_AREA(#18810);
#18810 = FILL_AREA_STYLE('',(#18811));
#18811 = FILL_AREA_STYLE_COLOUR('',#18349);
#18812 = OVER_RIDING_STYLED_ITEM('overriding color',(#18813),#2271,
  #18332);
#18813 = PRESENTATION_STYLE_ASSIGNMENT((#18814));
#18814 = SURFACE_STYLE_USAGE(.BOTH.,#18815);
#18815 = SURFACE_SIDE_STYLE('',(#18816));
#18816 = SURFACE_STYLE_FILL_AREA(#18817);
#18817 = FILL_AREA_STYLE('',(#18818));
#18818 = FILL_AREA_STYLE_COLOUR('',#18349);
#18819 = OVER_RIDING_STYLED_ITEM('overriding color',(#18820),#2295,
  #18332);
#18820 = PRESENTATION_STYLE_ASSIGNMENT((#18821));
#18821 = SURFACE_STYLE_USAGE(.BOTH.,#18822);
#18822 = SURFACE_SIDE_STYLE('',(#18823));
#18823 = SURFACE_STYLE_FILL_AREA(#18824);
#18824 = FILL_AREA_STYLE('',(#18825));
#18825 = FILL_AREA_STYLE_COLOUR('',#18349);
#18826 = OVER_RIDING_STYLED_ITEM('overriding color',(#18827),#2337,
  #18332);
#18827 = PRESENTATION_STYLE_ASSIGNMENT((#18828));
#18828 = SURFACE_STYLE_USAGE(.BOTH.,#18829);
#18829 = SURFACE_SIDE_STYLE('',(#18830));
#18830 = SURFACE_STYLE_FILL_AREA(#18831);
#18831 = FILL_AREA_STYLE('',(#18832));
#18832 = FILL_AREA_STYLE_COLOUR('',#18349);
#18833 = OVER_RIDING_STYLED_ITEM('overriding color',(#18834),#2361,
  #18332);
#18834 = PRESENTATION_STYLE_ASSIGNMENT((#18835));
#18835 = SURFACE_STYLE_USAGE(.BOTH.,#18836);
#18836 = SURFACE_SIDE_STYLE('',(#18837));
#18837 = SURFACE_STYLE_FILL_AREA(#18838);
#18838 = FILL_AREA_STYLE('',(#18839));
#18839 = FILL_AREA_STYLE_COLOUR('',#18349);
#18840 = OVER_RIDING_STYLED_ITEM('overriding color',(#18841),#2403,
  #18332);
#18841 = PRESENTATION_STYLE_ASSIGNMENT((#18842));
#18842 = SURFACE_STYLE_USAGE(.BOTH.,#18843);
#18843 = SURFACE_SIDE_STYLE('',(#18844));
#18844 = SURFACE_STYLE_FILL_AREA(#18845);
#18845 = FILL_AREA_STYLE('',(#18846));
#18846 = FILL_AREA_STYLE_COLOUR('',#18349);
#18847 = OVER_RIDING_STYLED_ITEM('overriding color',(#18848),#2427,
  #18332);
#18848 = PRESENTATION_STYLE_ASSIGNMENT((#18849));
#18849 = SURFACE_STYLE_USAGE(.BOTH.,#18850);
#18850 = SURFACE_SIDE_STYLE('',(#18851));
#18851 = SURFACE_STYLE_FILL_AREA(#18852);
#18852 = FILL_AREA_STYLE('',(#18853));
#18853 = FILL_AREA_STYLE_COLOUR('',#18349);
#18854 = OVER_RIDING_STYLED_ITEM('overriding color',(#18855),#2469,
  #18332);
#18855 = PRESENTATION_STYLE_ASSIGNMENT((#18856));
#18856 = SURFACE_STYLE_USAGE(.BOTH.,#18857);
#18857 = SURFACE_SIDE_STYLE('',(#18858));
#18858 = SURFACE_STYLE_FILL_AREA(#18859);
#18859 = FILL_AREA_STYLE('',(#18860));
#18860 = FILL_AREA_STYLE_COLOUR('',#18349);
#18861 = OVER_RIDING_STYLED_ITEM('overriding color',(#18862),#2493,
  #18332);
#18862 = PRESENTATION_STYLE_ASSIGNMENT((#18863));
#18863 = SURFACE_STYLE_USAGE(.BOTH.,#18864);
#18864 = SURFACE_SIDE_STYLE('',(#18865));
#18865 = SURFACE_STYLE_FILL_AREA(#18866);
#18866 = FILL_AREA_STYLE('',(#18867));
#18867 = FILL_AREA_STYLE_COLOUR('',#18349);
#18868 = OVER_RIDING_STYLED_ITEM('overriding color',(#18869),#2535,
  #18332);
#18869 = PRESENTATION_STYLE_ASSIGNMENT((#18870));
#18870 = SURFACE_STYLE_USAGE(.BOTH.,#18871);
#18871 = SURFACE_SIDE_STYLE('',(#18872));
#18872 = SURFACE_STYLE_FILL_AREA(#18873);
#18873 = FILL_AREA_STYLE('',(#18874));
#18874 = FILL_AREA_STYLE_COLOUR('',#18349);
#18875 = OVER_RIDING_STYLED_ITEM('overriding color',(#18876),#2559,
  #18332);
#18876 = PRESENTATION_STYLE_ASSIGNMENT((#18877));
#18877 = SURFACE_STYLE_USAGE(.BOTH.,#18878);
#18878 = SURFACE_SIDE_STYLE('',(#18879));
#18879 = SURFACE_STYLE_FILL_AREA(#18880);
#18880 = FILL_AREA_STYLE('',(#18881));
#18881 = FILL_AREA_STYLE_COLOUR('',#18349);
#18882 = OVER_RIDING_STYLED_ITEM('overriding color',(#18883),#2601,
  #18332);
#18883 = PRESENTATION_STYLE_ASSIGNMENT((#18884));
#18884 = SURFACE_STYLE_USAGE(.BOTH.,#18885);
#18885 = SURFACE_SIDE_STYLE('',(#18886));
#18886 = SURFACE_STYLE_FILL_AREA(#18887);
#18887 = FILL_AREA_STYLE('',(#18888));
#18888 = FILL_AREA_STYLE_COLOUR('',#18349);
#18889 = OVER_RIDING_STYLED_ITEM('overriding color',(#18890),#2625,
  #18332);
#18890 = PRESENTATION_STYLE_ASSIGNMENT((#18891));
#18891 = SURFACE_STYLE_USAGE(.BOTH.,#18892);
#18892 = SURFACE_SIDE_STYLE('',(#18893));
#18893 = SURFACE_STYLE_FILL_AREA(#18894);
#18894 = FILL_AREA_STYLE('',(#18895));
#18895 = FILL_AREA_STYLE_COLOUR('',#18349);
#18896 = OVER_RIDING_STYLED_ITEM('overriding color',(#18897),#2667,
  #18332);
#18897 = PRESENTATION_STYLE_ASSIGNMENT((#18898));
#18898 = SURFACE_STYLE_USAGE(.BOTH.,#18899);
#18899 = SURFACE_SIDE_STYLE('',(#18900));
#18900 = SURFACE_STYLE_FILL_AREA(#18901);
#18901 = FILL_AREA_STYLE('',(#18902));
#18902 = FILL_AREA_STYLE_COLOUR('',#18349);
#18903 = OVER_RIDING_STYLED_ITEM('overriding color',(#18904),#2691,
  #18332);
#18904 = PRESENTATION_STYLE_ASSIGNMENT((#18905));
#18905 = SURFACE_STYLE_USAGE(.BOTH.,#18906);
#18906 = SURFACE_SIDE_STYLE('',(#18907));
#18907 = SURFACE_STYLE_FILL_AREA(#18908);
#18908 = FILL_AREA_STYLE('',(#18909));
#18909 = FILL_AREA_STYLE_COLOUR('',#18349);
#18910 = OVER_RIDING_STYLED_ITEM('overriding color',(#18911),#2733,
  #18332);
#18911 = PRESENTATION_STYLE_ASSIGNMENT((#18912));
#18912 = SURFACE_STYLE_USAGE(.BOTH.,#18913);
#18913 = SURFACE_SIDE_STYLE('',(#18914));
#18914 = SURFACE_STYLE_FILL_AREA(#18915);
#18915 = FILL_AREA_STYLE('',(#18916));
#18916 = FILL_AREA_STYLE_COLOUR('',#18349);
#18917 = OVER_RIDING_STYLED_ITEM('overriding color',(#18918),#2757,
  #18332);
#18918 = PRESENTATION_STYLE_ASSIGNMENT((#18919));
#18919 = SURFACE_STYLE_USAGE(.BOTH.,#18920);
#18920 = SURFACE_SIDE_STYLE('',(#18921));
#18921 = SURFACE_STYLE_FILL_AREA(#18922);
#18922 = FILL_AREA_STYLE('',(#18923));
#18923 = FILL_AREA_STYLE_COLOUR('',#18349);
#18924 = OVER_RIDING_STYLED_ITEM('overriding color',(#18925),#2799,
  #18332);
#18925 = PRESENTATION_STYLE_ASSIGNMENT((#18926));
#18926 = SURFACE_STYLE_USAGE(.BOTH.,#18927);
#18927 = SURFACE_SIDE_STYLE('',(#18928));
#18928 = SURFACE_STYLE_FILL_AREA(#18929);
#18929 = FILL_AREA_STYLE('',(#18930));
#18930 = FILL_AREA_STYLE_COLOUR('',#18349);
#18931 = OVER_RIDING_STYLED_ITEM('overriding color',(#18932),#2823,
  #18332);
#18932 = PRESENTATION_STYLE_ASSIGNMENT((#18933));
#18933 = SURFACE_STYLE_USAGE(.BOTH.,#18934);
#18934 = SURFACE_SIDE_STYLE('',(#18935));
#18935 = SURFACE_STYLE_FILL_AREA(#18936);
#18936 = FILL_AREA_STYLE('',(#18937));
#18937 = FILL_AREA_STYLE_COLOUR('',#18349);
#18938 = OVER_RIDING_STYLED_ITEM('overriding color',(#18939),#2865,
  #18332);
#18939 = PRESENTATION_STYLE_ASSIGNMENT((#18940));
#18940 = SURFACE_STYLE_USAGE(.BOTH.,#18941);
#18941 = SURFACE_SIDE_STYLE('',(#18942));
#18942 = SURFACE_STYLE_FILL_AREA(#18943);
#18943 = FILL_AREA_STYLE('',(#18944));
#18944 = FILL_AREA_STYLE_COLOUR('',#18349);
#18945 = OVER_RIDING_STYLED_ITEM('overriding color',(#18946),#2889,
  #18332);
#18946 = PRESENTATION_STYLE_ASSIGNMENT((#18947));
#18947 = SURFACE_STYLE_USAGE(.BOTH.,#18948);
#18948 = SURFACE_SIDE_STYLE('',(#18949));
#18949 = SURFACE_STYLE_FILL_AREA(#18950);
#18950 = FILL_AREA_STYLE('',(#18951));
#18951 = FILL_AREA_STYLE_COLOUR('',#18349);
#18952 = OVER_RIDING_STYLED_ITEM('overriding color',(#18953),#2931,
  #18332);
#18953 = PRESENTATION_STYLE_ASSIGNMENT((#18954));
#18954 = SURFACE_STYLE_USAGE(.BOTH.,#18955);
#18955 = SURFACE_SIDE_STYLE('',(#18956));
#18956 = SURFACE_STYLE_FILL_AREA(#18957);
#18957 = FILL_AREA_STYLE('',(#18958));
#18958 = FILL_AREA_STYLE_COLOUR('',#18349);
#18959 = OVER_RIDING_STYLED_ITEM('overriding color',(#18960),#2955,
  #18332);
#18960 = PRESENTATION_STYLE_ASSIGNMENT((#18961));
#18961 = SURFACE_STYLE_USAGE(.BOTH.,#18962);
#18962 = SURFACE_SIDE_STYLE('',(#18963));
#18963 = SURFACE_STYLE_FILL_AREA(#18964);
#18964 = FILL_AREA_STYLE('',(#18965));
#18965 = FILL_AREA_STYLE_COLOUR('',#18349);
#18966 = OVER_RIDING_STYLED_ITEM('overriding color',(#18967),#2997,
  #18332);
#18967 = PRESENTATION_STYLE_ASSIGNMENT((#18968));
#18968 = SURFACE_STYLE_USAGE(.BOTH.,#18969);
#18969 = SURFACE_SIDE_STYLE('',(#18970));
#18970 = SURFACE_STYLE_FILL_AREA(#18971);
#18971 = FILL_AREA_STYLE('',(#18972));
#18972 = FILL_AREA_STYLE_COLOUR('',#18349);
#18973 = OVER_RIDING_STYLED_ITEM('overriding color',(#18974),#3021,
  #18332);
#18974 = PRESENTATION_STYLE_ASSIGNMENT((#18975));
#18975 = SURFACE_STYLE_USAGE(.BOTH.,#18976);
#18976 = SURFACE_SIDE_STYLE('',(#18977));
#18977 = SURFACE_STYLE_FILL_AREA(#18978);
#18978 = FILL_AREA_STYLE('',(#18979));
#18979 = FILL_AREA_STYLE_COLOUR('',#18349);
#18980 = OVER_RIDING_STYLED_ITEM('overriding color',(#18981),#3063,
  #18332);
#18981 = PRESENTATION_STYLE_ASSIGNMENT((#18982));
#18982 = SURFACE_STYLE_USAGE(.BOTH.,#18983);
#18983 = SURFACE_SIDE_STYLE('',(#18984));
#18984 = SURFACE_STYLE_FILL_AREA(#18985);
#18985 = FILL_AREA_STYLE('',(#18986));
#18986 = FILL_AREA_STYLE_COLOUR('',#18349);
#18987 = OVER_RIDING_STYLED_ITEM('overriding color',(#18988),#3087,
  #18332);
#18988 = PRESENTATION_STYLE_ASSIGNMENT((#18989));
#18989 = SURFACE_STYLE_USAGE(.BOTH.,#18990);
#18990 = SURFACE_SIDE_STYLE('',(#18991));
#18991 = SURFACE_STYLE_FILL_AREA(#18992);
#18992 = FILL_AREA_STYLE('',(#18993));
#18993 = FILL_AREA_STYLE_COLOUR('',#18349);
#18994 = OVER_RIDING_STYLED_ITEM('overriding color',(#18995),#3129,
  #18332);
#18995 = PRESENTATION_STYLE_ASSIGNMENT((#18996));
#18996 = SURFACE_STYLE_USAGE(.BOTH.,#18997);
#18997 = SURFACE_SIDE_STYLE('',(#18998));
#18998 = SURFACE_STYLE_FILL_AREA(#18999);
#18999 = FILL_AREA_STYLE('',(#19000));
#19000 = FILL_AREA_STYLE_COLOUR('',#18349);
#19001 = OVER_RIDING_STYLED_ITEM('overriding color',(#19002),#3153,
  #18332);
#19002 = PRESENTATION_STYLE_ASSIGNMENT((#19003));
#19003 = SURFACE_STYLE_USAGE(.BOTH.,#19004);
#19004 = SURFACE_SIDE_STYLE('',(#19005));
#19005 = SURFACE_STYLE_FILL_AREA(#19006);
#19006 = FILL_AREA_STYLE('',(#19007));
#19007 = FILL_AREA_STYLE_COLOUR('',#18349);
#19008 = OVER_RIDING_STYLED_ITEM('overriding color',(#19009),#3195,
  #18332);
#19009 = PRESENTATION_STYLE_ASSIGNMENT((#19010));
#19010 = SURFACE_STYLE_USAGE(.BOTH.,#19011);
#19011 = SURFACE_SIDE_STYLE('',(#19012));
#19012 = SURFACE_STYLE_FILL_AREA(#19013);
#19013 = FILL_AREA_STYLE('',(#19014));
#19014 = FILL_AREA_STYLE_COLOUR('',#18349);
#19015 = OVER_RIDING_STYLED_ITEM('overriding color',(#19016),#3219,
  #18332);
#19016 = PRESENTATION_STYLE_ASSIGNMENT((#19017));
#19017 = SURFACE_STYLE_USAGE(.BOTH.,#19018);
#19018 = SURFACE_SIDE_STYLE('',(#19019));
#19019 = SURFACE_STYLE_FILL_AREA(#19020);
#19020 = FILL_AREA_STYLE('',(#19021));
#19021 = FILL_AREA_STYLE_COLOUR('',#18349);
#19022 = OVER_RIDING_STYLED_ITEM('overriding color',(#19023),#3261,
  #18332);
#19023 = PRESENTATION_STYLE_ASSIGNMENT((#19024));
#19024 = SURFACE_STYLE_USAGE(.BOTH.,#19025);
#19025 = SURFACE_SIDE_STYLE('',(#19026));
#19026 = SURFACE_STYLE_FILL_AREA(#19027);
#19027 = FILL_AREA_STYLE('',(#19028));
#19028 = FILL_AREA_STYLE_COLOUR('',#18349);
#19029 = OVER_RIDING_STYLED_ITEM('overriding color',(#19030),#3285,
  #18332);
#19030 = PRESENTATION_STYLE_ASSIGNMENT((#19031));
#19031 = SURFACE_STYLE_USAGE(.BOTH.,#19032);
#19032 = SURFACE_SIDE_STYLE('',(#19033));
#19033 = SURFACE_STYLE_FILL_AREA(#19034);
#19034 = FILL_AREA_STYLE('',(#19035));
#19035 = FILL_AREA_STYLE_COLOUR('',#18349);
#19036 = OVER_RIDING_STYLED_ITEM('overriding color',(#19037),#3327,
  #18332);
#19037 = PRESENTATION_STYLE_ASSIGNMENT((#19038));
#19038 = SURFACE_STYLE_USAGE(.BOTH.,#19039);
#19039 = SURFACE_SIDE_STYLE('',(#19040));
#19040 = SURFACE_STYLE_FILL_AREA(#19041);
#19041 = FILL_AREA_STYLE('',(#19042));
#19042 = FILL_AREA_STYLE_COLOUR('',#18349);
#19043 = OVER_RIDING_STYLED_ITEM('overriding color',(#19044),#3351,
  #18332);
#19044 = PRESENTATION_STYLE_ASSIGNMENT((#19045));
#19045 = SURFACE_STYLE_USAGE(.BOTH.,#19046);
#19046 = SURFACE_SIDE_STYLE('',(#19047));
#19047 = SURFACE_STYLE_FILL_AREA(#19048);
#19048 = FILL_AREA_STYLE('',(#19049));
#19049 = FILL_AREA_STYLE_COLOUR('',#18349);
#19050 = OVER_RIDING_STYLED_ITEM('overriding color',(#19051),#3393,
  #18332);
#19051 = PRESENTATION_STYLE_ASSIGNMENT((#19052));
#19052 = SURFACE_STYLE_USAGE(.BOTH.,#19053);
#19053 = SURFACE_SIDE_STYLE('',(#19054));
#19054 = SURFACE_STYLE_FILL_AREA(#19055);
#19055 = FILL_AREA_STYLE('',(#19056));
#19056 = FILL_AREA_STYLE_COLOUR('',#18349);
#19057 = OVER_RIDING_STYLED_ITEM('overriding color',(#19058),#3417,
  #18332);
#19058 = PRESENTATION_STYLE_ASSIGNMENT((#19059));
#19059 = SURFACE_STYLE_USAGE(.BOTH.,#19060);
#19060 = SURFACE_SIDE_STYLE('',(#19061));
#19061 = SURFACE_STYLE_FILL_AREA(#19062);
#19062 = FILL_AREA_STYLE('',(#19063));
#19063 = FILL_AREA_STYLE_COLOUR('',#18349);
#19064 = OVER_RIDING_STYLED_ITEM('overriding color',(#19065),#3459,
  #18332);
#19065 = PRESENTATION_STYLE_ASSIGNMENT((#19066));
#19066 = SURFACE_STYLE_USAGE(.BOTH.,#19067);
#19067 = SURFACE_SIDE_STYLE('',(#19068));
#19068 = SURFACE_STYLE_FILL_AREA(#19069);
#19069 = FILL_AREA_STYLE('',(#19070));
#19070 = FILL_AREA_STYLE_COLOUR('',#18349);
#19071 = OVER_RIDING_STYLED_ITEM('overriding color',(#19072),#3483,
  #18332);
#19072 = PRESENTATION_STYLE_ASSIGNMENT((#19073));
#19073 = SURFACE_STYLE_USAGE(.BOTH.,#19074);
#19074 = SURFACE_SIDE_STYLE('',(#19075));
#19075 = SURFACE_STYLE_FILL_AREA(#19076);
#19076 = FILL_AREA_STYLE('',(#19077));
#19077 = FILL_AREA_STYLE_COLOUR('',#18349);
#19078 = OVER_RIDING_STYLED_ITEM('overriding color',(#19079),#3525,
  #18332);
#19079 = PRESENTATION_STYLE_ASSIGNMENT((#19080));
#19080 = SURFACE_STYLE_USAGE(.BOTH.,#19081);
#19081 = SURFACE_SIDE_STYLE('',(#19082));
#19082 = SURFACE_STYLE_FILL_AREA(#19083);
#19083 = FILL_AREA_STYLE('',(#19084));
#19084 = FILL_AREA_STYLE_COLOUR('',#18349);
#19085 = OVER_RIDING_STYLED_ITEM('overriding color',(#19086),#3549,
  #18332);
#19086 = PRESENTATION_STYLE_ASSIGNMENT((#19087));
#19087 = SURFACE_STYLE_USAGE(.BOTH.,#19088);
#19088 = SURFACE_SIDE_STYLE('',(#19089));
#19089 = SURFACE_STYLE_FILL_AREA(#19090);
#19090 = FILL_AREA_STYLE('',(#19091));
#19091 = FILL_AREA_STYLE_COLOUR('',#18349);
#19092 = OVER_RIDING_STYLED_ITEM('overriding color',(#19093),#3591,
  #18332);
#19093 = PRESENTATION_STYLE_ASSIGNMENT((#19094));
#19094 = SURFACE_STYLE_USAGE(.BOTH.,#19095);
#19095 = SURFACE_SIDE_STYLE('',(#19096));
#19096 = SURFACE_STYLE_FILL_AREA(#19097);
#19097 = FILL_AREA_STYLE('',(#19098));
#19098 = FILL_AREA_STYLE_COLOUR('',#18349);
#19099 = OVER_RIDING_STYLED_ITEM('overriding color',(#19100),#3615,
  #18332);
#19100 = PRESENTATION_STYLE_ASSIGNMENT((#19101));
#19101 = SURFACE_STYLE_USAGE(.BOTH.,#19102);
#19102 = SURFACE_SIDE_STYLE('',(#19103));
#19103 = SURFACE_STYLE_FILL_AREA(#19104);
#19104 = FILL_AREA_STYLE('',(#19105));
#19105 = FILL_AREA_STYLE_COLOUR('',#18349);
#19106 = OVER_RIDING_STYLED_ITEM('overriding color',(#19107),#3657,
  #18332);
#19107 = PRESENTATION_STYLE_ASSIGNMENT((#19108));
#19108 = SURFACE_STYLE_USAGE(.BOTH.,#19109);
#19109 = SURFACE_SIDE_STYLE('',(#19110));
#19110 = SURFACE_STYLE_FILL_AREA(#19111);
#19111 = FILL_AREA_STYLE('',(#19112));
#19112 = FILL_AREA_STYLE_COLOUR('',#18349);
#19113 = OVER_RIDING_STYLED_ITEM('overriding color',(#19114),#3681,
  #18332);
#19114 = PRESENTATION_STYLE_ASSIGNMENT((#19115));
#19115 = SURFACE_STYLE_USAGE(.BOTH.,#19116);
#19116 = SURFACE_SIDE_STYLE('',(#19117));
#19117 = SURFACE_STYLE_FILL_AREA(#19118);
#19118 = FILL_AREA_STYLE('',(#19119));
#19119 = FILL_AREA_STYLE_COLOUR('',#18349);
#19120 = OVER_RIDING_STYLED_ITEM('overriding color',(#19121),#3723,
  #18332);
#19121 = PRESENTATION_STYLE_ASSIGNMENT((#19122));
#19122 = SURFACE_STYLE_USAGE(.BOTH.,#19123);
#19123 = SURFACE_SIDE_STYLE('',(#19124));
#19124 = SURFACE_STYLE_FILL_AREA(#19125);
#19125 = FILL_AREA_STYLE('',(#19126));
#19126 = FILL_AREA_STYLE_COLOUR('',#18349);
#19127 = OVER_RIDING_STYLED_ITEM('overriding color',(#19128),#3747,
  #18332);
#19128 = PRESENTATION_STYLE_ASSIGNMENT((#19129));
#19129 = SURFACE_STYLE_USAGE(.BOTH.,#19130);
#19130 = SURFACE_SIDE_STYLE('',(#19131));
#19131 = SURFACE_STYLE_FILL_AREA(#19132);
#19132 = FILL_AREA_STYLE('',(#19133));
#19133 = FILL_AREA_STYLE_COLOUR('',#18349);
#19134 = OVER_RIDING_STYLED_ITEM('overriding color',(#19135),#3789,
  #18332);
#19135 = PRESENTATION_STYLE_ASSIGNMENT((#19136));
#19136 = SURFACE_STYLE_USAGE(.BOTH.,#19137);
#19137 = SURFACE_SIDE_STYLE('',(#19138));
#19138 = SURFACE_STYLE_FILL_AREA(#19139);
#19139 = FILL_AREA_STYLE('',(#19140));
#19140 = FILL_AREA_STYLE_COLOUR('',#18349);
#19141 = OVER_RIDING_STYLED_ITEM('overriding color',(#19142),#3813,
  #18332);
#19142 = PRESENTATION_STYLE_ASSIGNMENT((#19143));
#19143 = SURFACE_STYLE_USAGE(.BOTH.,#19144);
#19144 = SURFACE_SIDE_STYLE('',(#19145));
#19145 = SURFACE_STYLE_FILL_AREA(#19146);
#19146 = FILL_AREA_STYLE('',(#19147));
#19147 = FILL_AREA_STYLE_COLOUR('',#18349);
#19148 = OVER_RIDING_STYLED_ITEM('overriding color',(#19149),#3855,
  #18332);
#19149 = PRESENTATION_STYLE_ASSIGNMENT((#19150));
#19150 = SURFACE_STYLE_USAGE(.BOTH.,#19151);
#19151 = SURFACE_SIDE_STYLE('',(#19152));
#19152 = SURFACE_STYLE_FILL_AREA(#19153);
#19153 = FILL_AREA_STYLE('',(#19154));
#19154 = FILL_AREA_STYLE_COLOUR('',#18349);
#19155 = OVER_RIDING_STYLED_ITEM('overriding color',(#19156),#3879,
  #18332);
#19156 = PRESENTATION_STYLE_ASSIGNMENT((#19157));
#19157 = SURFACE_STYLE_USAGE(.BOTH.,#19158);
#19158 = SURFACE_SIDE_STYLE('',(#19159));
#19159 = SURFACE_STYLE_FILL_AREA(#19160);
#19160 = FILL_AREA_STYLE('',(#19161));
#19161 = FILL_AREA_STYLE_COLOUR('',#18349);
#19162 = OVER_RIDING_STYLED_ITEM('overriding color',(#19163),#3921,
  #18332);
#19163 = PRESENTATION_STYLE_ASSIGNMENT((#19164));
#19164 = SURFACE_STYLE_USAGE(.BOTH.,#19165);
#19165 = SURFACE_SIDE_STYLE('',(#19166));
#19166 = SURFACE_STYLE_FILL_AREA(#19167);
#19167 = FILL_AREA_STYLE('',(#19168));
#19168 = FILL_AREA_STYLE_COLOUR('',#18349);
#19169 = OVER_RIDING_STYLED_ITEM('overriding color',(#19170),#3945,
  #18332);
#19170 = PRESENTATION_STYLE_ASSIGNMENT((#19171));
#19171 = SURFACE_STYLE_USAGE(.BOTH.,#19172);
#19172 = SURFACE_SIDE_STYLE('',(#19173));
#19173 = SURFACE_STYLE_FILL_AREA(#19174);
#19174 = FILL_AREA_STYLE('',(#19175));
#19175 = FILL_AREA_STYLE_COLOUR('',#18349);
#19176 = OVER_RIDING_STYLED_ITEM('overriding color',(#19177),#3987,
  #18332);
#19177 = PRESENTATION_STYLE_ASSIGNMENT((#19178));
#19178 = SURFACE_STYLE_USAGE(.BOTH.,#19179);
#19179 = SURFACE_SIDE_STYLE('',(#19180));
#19180 = SURFACE_STYLE_FILL_AREA(#19181);
#19181 = FILL_AREA_STYLE('',(#19182));
#19182 = FILL_AREA_STYLE_COLOUR('',#18349);
#19183 = OVER_RIDING_STYLED_ITEM('overriding color',(#19184),#4011,
  #18332);
#19184 = PRESENTATION_STYLE_ASSIGNMENT((#19185));
#19185 = SURFACE_STYLE_USAGE(.BOTH.,#19186);
#19186 = SURFACE_SIDE_STYLE('',(#19187));
#19187 = SURFACE_STYLE_FILL_AREA(#19188);
#19188 = FILL_AREA_STYLE('',(#19189));
#19189 = FILL_AREA_STYLE_COLOUR('',#18349);
#19190 = OVER_RIDING_STYLED_ITEM('overriding color',(#19191),#4053,
  #18332);
#19191 = PRESENTATION_STYLE_ASSIGNMENT((#19192));
#19192 = SURFACE_STYLE_USAGE(.BOTH.,#19193);
#19193 = SURFACE_SIDE_STYLE('',(#19194));
#19194 = SURFACE_STYLE_FILL_AREA(#19195);
#19195 = FILL_AREA_STYLE('',(#19196));
#19196 = FILL_AREA_STYLE_COLOUR('',#18349);
#19197 = OVER_RIDING_STYLED_ITEM('overriding color',(#19198),#4077,
  #18332);
#19198 = PRESENTATION_STYLE_ASSIGNMENT((#19199));
#19199 = SURFACE_STYLE_USAGE(.BOTH.,#19200);
#19200 = SURFACE_SIDE_STYLE('',(#19201));
#19201 = SURFACE_STYLE_FILL_AREA(#19202);
#19202 = FILL_AREA_STYLE('',(#19203));
#19203 = FILL_AREA_STYLE_COLOUR('',#18349);
#19204 = OVER_RIDING_STYLED_ITEM('overriding color',(#19205),#4119,
  #18332);
#19205 = PRESENTATION_STYLE_ASSIGNMENT((#19206));
#19206 = SURFACE_STYLE_USAGE(.BOTH.,#19207);
#19207 = SURFACE_SIDE_STYLE('',(#19208));
#19208 = SURFACE_STYLE_FILL_AREA(#19209);
#19209 = FILL_AREA_STYLE('',(#19210));
#19210 = FILL_AREA_STYLE_COLOUR('',#18349);
#19211 = OVER_RIDING_STYLED_ITEM('overriding color',(#19212),#4143,
  #18332);
#19212 = PRESENTATION_STYLE_ASSIGNMENT((#19213));
#19213 = SURFACE_STYLE_USAGE(.BOTH.,#19214);
#19214 = SURFACE_SIDE_STYLE('',(#19215));
#19215 = SURFACE_STYLE_FILL_AREA(#19216);
#19216 = FILL_AREA_STYLE('',(#19217));
#19217 = FILL_AREA_STYLE_COLOUR('',#18349);
#19218 = OVER_RIDING_STYLED_ITEM('overriding color',(#19219),#4185,
  #18332);
#19219 = PRESENTATION_STYLE_ASSIGNMENT((#19220));
#19220 = SURFACE_STYLE_USAGE(.BOTH.,#19221);
#19221 = SURFACE_SIDE_STYLE('',(#19222));
#19222 = SURFACE_STYLE_FILL_AREA(#19223);
#19223 = FILL_AREA_STYLE('',(#19224));
#19224 = FILL_AREA_STYLE_COLOUR('',#18349);
#19225 = OVER_RIDING_STYLED_ITEM('overriding color',(#19226),#4209,
  #18332);
#19226 = PRESENTATION_STYLE_ASSIGNMENT((#19227));
#19227 = SURFACE_STYLE_USAGE(.BOTH.,#19228);
#19228 = SURFACE_SIDE_STYLE('',(#19229));
#19229 = SURFACE_STYLE_FILL_AREA(#19230);
#19230 = FILL_AREA_STYLE('',(#19231));
#19231 = FILL_AREA_STYLE_COLOUR('',#18349);
#19232 = OVER_RIDING_STYLED_ITEM('overriding color',(#19233),#4251,
  #18332);
#19233 = PRESENTATION_STYLE_ASSIGNMENT((#19234));
#19234 = SURFACE_STYLE_USAGE(.BOTH.,#19235);
#19235 = SURFACE_SIDE_STYLE('',(#19236));
#19236 = SURFACE_STYLE_FILL_AREA(#19237);
#19237 = FILL_AREA_STYLE('',(#19238));
#19238 = FILL_AREA_STYLE_COLOUR('',#18349);
#19239 = OVER_RIDING_STYLED_ITEM('overriding color',(#19240),#4275,
  #18332);
#19240 = PRESENTATION_STYLE_ASSIGNMENT((#19241));
#19241 = SURFACE_STYLE_USAGE(.BOTH.,#19242);
#19242 = SURFACE_SIDE_STYLE('',(#19243));
#19243 = SURFACE_STYLE_FILL_AREA(#19244);
#19244 = FILL_AREA_STYLE('',(#19245));
#19245 = FILL_AREA_STYLE_COLOUR('',#18349);
#19246 = OVER_RIDING_STYLED_ITEM('overriding color',(#19247),#4317,
  #18332);
#19247 = PRESENTATION_STYLE_ASSIGNMENT((#19248));
#19248 = SURFACE_STYLE_USAGE(.BOTH.,#19249);
#19249 = SURFACE_SIDE_STYLE('',(#19250));
#19250 = SURFACE_STYLE_FILL_AREA(#19251);
#19251 = FILL_AREA_STYLE('',(#19252));
#19252 = FILL_AREA_STYLE_COLOUR('',#18349);
#19253 = OVER_RIDING_STYLED_ITEM('overriding color',(#19254),#4341,
  #18332);
#19254 = PRESENTATION_STYLE_ASSIGNMENT((#19255));
#19255 = SURFACE_STYLE_USAGE(.BOTH.,#19256);
#19256 = SURFACE_SIDE_STYLE('',(#19257));
#19257 = SURFACE_STYLE_FILL_AREA(#19258);
#19258 = FILL_AREA_STYLE('',(#19259));
#19259 = FILL_AREA_STYLE_COLOUR('',#18349);
#19260 = OVER_RIDING_STYLED_ITEM('overriding color',(#19261),#4383,
  #18332);
#19261 = PRESENTATION_STYLE_ASSIGNMENT((#19262));
#19262 = SURFACE_STYLE_USAGE(.BOTH.,#19263);
#19263 = SURFACE_SIDE_STYLE('',(#19264));
#19264 = SURFACE_STYLE_FILL_AREA(#19265);
#19265 = FILL_AREA_STYLE('',(#19266));
#19266 = FILL_AREA_STYLE_COLOUR('',#18349);
#19267 = OVER_RIDING_STYLED_ITEM('overriding color',(#19268),#4407,
  #18332);
#19268 = PRESENTATION_STYLE_ASSIGNMENT((#19269));
#19269 = SURFACE_STYLE_USAGE(.BOTH.,#19270);
#19270 = SURFACE_SIDE_STYLE('',(#19271));
#19271 = SURFACE_STYLE_FILL_AREA(#19272);
#19272 = FILL_AREA_STYLE('',(#19273));
#19273 = FILL_AREA_STYLE_COLOUR('',#18349);
#19274 = OVER_RIDING_STYLED_ITEM('overriding color',(#19275),#4449,
  #18332);
#19275 = PRESENTATION_STYLE_ASSIGNMENT((#19276));
#19276 = SURFACE_STYLE_USAGE(.BOTH.,#19277);
#19277 = SURFACE_SIDE_STYLE('',(#19278));
#19278 = SURFACE_STYLE_FILL_AREA(#19279);
#19279 = FILL_AREA_STYLE('',(#19280));
#19280 = FILL_AREA_STYLE_COLOUR('',#18349);
#19281 = OVER_RIDING_STYLED_ITEM('overriding color',(#19282),#4473,
  #18332);
#19282 = PRESENTATION_STYLE_ASSIGNMENT((#19283));
#19283 = SURFACE_STYLE_USAGE(.BOTH.,#19284);
#19284 = SURFACE_SIDE_STYLE('',(#19285));
#19285 = SURFACE_STYLE_FILL_AREA(#19286);
#19286 = FILL_AREA_STYLE('',(#19287));
#19287 = FILL_AREA_STYLE_COLOUR('',#18349);
#19288 = OVER_RIDING_STYLED_ITEM('overriding color',(#19289),#4515,
  #18332);
#19289 = PRESENTATION_STYLE_ASSIGNMENT((#19290));
#19290 = SURFACE_STYLE_USAGE(.BOTH.,#19291);
#19291 = SURFACE_SIDE_STYLE('',(#19292));
#19292 = SURFACE_STYLE_FILL_AREA(#19293);
#19293 = FILL_AREA_STYLE('',(#19294));
#19294 = FILL_AREA_STYLE_COLOUR('',#18349);
#19295 = OVER_RIDING_STYLED_ITEM('overriding color',(#19296),#4539,
  #18332);
#19296 = PRESENTATION_STYLE_ASSIGNMENT((#19297));
#19297 = SURFACE_STYLE_USAGE(.BOTH.,#19298);
#19298 = SURFACE_SIDE_STYLE('',(#19299));
#19299 = SURFACE_STYLE_FILL_AREA(#19300);
#19300 = FILL_AREA_STYLE('',(#19301));
#19301 = FILL_AREA_STYLE_COLOUR('',#18349);
#19302 = OVER_RIDING_STYLED_ITEM('overriding color',(#19303),#4581,
  #18332);
#19303 = PRESENTATION_STYLE_ASSIGNMENT((#19304));
#19304 = SURFACE_STYLE_USAGE(.BOTH.,#19305);
#19305 = SURFACE_SIDE_STYLE('',(#19306));
#19306 = SURFACE_STYLE_FILL_AREA(#19307);
#19307 = FILL_AREA_STYLE('',(#19308));
#19308 = FILL_AREA_STYLE_COLOUR('',#18349);
#19309 = OVER_RIDING_STYLED_ITEM('overriding color',(#19310),#4605,
  #18332);
#19310 = PRESENTATION_STYLE_ASSIGNMENT((#19311));
#19311 = SURFACE_STYLE_USAGE(.BOTH.,#19312);
#19312 = SURFACE_SIDE_STYLE('',(#19313));
#19313 = SURFACE_STYLE_FILL_AREA(#19314);
#19314 = FILL_AREA_STYLE('',(#19315));
#19315 = FILL_AREA_STYLE_COLOUR('',#18349);
#19316 = OVER_RIDING_STYLED_ITEM('overriding color',(#19317),#4647,
  #18332);
#19317 = PRESENTATION_STYLE_ASSIGNMENT((#19318));
#19318 = SURFACE_STYLE_USAGE(.BOTH.,#19319);
#19319 = SURFACE_SIDE_STYLE('',(#19320));
#19320 = SURFACE_STYLE_FILL_AREA(#19321);
#19321 = FILL_AREA_STYLE('',(#19322));
#19322 = FILL_AREA_STYLE_COLOUR('',#18349);
#19323 = OVER_RIDING_STYLED_ITEM('overriding color',(#19324),#4671,
  #18332);
#19324 = PRESENTATION_STYLE_ASSIGNMENT((#19325));
#19325 = SURFACE_STYLE_USAGE(.BOTH.,#19326);
#19326 = SURFACE_SIDE_STYLE('',(#19327));
#19327 = SURFACE_STYLE_FILL_AREA(#19328);
#19328 = FILL_AREA_STYLE('',(#19329));
#19329 = FILL_AREA_STYLE_COLOUR('',#18349);
#19330 = OVER_RIDING_STYLED_ITEM('overriding color',(#19331),#4713,
  #18332);
#19331 = PRESENTATION_STYLE_ASSIGNMENT((#19332));
#19332 = SURFACE_STYLE_USAGE(.BOTH.,#19333);
#19333 = SURFACE_SIDE_STYLE('',(#19334));
#19334 = SURFACE_STYLE_FILL_AREA(#19335);
#19335 = FILL_AREA_STYLE('',(#19336));
#19336 = FILL_AREA_STYLE_COLOUR('',#18349);
#19337 = OVER_RIDING_STYLED_ITEM('overriding color',(#19338),#4737,
  #18332);
#19338 = PRESENTATION_STYLE_ASSIGNMENT((#19339));
#19339 = SURFACE_STYLE_USAGE(.BOTH.,#19340);
#19340 = SURFACE_SIDE_STYLE('',(#19341));
#19341 = SURFACE_STYLE_FILL_AREA(#19342);
#19342 = FILL_AREA_STYLE('',(#19343));
#19343 = FILL_AREA_STYLE_COLOUR('',#18349);
#19344 = OVER_RIDING_STYLED_ITEM('overriding color',(#19345),#4779,
  #18332);
#19345 = PRESENTATION_STYLE_ASSIGNMENT((#19346));
#19346 = SURFACE_STYLE_USAGE(.BOTH.,#19347);
#19347 = SURFACE_SIDE_STYLE('',(#19348));
#19348 = SURFACE_STYLE_FILL_AREA(#19349);
#19349 = FILL_AREA_STYLE('',(#19350));
#19350 = FILL_AREA_STYLE_COLOUR('',#18349);
#19351 = OVER_RIDING_STYLED_ITEM('overriding color',(#19352),#4803,
  #18332);
#19352 = PRESENTATION_STYLE_ASSIGNMENT((#19353));
#19353 = SURFACE_STYLE_USAGE(.BOTH.,#19354);
#19354 = SURFACE_SIDE_STYLE('',(#19355));
#19355 = SURFACE_STYLE_FILL_AREA(#19356);
#19356 = FILL_AREA_STYLE('',(#19357));
#19357 = FILL_AREA_STYLE_COLOUR('',#18349);
#19358 = OVER_RIDING_STYLED_ITEM('overriding color',(#19359),#4845,
  #18332);
#19359 = PRESENTATION_STYLE_ASSIGNMENT((#19360));
#19360 = SURFACE_STYLE_USAGE(.BOTH.,#19361);
#19361 = SURFACE_SIDE_STYLE('',(#19362));
#19362 = SURFACE_STYLE_FILL_AREA(#19363);
#19363 = FILL_AREA_STYLE('',(#19364));
#19364 = FILL_AREA_STYLE_COLOUR('',#18349);
#19365 = OVER_RIDING_STYLED_ITEM('overriding color',(#19366),#4869,
  #18332);
#19366 = PRESENTATION_STYLE_ASSIGNMENT((#19367));
#19367 = SURFACE_STYLE_USAGE(.BOTH.,#19368);
#19368 = SURFACE_SIDE_STYLE('',(#19369));
#19369 = SURFACE_STYLE_FILL_AREA(#19370);
#19370 = FILL_AREA_STYLE('',(#19371));
#19371 = FILL_AREA_STYLE_COLOUR('',#18349);
#19372 = OVER_RIDING_STYLED_ITEM('overriding color',(#19373),#4911,
  #18332);
#19373 = PRESENTATION_STYLE_ASSIGNMENT((#19374));
#19374 = SURFACE_STYLE_USAGE(.BOTH.,#19375);
#19375 = SURFACE_SIDE_STYLE('',(#19376));
#19376 = SURFACE_STYLE_FILL_AREA(#19377);
#19377 = FILL_AREA_STYLE('',(#19378));
#19378 = FILL_AREA_STYLE_COLOUR('',#18349);
#19379 = OVER_RIDING_STYLED_ITEM('overriding color',(#19380),#4935,
  #18332);
#19380 = PRESENTATION_STYLE_ASSIGNMENT((#19381));
#19381 = SURFACE_STYLE_USAGE(.BOTH.,#19382);
#19382 = SURFACE_SIDE_STYLE('',(#19383));
#19383 = SURFACE_STYLE_FILL_AREA(#19384);
#19384 = FILL_AREA_STYLE('',(#19385));
#19385 = FILL_AREA_STYLE_COLOUR('',#18349);
#19386 = OVER_RIDING_STYLED_ITEM('overriding color',(#19387),#4977,
  #18332);
#19387 = PRESENTATION_STYLE_ASSIGNMENT((#19388));
#19388 = SURFACE_STYLE_USAGE(.BOTH.,#19389);
#19389 = SURFACE_SIDE_STYLE('',(#19390));
#19390 = SURFACE_STYLE_FILL_AREA(#19391);
#19391 = FILL_AREA_STYLE('',(#19392));
#19392 = FILL_AREA_STYLE_COLOUR('',#18349);
#19393 = MECHANICAL_DESIGN_GEOMETRIC_PRESENTATION_REPRESENTATION('',(
    #19394,#19401,#19408,#19415,#19422,#19429,#19436,#19443,#19450,
    #19457,#19464,#19471,#19478,#19485,#19492,#19499,#19506,#19513,
    #19520,#19527,#19534,#19541,#19548,#19555,#19562,#19569,#19576,
    #19583,#19590,#19597,#19604,#19611,#19618,#19625,#19632,#19639,
    #19646,#19653,#19660,#19667,#19674,#19681,#19688,#19695,#19702,
    #19709,#19716),#12010);
#19394 = STYLED_ITEM('color',(#19395),#5634);
#19395 = PRESENTATION_STYLE_ASSIGNMENT((#19396));
#19396 = SURFACE_STYLE_USAGE(.BOTH.,#19397);
#19397 = SURFACE_SIDE_STYLE('',(#19398));
#19398 = SURFACE_STYLE_FILL_AREA(#19399);
#19399 = FILL_AREA_STYLE('',(#19400));
#19400 = FILL_AREA_STYLE_COLOUR('',#18022);
#19401 = STYLED_ITEM('color',(#19402),#5682);
#19402 = PRESENTATION_STYLE_ASSIGNMENT((#19403));
#19403 = SURFACE_STYLE_USAGE(.BOTH.,#19404);
#19404 = SURFACE_SIDE_STYLE('',(#19405));
#19405 = SURFACE_STYLE_FILL_AREA(#19406);
#19406 = FILL_AREA_STYLE('',(#19407));
#19407 = FILL_AREA_STYLE_COLOUR('',#18022);
#19408 = STYLED_ITEM('color',(#19409),#5834);
#19409 = PRESENTATION_STYLE_ASSIGNMENT((#19410));
#19410 = SURFACE_STYLE_USAGE(.BOTH.,#19411);
#19411 = SURFACE_SIDE_STYLE('',(#19412));
#19412 = SURFACE_STYLE_FILL_AREA(#19413);
#19413 = FILL_AREA_STYLE('',(#19414));
#19414 = FILL_AREA_STYLE_COLOUR('',#18022);
#19415 = STYLED_ITEM('color',(#19416),#5882);
#19416 = PRESENTATION_STYLE_ASSIGNMENT((#19417));
#19417 = SURFACE_STYLE_USAGE(.BOTH.,#19418);
#19418 = SURFACE_SIDE_STYLE('',(#19419));
#19419 = SURFACE_STYLE_FILL_AREA(#19420);
#19420 = FILL_AREA_STYLE('',(#19421));
#19421 = FILL_AREA_STYLE_COLOUR('',#18022);
#19422 = STYLED_ITEM('color',(#19423),#5930);
#19423 = PRESENTATION_STYLE_ASSIGNMENT((#19424));
#19424 = SURFACE_STYLE_USAGE(.BOTH.,#19425);
#19425 = SURFACE_SIDE_STYLE('',(#19426));
#19426 = SURFACE_STYLE_FILL_AREA(#19427);
#19427 = FILL_AREA_STYLE('',(#19428));
#19428 = FILL_AREA_STYLE_COLOUR('',#18022);
#19429 = STYLED_ITEM('color',(#19430),#5978);
#19430 = PRESENTATION_STYLE_ASSIGNMENT((#19431));
#19431 = SURFACE_STYLE_USAGE(.BOTH.,#19432);
#19432 = SURFACE_SIDE_STYLE('',(#19433));
#19433 = SURFACE_STYLE_FILL_AREA(#19434);
#19434 = FILL_AREA_STYLE('',(#19435));
#19435 = FILL_AREA_STYLE_COLOUR('',#18022);
#19436 = STYLED_ITEM('color',(#19437),#6205);
#19437 = PRESENTATION_STYLE_ASSIGNMENT((#19438));
#19438 = SURFACE_STYLE_USAGE(.BOTH.,#19439);
#19439 = SURFACE_SIDE_STYLE('',(#19440));
#19440 = SURFACE_STYLE_FILL_AREA(#19441);
#19441 = FILL_AREA_STYLE('',(#19442));
#19442 = FILL_AREA_STYLE_COLOUR('',#18022);
#19443 = STYLED_ITEM('color',(#19444),#6253);
#19444 = PRESENTATION_STYLE_ASSIGNMENT((#19445));
#19445 = SURFACE_STYLE_USAGE(.BOTH.,#19446);
#19446 = SURFACE_SIDE_STYLE('',(#19447));
#19447 = SURFACE_STYLE_FILL_AREA(#19448);
#19448 = FILL_AREA_STYLE('',(#19449));
#19449 = FILL_AREA_STYLE_COLOUR('',#18022);
#19450 = STYLED_ITEM('color',(#19451),#6480);
#19451 = PRESENTATION_STYLE_ASSIGNMENT((#19452));
#19452 = SURFACE_STYLE_USAGE(.BOTH.,#19453);
#19453 = SURFACE_SIDE_STYLE('',(#19454));
#19454 = SURFACE_STYLE_FILL_AREA(#19455);
#19455 = FILL_AREA_STYLE('',(#19456));
#19456 = FILL_AREA_STYLE_COLOUR('',#18022);
#19457 = STYLED_ITEM('color',(#19458),#6542);
#19458 = PRESENTATION_STYLE_ASSIGNMENT((#19459));
#19459 = SURFACE_STYLE_USAGE(.BOTH.,#19460);
#19460 = SURFACE_SIDE_STYLE('',(#19461));
#19461 = SURFACE_STYLE_FILL_AREA(#19462);
#19462 = FILL_AREA_STYLE('',(#19463));
#19463 = FILL_AREA_STYLE_COLOUR('',#18022);
#19464 = STYLED_ITEM('color',(#19465),#6590);
#19465 = PRESENTATION_STYLE_ASSIGNMENT((#19466));
#19466 = SURFACE_STYLE_USAGE(.BOTH.,#19467);
#19467 = SURFACE_SIDE_STYLE('',(#19468));
#19468 = SURFACE_STYLE_FILL_AREA(#19469);
#19469 = FILL_AREA_STYLE('',(#19470));
#19470 = FILL_AREA_STYLE_COLOUR('',#18022);
#19471 = STYLED_ITEM('color',(#19472),#6638);
#19472 = PRESENTATION_STYLE_ASSIGNMENT((#19473));
#19473 = SURFACE_STYLE_USAGE(.BOTH.,#19474);
#19474 = SURFACE_SIDE_STYLE('',(#19475));
#19475 = SURFACE_STYLE_FILL_AREA(#19476);
#19476 = FILL_AREA_STYLE('',(#19477));
#19477 = FILL_AREA_STYLE_COLOUR('',#18022);
#19478 = STYLED_ITEM('color',(#19479),#6686);
#19479 = PRESENTATION_STYLE_ASSIGNMENT((#19480));
#19480 = SURFACE_STYLE_USAGE(.BOTH.,#19481);
#19481 = SURFACE_SIDE_STYLE('',(#19482));
#19482 = SURFACE_STYLE_FILL_AREA(#19483);
#19483 = FILL_AREA_STYLE('',(#19484));
#19484 = FILL_AREA_STYLE_COLOUR('',#18022);
#19485 = STYLED_ITEM('color',(#19486),#7026);
#19486 = PRESENTATION_STYLE_ASSIGNMENT((#19487));
#19487 = SURFACE_STYLE_USAGE(.BOTH.,#19488);
#19488 = SURFACE_SIDE_STYLE('',(#19489));
#19489 = SURFACE_STYLE_FILL_AREA(#19490);
#19490 = FILL_AREA_STYLE('',(#19491));
#19491 = FILL_AREA_STYLE_COLOUR('',#18022);
#19492 = STYLED_ITEM('color',(#19493),#7074);
#19493 = PRESENTATION_STYLE_ASSIGNMENT((#19494));
#19494 = SURFACE_STYLE_USAGE(.BOTH.,#19495);
#19495 = SURFACE_SIDE_STYLE('',(#19496));
#19496 = SURFACE_STYLE_FILL_AREA(#19497);
#19497 = FILL_AREA_STYLE('',(#19498));
#19498 = FILL_AREA_STYLE_COLOUR('',#18022);
#19499 = STYLED_ITEM('color',(#19500),#7739);
#19500 = PRESENTATION_STYLE_ASSIGNMENT((#19501));
#19501 = SURFACE_STYLE_USAGE(.BOTH.,#19502);
#19502 = SURFACE_SIDE_STYLE('',(#19503));
#19503 = SURFACE_STYLE_FILL_AREA(#19504);
#19504 = FILL_AREA_STYLE('',(#19505));
#19505 = FILL_AREA_STYLE_COLOUR('',#18022);
#19506 = STYLED_ITEM('color',(#19507),#7787);
#19507 = PRESENTATION_STYLE_ASSIGNMENT((#19508));
#19508 = SURFACE_STYLE_USAGE(.BOTH.,#19509);
#19509 = SURFACE_SIDE_STYLE('',(#19510));
#19510 = SURFACE_STYLE_FILL_AREA(#19511);
#19511 = FILL_AREA_STYLE('',(#19512));
#19512 = FILL_AREA_STYLE_COLOUR('',#18022);
#19513 = STYLED_ITEM('color',(#19514),#8168);
#19514 = PRESENTATION_STYLE_ASSIGNMENT((#19515));
#19515 = SURFACE_STYLE_USAGE(.BOTH.,#19516);
#19516 = SURFACE_SIDE_STYLE('',(#19517));
#19517 = SURFACE_STYLE_FILL_AREA(#19518);
#19518 = FILL_AREA_STYLE('',(#19519));
#19519 = FILL_AREA_STYLE_COLOUR('',#18022);
#19520 = STYLED_ITEM('color',(#19521),#8295);
#19521 = PRESENTATION_STYLE_ASSIGNMENT((#19522));
#19522 = SURFACE_STYLE_USAGE(.BOTH.,#19523);
#19523 = SURFACE_SIDE_STYLE('',(#19524));
#19524 = SURFACE_STYLE_FILL_AREA(#19525);
#19525 = FILL_AREA_STYLE('',(#19526));
#19526 = FILL_AREA_STYLE_COLOUR('',#18022);
#19527 = STYLED_ITEM('color',(#19528),#8585);
#19528 = PRESENTATION_STYLE_ASSIGNMENT((#19529));
#19529 = SURFACE_STYLE_USAGE(.BOTH.,#19530);
#19530 = SURFACE_SIDE_STYLE('',(#19531));
#19531 = SURFACE_STYLE_FILL_AREA(#19532);
#19532 = FILL_AREA_STYLE('',(#19533));
#19533 = FILL_AREA_STYLE_COLOUR('',#18022);
#19534 = STYLED_ITEM('color',(#19535),#8712);
#19535 = PRESENTATION_STYLE_ASSIGNMENT((#19536));
#19536 = SURFACE_STYLE_USAGE(.BOTH.,#19537);
#19537 = SURFACE_SIDE_STYLE('',(#19538));
#19538 = SURFACE_STYLE_FILL_AREA(#19539);
#19539 = FILL_AREA_STYLE('',(#19540));
#19540 = FILL_AREA_STYLE_COLOUR('',#18022);
#19541 = STYLED_ITEM('color',(#19542),#8939);
#19542 = PRESENTATION_STYLE_ASSIGNMENT((#19543));
#19543 = SURFACE_STYLE_USAGE(.BOTH.,#19544);
#19544 = SURFACE_SIDE_STYLE('',(#19545));
#19545 = SURFACE_STYLE_FILL_AREA(#19546);
#19546 = FILL_AREA_STYLE('',(#19547));
#19547 = FILL_AREA_STYLE_COLOUR('',#18022);
#19548 = STYLED_ITEM('color',(#19549),#8987);
#19549 = PRESENTATION_STYLE_ASSIGNMENT((#19550));
#19550 = SURFACE_STYLE_USAGE(.BOTH.,#19551);
#19551 = SURFACE_SIDE_STYLE('',(#19552));
#19552 = SURFACE_STYLE_FILL_AREA(#19553);
#19553 = FILL_AREA_STYLE('',(#19554));
#19554 = FILL_AREA_STYLE_COLOUR('',#18022);
#19555 = STYLED_ITEM('color',(#19556),#9277);
#19556 = PRESENTATION_STYLE_ASSIGNMENT((#19557));
#19557 = SURFACE_STYLE_USAGE(.BOTH.,#19558);
#19558 = SURFACE_SIDE_STYLE('',(#19559));
#19559 = SURFACE_STYLE_FILL_AREA(#19560);
#19560 = FILL_AREA_STYLE('',(#19561));
#19561 = FILL_AREA_STYLE_COLOUR('',#18022);
#19562 = STYLED_ITEM('color',(#19563),#9404);
#19563 = PRESENTATION_STYLE_ASSIGNMENT((#19564));
#19564 = SURFACE_STYLE_USAGE(.BOTH.,#19565);
#19565 = SURFACE_SIDE_STYLE('',(#19566));
#19566 = SURFACE_STYLE_FILL_AREA(#19567);
#19567 = FILL_AREA_STYLE('',(#19568));
#19568 = FILL_AREA_STYLE_COLOUR('',#18022);
#19569 = STYLED_ITEM('color',(#19570),#9468);
#19570 = PRESENTATION_STYLE_ASSIGNMENT((#19571));
#19571 = SURFACE_STYLE_USAGE(.BOTH.,#19572);
#19572 = SURFACE_SIDE_STYLE('',(#19573));
#19573 = SURFACE_STYLE_FILL_AREA(#19574);
#19574 = FILL_AREA_STYLE('',(#19575));
#19575 = FILL_AREA_STYLE_COLOUR('',#18022);
#19576 = STYLED_ITEM('color',(#19577),#9532);
#19577 = PRESENTATION_STYLE_ASSIGNMENT((#19578));
#19578 = SURFACE_STYLE_USAGE(.BOTH.,#19579);
#19579 = SURFACE_SIDE_STYLE('',(#19580));
#19580 = SURFACE_STYLE_FILL_AREA(#19581);
#19581 = FILL_AREA_STYLE('',(#19582));
#19582 = FILL_AREA_STYLE_COLOUR('',#18022);
#19583 = STYLED_ITEM('color',(#19584),#9709);
#19584 = PRESENTATION_STYLE_ASSIGNMENT((#19585));
#19585 = SURFACE_STYLE_USAGE(.BOTH.,#19586);
#19586 = SURFACE_SIDE_STYLE('',(#19587));
#19587 = SURFACE_STYLE_FILL_AREA(#19588);
#19588 = FILL_AREA_STYLE('',(#19589));
#19589 = FILL_AREA_STYLE_COLOUR('',#18022);
#19590 = STYLED_ITEM('color',(#19591),#10411);
#19591 = PRESENTATION_STYLE_ASSIGNMENT((#19592));
#19592 = SURFACE_STYLE_USAGE(.BOTH.,#19593);
#19593 = SURFACE_SIDE_STYLE('',(#19594));
#19594 = SURFACE_STYLE_FILL_AREA(#19595);
#19595 = FILL_AREA_STYLE('',(#19596));
#19596 = FILL_AREA_STYLE_COLOUR('',#18022);
#19597 = STYLED_ITEM('color',(#19598),#10475);
#19598 = PRESENTATION_STYLE_ASSIGNMENT((#19599));
#19599 = SURFACE_STYLE_USAGE(.BOTH.,#19600);
#19600 = SURFACE_SIDE_STYLE('',(#19601));
#19601 = SURFACE_STYLE_FILL_AREA(#19602);
#19602 = FILL_AREA_STYLE('',(#19603));
#19603 = FILL_AREA_STYLE_COLOUR('',#18022);
#19604 = STYLED_ITEM('color',(#19605),#10539);
#19605 = PRESENTATION_STYLE_ASSIGNMENT((#19606));
#19606 = SURFACE_STYLE_USAGE(.BOTH.,#19607);
#19607 = SURFACE_SIDE_STYLE('',(#19608));
#19608 = SURFACE_STYLE_FILL_AREA(#19609);
#19609 = FILL_AREA_STYLE('',(#19610));
#19610 = FILL_AREA_STYLE_COLOUR('',#18022);
#19611 = STYLED_ITEM('color',(#19612),#10587);
#19612 = PRESENTATION_STYLE_ASSIGNMENT((#19613));
#19613 = SURFACE_STYLE_USAGE(.BOTH.,#19614);
#19614 = SURFACE_SIDE_STYLE('',(#19615));
#19615 = SURFACE_STYLE_FILL_AREA(#19616);
#19616 = FILL_AREA_STYLE('',(#19617));
#19617 = FILL_AREA_STYLE_COLOUR('',#18022);
#19618 = STYLED_ITEM('color',(#19619),#10651);
#19619 = PRESENTATION_STYLE_ASSIGNMENT((#19620));
#19620 = SURFACE_STYLE_USAGE(.BOTH.,#19621);
#19621 = SURFACE_SIDE_STYLE('',(#19622));
#19622 = SURFACE_STYLE_FILL_AREA(#19623);
#19623 = FILL_AREA_STYLE('',(#19624));
#19624 = FILL_AREA_STYLE_COLOUR('',#18022);
#19625 = STYLED_ITEM('color',(#19626),#10853);
#19626 = PRESENTATION_STYLE_ASSIGNMENT((#19627));
#19627 = SURFACE_STYLE_USAGE(.BOTH.,#19628);
#19628 = SURFACE_SIDE_STYLE('',(#19629));
#19629 = SURFACE_STYLE_FILL_AREA(#19630);
#19630 = FILL_AREA_STYLE('',(#19631));
#19631 = FILL_AREA_STYLE_COLOUR('',#18022);
#19632 = STYLED_ITEM('color',(#19633),#10917);
#19633 = PRESENTATION_STYLE_ASSIGNMENT((#19634));
#19634 = SURFACE_STYLE_USAGE(.BOTH.,#19635);
#19635 = SURFACE_SIDE_STYLE('',(#19636));
#19636 = SURFACE_STYLE_FILL_AREA(#19637);
#19637 = FILL_AREA_STYLE('',(#19638));
#19638 = FILL_AREA_STYLE_COLOUR('',#18022);
#19639 = STYLED_ITEM('color',(#19640),#10981);
#19640 = PRESENTATION_STYLE_ASSIGNMENT((#19641));
#19641 = SURFACE_STYLE_USAGE(.BOTH.,#19642);
#19642 = SURFACE_SIDE_STYLE('',(#19643));
#19643 = SURFACE_STYLE_FILL_AREA(#19644);
#19644 = FILL_AREA_STYLE('',(#19645));
#19645 = FILL_AREA_STYLE_COLOUR('',#18022);
#19646 = STYLED_ITEM('color',(#19647),#11029);
#19647 = PRESENTATION_STYLE_ASSIGNMENT((#19648));
#19648 = SURFACE_STYLE_USAGE(.BOTH.,#19649);
#19649 = SURFACE_SIDE_STYLE('',(#19650));
#19650 = SURFACE_STYLE_FILL_AREA(#19651);
#19651 = FILL_AREA_STYLE('',(#19652));
#19652 = FILL_AREA_STYLE_COLOUR('',#18022);
#19653 = STYLED_ITEM('color',(#19654),#11077);
#19654 = PRESENTATION_STYLE_ASSIGNMENT((#19655));
#19655 = SURFACE_STYLE_USAGE(.BOTH.,#19656);
#19656 = SURFACE_SIDE_STYLE('',(#19657));
#19657 = SURFACE_STYLE_FILL_AREA(#19658);
#19658 = FILL_AREA_STYLE('',(#19659));
#19659 = FILL_AREA_STYLE_COLOUR('',#18022);
#19660 = STYLED_ITEM('color',(#19661),#11125);
#19661 = PRESENTATION_STYLE_ASSIGNMENT((#19662));
#19662 = SURFACE_STYLE_USAGE(.BOTH.,#19663);
#19663 = SURFACE_SIDE_STYLE('',(#19664));
#19664 = SURFACE_STYLE_FILL_AREA(#19665);
#19665 = FILL_AREA_STYLE('',(#19666));
#19666 = FILL_AREA_STYLE_COLOUR('',#18022);
#19667 = STYLED_ITEM('color',(#19668),#11227);
#19668 = PRESENTATION_STYLE_ASSIGNMENT((#19669));
#19669 = SURFACE_STYLE_USAGE(.BOTH.,#19670);
#19670 = SURFACE_SIDE_STYLE('',(#19671));
#19671 = SURFACE_STYLE_FILL_AREA(#19672);
#19672 = FILL_AREA_STYLE('',(#19673));
#19673 = FILL_AREA_STYLE_COLOUR('',#18022);
#19674 = STYLED_ITEM('color',(#19675),#11354);
#19675 = PRESENTATION_STYLE_ASSIGNMENT((#19676));
#19676 = SURFACE_STYLE_USAGE(.BOTH.,#19677);
#19677 = SURFACE_SIDE_STYLE('',(#19678));
#19678 = SURFACE_STYLE_FILL_AREA(#19679);
#19679 = FILL_AREA_STYLE('',(#19680));
#19680 = FILL_AREA_STYLE_COLOUR('',#18022);
#19681 = STYLED_ITEM('color',(#19682),#11631);
#19682 = PRESENTATION_STYLE_ASSIGNMENT((#19683));
#19683 = SURFACE_STYLE_USAGE(.BOTH.,#19684);
#19684 = SURFACE_SIDE_STYLE('',(#19685));
#19685 = SURFACE_STYLE_FILL_AREA(#19686);
#19686 = FILL_AREA_STYLE('',(#19687));
#19687 = FILL_AREA_STYLE_COLOUR('',#18022);
#19688 = STYLED_ITEM('color',(#19689),#11679);
#19689 = PRESENTATION_STYLE_ASSIGNMENT((#19690));
#19690 = SURFACE_STYLE_USAGE(.BOTH.,#19691);
#19691 = SURFACE_SIDE_STYLE('',(#19692));
#19692 = SURFACE_STYLE_FILL_AREA(#19693);
#19693 = FILL_AREA_STYLE('',(#19694));
#19694 = FILL_AREA_STYLE_COLOUR('',#18022);
#19695 = STYLED_ITEM('color',(#19696),#11741);
#19696 = PRESENTATION_STYLE_ASSIGNMENT((#19697));
#19697 = SURFACE_STYLE_USAGE(.BOTH.,#19698);
#19698 = SURFACE_SIDE_STYLE('',(#19699));
#19699 = SURFACE_STYLE_FILL_AREA(#19700);
#19700 = FILL_AREA_STYLE('',(#19701));
#19701 = FILL_AREA_STYLE_COLOUR('',#18022);
#19702 = STYLED_ITEM('color',(#19703),#11868);
#19703 = PRESENTATION_STYLE_ASSIGNMENT((#19704));
#19704 = SURFACE_STYLE_USAGE(.BOTH.,#19705);
#19705 = SURFACE_SIDE_STYLE('',(#19706));
#19706 = SURFACE_STYLE_FILL_AREA(#19707);
#19707 = FILL_AREA_STYLE('',(#19708));
#19708 = FILL_AREA_STYLE_COLOUR('',#18022);
#19709 = STYLED_ITEM('color',(#19710),#11916);
#19710 = PRESENTATION_STYLE_ASSIGNMENT((#19711));
#19711 = SURFACE_STYLE_USAGE(.BOTH.,#19712);
#19712 = SURFACE_SIDE_STYLE('',(#19713));
#19713 = SURFACE_STYLE_FILL_AREA(#19714);
#19714 = FILL_AREA_STYLE('',(#19715));
#19715 = FILL_AREA_STYLE_COLOUR('',#18022);
#19716 = STYLED_ITEM('color',(#19717),#11964);
#19717 = PRESENTATION_STYLE_ASSIGNMENT((#19718));
#19718 = SURFACE_STYLE_USAGE(.BOTH.,#19719);
#19719 = SURFACE_SIDE_STYLE('',(#19720));
#19720 = SURFACE_STYLE_FILL_AREA(#19721);
#19721 = FILL_AREA_STYLE('',(#19722));
#19722 = FILL_AREA_STYLE_COLOUR('',#18022);
ENDSEC;
END-ISO-10303-21;
